merchant_name,ads_count,total_volume,avg_finish_rate,avg_positive_rate,currency
Jesusfreitesm,821,16091600000,0.9952679658952497,0.9989142890499391,ARS
Marycrivero,683,13122800000,0.9916603221083455,0.997334410863836,ARS
EJLcryptos,696,13091726115,1.0,1.0,ARS
UnmoralCrypto,510,9996000000,0.981107843137255,0.9982232078431372,ARS
mdcoria,496,9721600000,0.9960282258064516,0.9983093629233871,ARS
MMlacuevadelpueblo,561,9149246405,0.8645597147950088,0.9790801272727273,ARS
ZALA96,429,8406600000,0.986897435897436,0.997644317086247,ARS
BAHIA_CRYPTO,438,8406500000,0.999,0.9994947339726028,ARS
Witi24,504,8056000000,0.9900496031746032,0.9963137386507936,ARS
andymm,491,7919733723,0.9908044806517312,0.9956628448065173,ARS
