merchant_name,ads_count,total_volume,avg_finish_rate,avg_positive_rate,currency
Jesusfreitesm,658,12896800000,0.9957370820668694,0.9989134964133739,ARS
Marycrivero,525,10086000000,0.9918780952380952,0.9973106544761904,ARS
EJLcryptos,514,9626810460,1.0,1.0,ARS
MMlacuevadelpueblo,488,8175751344,0.8666721311475409,0.9791707063319672,ARS
mdcoria,408,7996800000,0.9960343137254902,0.9983075825245098,ARS
UnmoralCrypto,375,7350000000,0.9815999999999999,0.9982127605066666,ARS
BAHIA_CRYPTO,379,7271500000,0.999,0.9994942770712402,ARS
edyseco,374,7106000000,0.9982914438502674,0.9966527062032084,ARS
ELARGENCRYPTO_777,348,6820800000,0.9410431034482759,1.0,ARS
ZALA96,334,6546400000,0.987562874251497,0.9976405664670659,ARS
