merchant_name,ads_count,total_volume,avg_finish_rate,avg_positive_rate,currency
Jesusfreitesm,902,17679200000,0.9950643015521065,0.998914677638581,ARS
Marycrivero,741,14238600000,0.9915357624831308,0.9973411919703105,ARS
EJLcryptos,750,14150126115,1.0,1.0,ARS
UnmoralCrypto,529,10368400000,0.9812476370510398,0.9982244208128545,ARS
mdcoria,517,10133200000,0.9960270793036751,0.9983097962282398,ARS
MMlacuevadelpueblo,561,9149246405,0.8645597147950088,0.9790801272727273,ARS
BAHIA_CRYPTO,458,8787500000,0.9989999999999999,0.9994948946069869,ARS
ZALA96,437,8563400000,0.9868627002288329,0.9976445688558352,ARS
andymm,522,8423733723,0.9907567049808428,0.9956650223180077,ARS
Witi24,505,8075600000,0.9900475247524753,0.996313775029703,ARS
