merchant_name,ads_count,total_volume,avg_finish_rate,avg_positive_rate,currency
Jesusfreitesm,903,17698800000,0.9950620155038759,0.9989146822702104,ARS
Marycrivero,742,14257600000,0.9915336927223719,0.9973413014824798,ARS
EJLcryptos,751,14169726115,1.0,1.0,ARS
UnmoralCrypto,529,10368400000,0.9812476370510398,0.9982244208128545,ARS
mdcoria,518,10152800000,0.9960270270270271,0.9983098166409266,ARS
MMlacuevadelpueblo,561,9149246405,0.8645597147950088,0.9790801272727273,ARS
BAHIA_CRYPTO,458,8787500000,0.9989999999999999,0.9994948946069869,ARS
ZALA96,438,8583000000,0.9868584474885844,0.9976445996803652,ARS
andymm,523,8439733723,0.9907552581261949,0.9956647950669216,ARS
Witi24,505,8075600000,0.9900475247524753,0.996313775029703,ARS
