merchant_name,ads_count,total_volume,avg_finish_rate,avg_positive_rate,currency
Jesusfreitesm,883,17306800000,0.9951087202718008,0.9989145876443941,ARS
EJLcryptos,738,13914926115,1.0,1.0,ARS
Marycrivero,724,13913200000,0.9915718232044199,0.997339300082873,ARS
UnmoralCrypto,525,10290000000,0.9812190476190475,0.9982241681904762,ARS
mdcoria,503,9858800000,0.996027833001988,0.9983095082107356,ARS
MMlacuevadelpueblo,561,9149246405,0.8645597147950088,0.9790801272727273,ARS
BAHIA_CRYPTO,457,8768500000,0.999,0.9994948865207878,ARS
ZALA96,435,8524200000,0.986871264367816,0.9976445067816092,ARS
andymm,514,8291733723,0.9907684824902724,0.9956668883657588,ARS
Witi24,504,8056000000,0.9900496031746032,0.9963137386507936,ARS
