merchant_name,ads_count,total_volume,avg_finish_rate,avg_positive_rate,currency
Jesusfreitesm,817,16013200000,0.9952790697674418,0.9989142695104039,ARS
Marycrivero,678,13027200000,0.9916725663716814,0.9973337844690267,ARS
EJLcryptos,664,12464526115,1.0,1.0,ARS
UnmoralCrypto,510,9996000000,0.981107843137255,0.9982232078431372,ARS
mdcoria,496,9721600000,0.9960282258064516,0.9983093629233871,ARS
MMlacuevadelpueblo,561,9149246405,0.8645597147950088,0.9790801272727273,ARS
BAHIA_CRYPTO,438,8406500000,0.999,0.9994947339726028,ARS
ZALA96,413,8093000000,0.9869709443099273,0.9976437842857142,ARS
Witi24,487,7818000000,0.9900862422997946,0.9963130973511293,ARS
andymm,478,7711733723,0.990826359832636,0.995659885125523,ARS
