merchant_name,ads_count,total_volume,avg_finish_rate,avg_positive_rate,currency
Jesusfreitesm,1135,22226800000,0.9943991189427313,0.9989156618325991,ARS
EJLcryptos,979,18576154574,1.0,1.0,ARS
Marycrivero,922,17712400000,0.9912462039045553,0.9973577184815619,ARS
UnmoralCrypto,746,14621600000,0.9819718498659518,0.9982353570777479,ARS
ZALA96,636,12364291000,0.9863459119496856,0.9976497715408805,ARS
mdcoria,630,12348000000,0.9960222222222223,0.9983123009523809,ARS
edyseco,631,11989000000,0.9985404120443739,0.9966485087163234,ARS
MMlacuevadelpueblo,667,10977309785,0.8600914542728636,0.9790167720689655,ARS
BAHIA_CRYPTO,565,10846000000,0.9989999999999999,0.9994956543539824,ARS
OSO-MASHA-CRIPTO,540,10584000000,0.9976407407407407,1.0,ARS
