merchant_name,ads_count,total_volume,avg_finish_rate,avg_positive_rate,currency
Jesusfreitesm,772,15131200000,0.9954119170984456,0.9989140440803109,ARS
Marycrivero,636,12221400000,0.9917610062893082,0.997328280754717,ARS
EJLcryptos,605,11338037296,1.0,1.0,ARS
UnmoralCrypto,480,9408000000,0.9808708333333332,0.9982212148333333,ARS
mdcoria,474,9290400000,0.9960295358649789,0.9983089035443038,ARS
MMlacuevadelpueblo,552,9050746405,0.8648333333333333,0.9790892266847827,ARS
BAHIA_CRYPTO,412,7905000000,0.999,0.999494522815534,ARS
ZALA96,403,7897000000,0.9870198511166253,0.9976434298014888,ARS
edyseco,394,7486000000,0.998276649746193,0.996654538502538,ARS
Witi24,469,7478800000,0.9901172707889127,0.9963123676545843,ARS
