merchant_name,ads_count,total_volume,avg_finish_rate,avg_positive_rate,currency
Jesusfreitesm,1624,30023800000,0.9936767241379311,0.9989176150307881,ARS
EJLcryptos,1318,25175315141,1.0,1.0,ARS
Marycrivero,1257,24165600000,0.9909681782020684,0.9973799064120923,ARS
UnmoralCrypto,1004,19678400000,0.9797988047808764,0.9982475047509961,ARS
ZALA96,832,16193291000,0.9865576923076923,0.9976547885697116,ARS
edyseco,811,15409000000,0.9986424167694204,0.9966473574475955,ARS
andymm,927,15353391289,0.9913225458468177,0.9956331617152103,ARS
OSO-MASHA-CRIPTO,766,15013600000,0.9979490861618798,1.0,ARS
mdcoria,757,14837200000,0.9962166446499339,0.9983126965653897,ARS
NoLagTransfer,951,14531782100,1.0,0.9992945528601472,ARS
