merchant_name,ads_count,total_volume,avg_finish_rate,avg_positive_rate,currency
Jesusfreitesm,1072,21011200000,0.9945727611940298,0.9989153982929105,ARS
EJLcryptos,908,17208878006,1.0,1.0,ARS
Marycrivero,875,16808600000,0.9913005714285714,0.9973539019428572,ARS
UnmoralCrypto,705,13818000000,0.9819205673758865,0.9982332770070922,ARS
ZALA96,600,11661091000,0.9863666666666666,0.9976489188333333,ARS
mdcoria,584,11446400000,0.9960239726027397,0.9983112044349316,ARS
edyseco,583,11077000000,0.9985025728987992,0.9966498859862778,ARS
BAHIA_CRYPTO,532,10205000000,0.9989999999999999,0.9994954232894736,ARS
MMlacuevadelpueblo,613,10037909785,0.8623034257748776,0.9790375767373573,ARS
NoLagTransfer,720,10004182100,1.0,0.9992931553611112,ARS
