merchant_name,ads_count,total_volume,avg_finish_rate,avg_positive_rate,currency
Jesusfreitesm,1214,23496800000,0.9942429983525535,0.9989160138467874,ARS
EJLcryptos,1038,19714154574,1.0,1.0,ARS
Marycrivero,985,18926800000,0.9911664974619289,0.997362463857868,ARS
UnmoralCrypto,754,14778400000,0.9818978779840849,0.9982357868169762,ARS
edyseco,711,13509000000,0.998592123769339,0.9966472206329114,ARS
ZALA96,673,13076891000,0.9863536404160476,0.997650715052006,ARS
mdcoria,658,12896800000,0.9960212765957446,0.9983129852279635,ARS
BAHIA_CRYPTO,609,11697500000,0.9990689655172413,0.9994959710016421,ARS
OSO-MASHA-CRIPTO,585,11466000000,0.9977452991452992,1.0,ARS
MMlacuevadelpueblo,689,11391309785,0.8591625544267053,0.9790033638751814,ARS
