merchant_name,ads_count,total_volume,avg_finish_rate,avg_positive_rate,currency
Jesusfreitesm,970,19012000000,0.9948515463917526,0.9989149713608247,ARS
EJLcryptos,805,15228126115,1.0,1.0,ARS
Marycrivero,791,15195800000,0.9914386852085967,0.9973463326675095,ARS
UnmoralCrypto,626,12269600000,0.9817300319488818,0.9982295895686901,ARS
mdcoria,532,10427200000,0.9960263157894736,0.9983101014097745,ARS
ZALA96,528,10314600000,0.9865416666666667,0.9976470672916666,ARS
BAHIA_CRYPTO,525,10072000000,0.999,0.999495377352381,ARS
MMlacuevadelpueblo,561,9149246405,0.8645597147950088,0.9790801272727273,ARS
andymm,559,9051733723,0.9907066189624328,0.9956574281037567,ARS
Witi24,541,8781200000,0.9899168207024028,0.9963150255452865,ARS
