merchant_name,ads_count,total_volume,avg_finish_rate,avg_positive_rate,currency
Jesusfreitesm,1187,23044400000,0.9942940185341197,0.9989158939595619,ARS
EJLcryptos,1029,19537754574,1.0,1.0,ARS
Marycrivero,967,18580600000,0.9911882109617374,0.9973611401240952,ARS
UnmoralCrypto,754,14778400000,0.9818978779840849,0.9982357868169762,ARS
edyseco,686,13034000000,0.9985772594752187,0.9966474846501457,ARS
ZALA96,662,12866691000,0.9863429003021147,0.9976504289425983,ARS
mdcoria,632,12387200000,0.9960221518987341,0.9983123488607596,ARS
BAHIA_CRYPTO,598,11486500000,0.999051839464883,0.9994958938127091,ARS
MMlacuevadelpueblo,689,11391309785,0.8591625544267053,0.9790033638751814,ARS
OSO-MASHA-CRIPTO,564,11054400000,0.9976985815602837,1.0,ARS
