merchant_name,ads_count,total_volume,avg_finish_rate,avg_positive_rate,currency
Jesusfreitesm,702,13759200000,0.9956524216524216,0.9989137032051282,ARS
Marycrivero,568,10913800000,0.9918556338028169,0.9973181593485915,ARS
EJLcryptos,555,10417343146,1.0,1.0,ARS
UnmoralCrypto,470,9212000000,0.9808808510638298,0.9982205047872341,ARS
MMlacuevadelpueblo,525,8627870524,0.865687619047619,0.9791197468380952,ARS
mdcoria,440,8624000000,0.9960318181818182,0.9983081920909092,ARS
Witi24,469,7478800000,0.9901172707889127,0.9963123676545843,ARS
BAHIA_CRYPTO,389,7462000000,0.999,0.9994943492544986,ARS
ZALA96,368,7212800000,0.987233695652174,0.997642111576087,ARS
ELARGENCRYPTO_777,364,7134400000,0.9399862637362638,1.0,ARS
