merchant_name,ads_count,total_volume,avg_finish_rate,avg_positive_rate,currency
Jesusfreitesm,871,17071600000,0.9951377726750861,0.9989145292766936,ARS
Marycrivero,723,13894200000,0.9915739972337483,0.9973391862932227,ARS
EJLcryptos,733,13816926115,1.0,1.0,ARS
UnmoralCrypto,516,10113600000,0.9811531007751938,0.9982235986821705,ARS
mdcoria,500,9800000000,0.996028,0.99830944616,ARS
MMlacuevadelpueblo,561,9149246405,0.8645597147950088,0.9790801272727273,ARS
BAHIA_CRYPTO,457,8768500000,0.999,0.9994948865207878,ARS
ZALA96,435,8524200000,0.986871264367816,0.9976445067816092,ARS
andymm,509,8207733723,0.9907760314341847,0.9956667399214145,ARS
Witi24,504,8056000000,0.9900496031746032,0.9963137386507936,ARS
