merchant_name,ads_count,total_volume,avg_finish_rate,avg_positive_rate,currency
Jesusfreitesm,773,15150800000,0.9954087968952134,0.9989140492108667,ARS
Marycrivero,638,12259400000,0.9917554858934169,0.9973285550783699,ARS
EJLcryptos,608,11386954542,1.0,1.0,ARS
UnmoralCrypto,481,9427600000,0.9808731808731809,0.9982212846361747,ARS
mdcoria,479,9388400000,0.9960292275574113,0.9983090070563674,ARS
MMlacuevadelpueblo,555,9109546405,0.8647387387387387,0.9790861261081081,ARS
BAHIA_CRYPTO,414,7943500000,0.999,0.9994945384541063,ARS
ZALA96,403,7897000000,0.9870198511166253,0.9976434298014888,ARS
edyseco,396,7524000000,0.9982752525252525,0.9966547237878788,ARS
Witi24,469,7478800000,0.9901172707889127,0.9963123676545843,ARS
