merchant_name,ads_count,total_volume,avg_finish_rate,avg_positive_rate,currency
Jesusfreitesm,970,19012000000,0.9948515463917526,0.9989149713608247,ARS
EJLcryptos,810,15326126115,1.0,1.0,ARS
Marycrivero,796,15291400000,0.991429648241206,0.997346815,ARS
UnmoralCrypto,626,12269600000,0.9817300319488818,0.9982295895686901,ARS
mdcoria,537,10525200000,0.9960260707635009,0.9983102018621973,ARS
ZALA96,535,10448800000,0.9865214953271028,0.9976472332523365,ARS
BAHIA_CRYPTO,530,10167000000,0.999,0.9994954102075472,ARS
MMlacuevadelpueblo,561,9149246405,0.8645597147950088,0.9790801272727273,ARS
andymm,559,9051733723,0.9907066189624328,0.9956574281037567,ARS
OSO-MASHA-CRIPTO,449,8800400000,0.9973652561247216,1.0,ARS
