merchant_name,ads_count,total_volume,avg_finish_rate,avg_positive_rate,currency
Jesusfreitesm,1159,22591600000,0.9943494391716997,0.9989157689387403,ARS
EJLcryptos,991,18811354574,1.0,1.0,ARS
Marycrivero,936,17982600000,0.9912275641025641,0.9973588086538462,ARS
UnmoralCrypto,750,14700000000,0.9819346666666667,0.9982355730933333,ARS
ZALA96,638,12402891000,0.9863448275862069,0.9976498220376175,ARS
edyseco,652,12388000000,0.9985552147239264,0.996648085,ARS
mdcoria,630,12348000000,0.9960222222222223,0.9983123009523809,ARS
MMlacuevadelpueblo,688,11371709785,0.8592034883720929,0.9790039512936047,ARS
BAHIA_CRYPTO,582,11177500000,0.9990257731958763,0.999495779742268,ARS
OSO-MASHA-CRIPTO,550,10780000000,0.9976654545454545,1.0,ARS
