merchant_name,ads_count,total_volume,avg_finish_rate,avg_positive_rate,currency
Jesusfreitesm,1211,23447600000,0.9942485549132949,0.9989160005780346,ARS
EJLcryptos,1034,19635754574,1.0,1.0,ARS
Marycrivero,984,18907200000,0.9911676829268292,0.9973623910162602,ARS
UnmoralCrypto,754,14778400000,0.9818978779840849,0.9982357868169762,ARS
edyseco,707,13433000000,0.9985898161244696,0.9966472484724187,ARS
ZALA96,673,13076891000,0.9863536404160476,0.997650715052006,ARS
mdcoria,653,12798800000,0.9960214395099541,0.9983128649770292,ARS
BAHIA_CRYPTO,604,11602000000,0.9990612582781457,0.9994959360761589,ARS
OSO-MASHA-CRIPTO,584,11446400000,0.9977431506849316,1.0,ARS
MMlacuevadelpueblo,689,11391309785,0.8591625544267053,0.9790033638751814,ARS
