merchant_name,ads_count,total_volume,avg_finish_rate,avg_positive_rate,currency
Jesusfreitesm,662,12975200000,0.9957326283987915,0.9989135150604229,ARS
Marycrivero,525,10086000000,0.9918780952380952,0.9973106544761904,ARS
EJLcryptos,526,9862010460,1.0,1.0,ARS
MMlacuevadelpueblo,495,8232330174,0.8664787878787878,0.9791603257373737,ARS
mdcoria,408,7996800000,0.9960343137254902,0.9983075825245098,ARS
UnmoralCrypto,402,7879200000,0.9813582089552239,0.9982153252487562,ARS
BAHIA_CRYPTO,388,7442500000,0.9990000000000001,0.9994943418298969,ARS
edyseco,374,7106000000,0.9982914438502674,0.9966527062032084,ARS
ELARGENCRYPTO_777,356,6977600000,0.940502808988764,1.0,ARS
ZALA96,346,6781600000,0.9874393063583815,0.9976411464739885,ARS
