merchant_name,ads_count,total_volume,avg_finish_rate,avg_positive_rate,currency
Jesusfreitesm,819,16052400000,0.9952735042735043,0.9989142793040293,ARS
Marycrivero,680,13065200000,0.9916676470588235,0.9973340361323529,ARS
EJLcryptos,692,13013326115,1.0,1.0,ARS
UnmoralCrypto,510,9996000000,0.981107843137255,0.9982232078431372,ARS
mdcoria,496,9721600000,0.9960282258064516,0.9983093629233871,ARS
MMlacuevadelpueblo,561,9149246405,0.8645597147950088,0.9790801272727273,ARS
BAHIA_CRYPTO,438,8406500000,0.999,0.9994947339726028,ARS
ZALA96,427,8367400000,0.9869063231850117,0.9976442526697892,ARS
Witi24,504,8056000000,0.9900496031746032,0.9963137386507936,ARS
andymm,491,7919733723,0.9908044806517312,0.9956628448065173,ARS
