merchant_name,ads_count,total_volume,avg_finish_rate,avg_positive_rate,currency
Jesusfreitesm,1374,26290800000,0.9939818049490539,0.9989166657569142,ARS
EJLcryptos,1149,21889754574,1.0,1.0,ARS
Marycrivero,1064,20445800000,0.9910864661654136,0.9973679676033835,ARS
UnmoralCrypto,859,16836400000,0.9811338766006985,0.9982409142607683,ARS
ZALA96,742,14429291000,0.9864137466307278,0.9976526206334233,ARS
edyseco,730,13870000000,0.9986027397260274,0.9966471061232877,ARS
mdcoria,682,13367200000,0.9960205278592374,0.998313542771261,ARS
BAHIA_CRYPTO,659,12649500000,0.9991396054628224,0.9994963027162367,ARS
OSO-MASHA-CRIPTO,639,12524400000,0.9978513302034429,1.0,ARS
NoLagTransfer,827,12101382100,1.0,0.9992938688391777,ARS
