merchant_name,ads_count,total_volume,avg_finish_rate,avg_positive_rate,currency
Jesusfreitesm,684,13406400000,0.9956973684210526,0.9989136163888889,ARS
Marycrivero,550,10567600000,0.9918836363636363,0.9973151312,ARS
EJLcryptos,546,10254010460,1.0,1.0,ARS
UnmoralCrypto,463,9074800000,0.9809157667386609,0.9982200281425486,ARS
MMlacuevadelpueblo,510,8353570524,0.8660823529411764,0.9791390411568627,ARS
mdcoria,408,7996800000,0.9960343137254902,0.9983075825245098,ARS
BAHIA_CRYPTO,388,7442500000,0.9990000000000001,0.9994943418298969,ARS
Witi24,462,7341600000,0.9901082251082252,0.9963121109740259,ARS
ZALA96,367,7193200000,0.9872425068119891,0.9976420702179836,ARS
ELARGENCRYPTO_777,363,7114800000,0.9400495867768595,1.0,ARS
