merchant_name,ads_count,total_volume,avg_finish_rate,avg_positive_rate,currency
Jesusfreitesm,1560,29047800000,0.9937455128205128,0.9989173731730768,ARS
EJLcryptos,1304,24904725303,1.0,1.0,ARS
Marycrivero,1194,22953600000,0.9909706867671693,0.9973762328308209,ARS
UnmoralCrypto,1004,19678400000,0.9797988047808764,0.9982475047509961,ARS
ZALA96,807,15703291000,0.9865130111524163,0.9976542141140026,ARS
edyseco,772,14668000000,0.9986243523316062,0.9966470964119171,ARS
OSO-MASHA-CRIPTO,732,14347200000,0.9979275956284153,1.0,ARS
mdcoria,732,14347200000,0.996155737704918,0.9983141999863389,ARS
andymm,861,14230283764,0.9911173054587689,0.9956334698025552,ARS
NoLagTransfer,924,14002582100,1.0,0.9992944123701298,ARS
