merchant_name,ads_count,total_volume,avg_finish_rate,avg_positive_rate,currency
Jesusfreitesm,1167,22729200000,0.9943333333333333,0.9989158046615252,ARS
EJLcryptos,1014,19262154574,1.0,1.0,ARS
Marycrivero,938,18021200000,0.991224946695096,0.9973589627078892,ARS
UnmoralCrypto,750,14700000000,0.9819346666666667,0.9982355730933333,ARS
ZALA96,655,12733091000,0.9863358778625954,0.9976502471450382,ARS
edyseco,662,12578000000,0.9985619335347432,0.9966478973111782,ARS
mdcoria,630,12348000000,0.9960222222222223,0.9983123009523809,ARS
MMlacuevadelpueblo,689,11391309785,0.8591625544267053,0.9790033638751814,ARS
BAHIA_CRYPTO,585,11236000000,0.9990307692307692,0.9994958013846154,ARS
NoLagTransfer,765,10886182100,1.0,0.999293472627451,ARS
