merchant_name,ads_count,total_volume,avg_finish_rate,avg_positive_rate,currency
Jesusfreitesm,698,13680800000,0.9956633237822349,0.9989136832521489,ARS
Marycrivero,561,10779000000,0.9918663101604278,0.9973169999465241,ARS
EJLcryptos,551,10352010460,1.0,1.0,ARS
UnmoralCrypto,467,9153200000,0.9808929336188437,0.9982203041327623,ARS
MMlacuevadelpueblo,521,8561570524,0.8658023032629558,0.9791247078119002,ARS
mdcoria,426,8349600000,0.9960328638497653,0.9983079096948356,ARS
Witi24,469,7478800000,0.9901172707889127,0.9963123676545843,ARS
BAHIA_CRYPTO,388,7442500000,0.9990000000000001,0.9994943418298969,ARS
ZALA96,368,7212800000,0.987233695652174,0.997642111576087,ARS
ELARGENCRYPTO_777,364,7134400000,0.9399862637362638,1.0,ARS
