merchant_name,ads_count,total_volume,avg_finish_rate,avg_positive_rate,currency
Jesusfreitesm,686,13445600000,0.9956924198250728,0.9989136256122448,ARS
Marycrivero,552,10606200000,0.9918804347826088,0.9973154748913043,ARS
EJLcryptos,547,10273610460,1.0,1.0,ARS
UnmoralCrypto,463,9074800000,0.9809157667386609,0.9982200281425486,ARS
MMlacuevadelpueblo,510,8353570524,0.8660823529411764,0.9791390411568627,ARS
mdcoria,408,7996800000,0.9960343137254902,0.9983075825245098,ARS
BAHIA_CRYPTO,388,7442500000,0.9990000000000001,0.9994943418298969,ARS
Witi24,463,7361200000,0.9901101511879049,0.9963121462203024,ARS
ZALA96,368,7212800000,0.987233695652174,0.997642111576087,ARS
ELARGENCRYPTO_777,363,7114800000,0.9400495867768595,1.0,ARS
