merchant_name,ads_count,total_volume,avg_finish_rate,avg_positive_rate,currency
Jesusfreitesm,886,17365600000,0.9951015801354401,0.9989146021106095,ARS
Marycrivero,726,13951200000,0.9915674931129477,0.9973395267217631,ARS
EJLcryptos,739,13934526115,1.0,1.0,ARS
UnmoralCrypto,526,10309600000,0.9812262357414449,0.9982242302661598,ARS
mdcoria,503,9858800000,0.996027833001988,0.9983095082107356,ARS
MMlacuevadelpueblo,561,9149246405,0.8645597147950088,0.9790801272727273,ARS
BAHIA_CRYPTO,457,8768500000,0.999,0.9994948865207878,ARS
ZALA96,435,8524200000,0.986871264367816,0.9976445067816092,ARS
andymm,516,8323733723,0.9907655038759691,0.9956664123837208,ARS
Witi24,504,8056000000,0.9900496031746032,0.9963137386507936,ARS
