merchant_name,ads_count,total_volume,avg_finish_rate,avg_positive_rate,currency
Jesusfreitesm,1009,19776400000,0.9947413280475718,0.9989151287115956,ARS
EJLcryptos,870,16486111725,1.0,1.0,ARS
Marycrivero,836,16061000000,0.9913612440191388,0.9973505026435406,ARS
UnmoralCrypto,661,12955600000,0.9817972768532526,0.9982310971860817,ARS
mdcoria,568,11132800000,0.9960246478873239,0.9983108471830985,ARS
ZALA96,572,11121291000,0.9864178321678322,0.9976482026223776,ARS
edyseco,538,10222000000,0.998460966542751,0.9966520382156134,ARS
BAHIA_CRYPTO,532,10205000000,0.9989999999999999,0.9994954232894736,ARS
MMlacuevadelpueblo,584,9564846405,0.863625,0.9790586216780822,ARS
OSO-MASHA-CRIPTO,478,9368800000,0.9974644351464436,1.0,ARS
