merchant_name,ads_count,total_volume,avg_finish_rate,avg_positive_rate,currency
Jesusfreitesm,970,19012000000,0.9948515463917526,0.9989149713608247,ARS
EJLcryptos,812,15365326115,1.0,1.0,ARS
Marycrivero,798,15330000000,0.9914260651629073,0.9973470062406016,ARS
UnmoralCrypto,626,12269600000,0.9817300319488818,0.9982295895686901,ARS
mdcoria,539,10564400000,0.9960259740259739,0.9983102424860855,ARS
ZALA96,537,10486800000,0.9865158286778398,0.9976472823649908,ARS
BAHIA_CRYPTO,532,10205000000,0.9989999999999999,0.9994954232894736,ARS
MMlacuevadelpueblo,561,9149246405,0.8645597147950088,0.9790801272727273,ARS
andymm,559,9051733723,0.9907066189624328,0.9956574281037567,ARS
OSO-MASHA-CRIPTO,451,8839600000,0.9973725055432372,1.0,ARS
