merchant_name,ads_count,total_volume,avg_finish_rate,avg_positive_rate,currency
Jesusfreitesm,961,18835600000,0.9948782518210197,0.9989149344120708,ARS
EJLcryptos,788,14894926115,1.0,1.0,ARS
Marycrivero,774,14868000000,0.9914702842377261,0.9973446564599484,ARS
UnmoralCrypto,626,12269600000,0.9817300319488818,0.9982295895686901,ARS
mdcoria,526,10309600000,0.9960266159695816,0.9983099785361216,ARS
ZALA96,511,9989200000,0.9865929549902153,0.9976466490215264,ARS
BAHIA_CRYPTO,509,9766000000,0.999,0.9994952708644401,ARS
MMlacuevadelpueblo,561,9149246405,0.8645597147950088,0.9790801272727273,ARS
andymm,548,8853733723,0.990720802919708,0.9956595091605839,ARS
Witi24,538,8722400000,0.9899219330855018,0.9963149087360595,ARS
