merchant_name,ads_count,total_volume,avg_finish_rate,avg_positive_rate,currency
Jesusfreitesm,1254,24156000000,0.9941714513556619,0.9989161889633174,ARS
EJLcryptos,1071,20360954574,1.0,1.0,ARS
Marycrivero,1000,19217200000,0.9911559999999999,0.9973635539,ARS
UnmoralCrypto,772,15131200000,0.9817603626943004,0.998236754507772,ARS
edyseco,730,13870000000,0.9986027397260274,0.9966471061232877,ARS
ZALA96,691,13429691000,0.986370477568741,0.9976512405065122,ARS
mdcoria,674,13210400000,0.9960207715133531,0.9983133601186943,ARS
BAHIA_CRYPTO,633,12155500000,0.9991042654028436,0.9994961353870458,ARS
OSO-MASHA-CRIPTO,603,11818800000,0.9977827529021559,1.0,ARS
NoLagTransfer,791,11395782100,1.0,0.9992936453223767,ARS
