merchant_name,ads_count,total_volume,avg_finish_rate,avg_positive_rate,currency
Jesusfreitesm,1696,31127800000,0.9936079009433961,0.9989179157488207,ARS
EJLcryptos,1373,26253315141,1.0,1.0,ARS
Marycrivero,1338,25723200000,0.9909701046337817,0.9973844486098654,ARS
UnmoralCrypto,1162,22367200000,0.9776643717728055,0.998256938605852,ARS
edyseco,930,17670000000,0.9986881720430107,0.9966498293548387,ARS
ZALA96,885,17232091000,0.9866983050847458,0.9976560371864407,ARS
mdcoria,851,16679600000,0.9964136310223266,0.9983118715746181,ARS
andymm,981,16346391289,0.9914699286442406,0.9956344719266056,ARS
OSO-MASHA-CRIPTO,822,16111200000,0.9980352798053528,1.0,ARS
NoLagTransfer,1006,15609782100,1.0,0.9992948271868787,ARS
