merchant_name,ads_count,total_volume,avg_finish_rate,avg_positive_rate,currency
Jesusfreitesm,1643,30271400000,0.9936573341448569,0.9989176907486306,ARS
EJLcryptos,1320,25214515141,1.0,1.0,ARS
Marycrivero,1274,24495200000,0.9909686028257456,0.99738087922292,ARS
UnmoralCrypto,1047,20521200000,0.9793629417383,0.9982501904775548,ARS
ZALA96,833,16212891000,0.9865594237695078,0.9976548112004803,ARS
edyseco,845,16055000000,0.9986568047337279,0.9966477944970414,ARS
andymm,951,15797391289,0.9913901156677182,0.9956335038380651,ARS
mdcoria,805,15778000000,0.9963229813664596,0.9983106096149068,ARS
OSO-MASHA-CRIPTO,784,15366400000,0.9979732142857142,1.0,ARS
NoLagTransfer,970,14904182100,1.0,0.9992946489690722,ARS
