merchant_name,ads_count,total_volume,avg_finish_rate,avg_positive_rate,currency
Jesusfreitesm,1376,26330000000,0.9939789244186046,0.9989166734084303,ARS
EJLcryptos,1159,22085754574,1.0,1.0,ARS
Marycrivero,1065,20464800000,0.9910854460093897,0.9973680332300471,ARS
UnmoralCrypto,867,16993200000,0.9810749711649366,0.998241286816609,ARS
ZALA96,742,14429291000,0.9864137466307278,0.9976526206334233,ARS
edyseco,730,13870000000,0.9986027397260274,0.9966471061232877,ARS
mdcoria,682,13367200000,0.9960205278592374,0.998313542771261,ARS
OSO-MASHA-CRIPTO,652,12779200000,0.9978742331288344,1.0,ARS
BAHIA_CRYPTO,659,12649500000,0.9991396054628224,0.9994963027162367,ARS
andymm,737,12169886426,0.9907856173677069,0.9956383812211669,ARS
