merchant_name,ads_count,total_volume,avg_finish_rate,avg_positive_rate,currency
Jesusfreitesm,1255,24175600000,0.9941697211155378,0.9989161932031871,ARS
EJLcryptos,1072,20380554574,1.0,1.0,ARS
Marycrivero,1000,19217200000,0.9911559999999999,0.9973635539,ARS
UnmoralCrypto,774,15170400000,0.9817454780361757,0.9982368581136951,ARS
edyseco,730,13870000000,0.9986027397260274,0.9966471061232877,ARS
ZALA96,693,13468891000,0.9863722943722945,0.9976512984559884,ARS
mdcoria,674,13210400000,0.9960207715133531,0.9983133601186943,ARS
BAHIA_CRYPTO,634,12174500000,0.9991056782334384,0.9994961420189273,ARS
OSO-MASHA-CRIPTO,603,11818800000,0.9977827529021559,1.0,ARS
NoLagTransfer,793,11434982100,1.0,0.9992936582723834,ARS
