merchant_name,ads_count,total_volume,avg_finish_rate,avg_positive_rate,currency
Jesusfreitesm,1179,22916400000,0.9943095843935538,0.9989158581933841,ARS
EJLcryptos,1025,19468554574,1.0,1.0,ARS
Marycrivero,958,18407200000,0.9911993736951983,0.9973604724634656,ARS
UnmoralCrypto,750,14700000000,0.9819346666666667,0.9982355730933333,ARS
edyseco,679,12901000000,0.9985729013254786,0.9966475948159057,ARS
ZALA96,657,12771691000,0.986337899543379,0.9976502994824962,ARS
mdcoria,630,12348000000,0.9960222222222223,0.9983123009523809,ARS
MMlacuevadelpueblo,689,11391309785,0.8591625544267053,0.9790033638751814,ARS
BAHIA_CRYPTO,589,11313000000,0.9990373514431239,0.9994958298981326,ARS
OSO-MASHA-CRIPTO,560,10976000000,0.9976892857142857,1.0,ARS
