merchant_name,ads_count,total_volume,avg_finish_rate,avg_positive_rate,currency
Jesusfreitesm,1646,30311000000,0.9936543134872419,0.9989177033778858,ARS
EJLcryptos,1320,25214515141,1.0,1.0,ARS
Marycrivero,1284,24685800000,0.990968847352025,0.9973814470015577,ARS
UnmoralCrypto,1063,20834800000,0.9792069614299153,0.998251201806209,ARS
edyseco,865,16435000000,0.9986647398843931,0.9966481675953758,ARS
ZALA96,843,16408891000,0.9865836298932383,0.9976550436892052,ARS
andymm,954,15854391289,0.991398322851153,0.9956335895807128,ARS
mdcoria,806,15797600000,0.9963250620347395,0.9983106370347394,ARS
OSO-MASHA-CRIPTO,792,15523200000,0.9979835858585859,1.0,ARS
NoLagTransfer,971,14923782100,1.0,0.9992946539340886,ARS
