merchant_name,ads_count,total_volume,avg_finish_rate,avg_positive_rate,currency
Jesusfreitesm,1501,28179400000,0.9938141239173883,0.9989171513391072,ARS
EJLcryptos,1296,24747925303,1.0,1.0,ARS
Marycrivero,1142,21950000000,0.9910148861646235,0.9973730232486864,ARS
UnmoralCrypto,992,19443200000,0.9799173387096773,0.9982469482358871,ARS
ZALA96,793,15428891000,0.9864867591424968,0.9976538847540983,ARS
edyseco,772,14668000000,0.9986243523316062,0.9966470964119171,ARS
mdcoria,727,14249200000,0.9961430536451169,0.9983145181430537,ARS
OSO-MASHA-CRIPTO,723,14170800000,0.9979266943291839,1.0,ARS
andymm,851,14070283764,0.9910834312573443,0.9956336625146887,ARS
BAHIA_CRYPTO,698,13405000000,0.9991876790830946,0.9994965416189111,ARS
