merchant_name,ads_count,total_volume,avg_finish_rate,avg_positive_rate,currency
Jesusfreitesm,702,13759200000,0.9956524216524216,0.9989137032051282,ARS
Marycrivero,569,10932800000,0.991854130052724,0.9973183230931459,ARS
EJLcryptos,555,10417343146,1.0,1.0,ARS
UnmoralCrypto,471,9231600000,0.9808768577494692,0.998220573269639,ARS
mdcoria,441,8643600000,0.996031746031746,0.9983082125850341,ARS
MMlacuevadelpueblo,525,8627870524,0.865687619047619,0.9791197468380952,ARS
Witi24,469,7478800000,0.9901172707889127,0.9963123676545843,ARS
BAHIA_CRYPTO,389,7462000000,0.999,0.9994943492544986,ARS
ZALA96,368,7212800000,0.987233695652174,0.997642111576087,ARS
ELARGENCRYPTO_777,364,7134400000,0.9399862637362638,1.0,ARS
