merchant_name,ads_count,total_volume,avg_finish_rate,avg_positive_rate,currency
Jesusfreitesm,1036,20305600000,0.9946698841698842,0.9989152442567567,ARS
EJLcryptos,888,16816878006,1.0,1.0,ARS
Marycrivero,858,16482000000,0.9913263403263404,0.9973524459906761,ARS
UnmoralCrypto,689,13504400000,0.9818722786647315,0.998232496444122,ARS
mdcoria,580,11368000000,0.9960241379310344,0.9983111139310346,ARS
ZALA96,574,11160491000,0.9864128919860627,0.9976482560975609,ARS
edyseco,564,10716000000,0.9984858156028368,0.9966506363297872,ARS
BAHIA_CRYPTO,532,10205000000,0.9989999999999999,0.9994954232894736,ARS
MMlacuevadelpueblo,597,9782846405,0.8630234505862647,0.9790475169179229,ARS
andymm,591,9595886426,0.990668358714044,0.9956521560406091,ARS
