merchant_name,ads_count,total_volume,avg_finish_rate,avg_positive_rate,currency
Jesusfreitesm,1573,29235400000,0.9937310870947234,0.9989174223394787,ARS
EJLcryptos,1308,24983125303,1.0,1.0,ARS
Marycrivero,1201,23089000000,0.9909666944213156,0.9973766508492923,ARS
UnmoralCrypto,1004,19678400000,0.9797988047808764,0.9982475047509961,ARS
ZALA96,814,15840491000,0.9865257985257986,0.9976543745454545,ARS
edyseco,777,14763000000,0.9986267696267697,0.9966471281081081,ARS
mdcoria,740,14504000000,0.9961756756756757,0.9983137070675676,ARS
OSO-MASHA-CRIPTO,739,14484400000,0.9979282814614344,1.0,ARS
andymm,871,14383283764,0.991150401836969,0.9956333220665902,ARS
NoLagTransfer,924,14002582100,1.0,0.9992944123701298,ARS
