merchant_name,ads_count,total_volume,avg_finish_rate,avg_positive_rate,currency
Jesusfreitesm,1669,30675400000,0.9936339125224686,0.9989178000958658,ARS
EJLcryptos,1364,26076915141,1.0,1.0,ARS
Marycrivero,1319,25358600000,0.9909696739954511,0.9973833895147839,ARS
UnmoralCrypto,1149,22207600000,0.9779677980852916,0.9982561935422105,ARS
edyseco,904,17176000000,0.9986792035398231,0.9966490386615043,ARS
ZALA96,877,17075291000,0.9866773090079818,0.9976558326225771,ARS
mdcoria,833,16326800000,0.9963793517406964,0.9983113778031213,ARS
andymm,970,16143391289,0.991441237113402,0.9956340710618558,ARS
OSO-MASHA-CRIPTO,814,15954400000,0.9980159705159705,1.0,ARS
NoLagTransfer,1000,15492182100,1.0,0.99929479684,ARS
