merchant_name,ads_count,total_volume,avg_finish_rate,avg_positive_rate,currency
Jesusfreitesm,1544,28811000000,0.9937636010362695,0.9989173139443005,ARS
EJLcryptos,1296,24747925303,1.0,1.0,ARS
Marycrivero,1182,22723200000,0.9909805414551607,0.9973755088155669,ARS
UnmoralCrypto,1004,19678400000,0.9797988047808764,0.9982475047509961,ARS
ZALA96,803,15624891000,0.986505603985056,0.9976541211830635,ARS
edyseco,772,14668000000,0.9986243523316062,0.9966470964119171,ARS
mdcoria,729,14288400000,0.9961481481481481,0.9983143902743484,ARS
OSO-MASHA-CRIPTO,728,14268800000,0.9979271978021977,1.0,ARS
andymm,861,14230283764,0.9911173054587689,0.9956334698025552,ARS
NoLagTransfer,924,14002582100,1.0,0.9992944123701298,ARS
