merchant_name,ads_count,total_volume,avg_finish_rate,avg_positive_rate,currency
Jesusfreitesm,1061,20795600000,0.9946069745523092,0.9989153519321395,ARS
EJLcryptos,895,16954078006,1.0,1.0,ARS
Marycrivero,869,16693400000,0.9913095512082853,0.9973533927502878,ARS
UnmoralCrypto,697,13661200000,0.981896700143472,0.998232891205165,ARS
ZALA96,589,11447891000,0.9863769100169779,0.9976486455857385,ARS
mdcoria,584,11446400000,0.9960239726027397,0.9983112044349316,ARS
edyseco,580,11020000000,0.9984999999999999,0.9966499958275863,ARS
BAHIA_CRYPTO,532,10205000000,0.9989999999999999,0.9994954232894736,ARS
MMlacuevadelpueblo,611,9998709785,0.8623895253682488,0.979038316792144,ARS
andymm,606,9857886426,0.9906386138613862,0.9956500506270626,ARS
