merchant_name,ads_count,total_volume,avg_finish_rate,avg_positive_rate,currency
Jesusfreitesm,1581,29353800000,0.9937223276407338,0.9989174526375711,ARS
EJLcryptos,1308,24983125303,1.0,1.0,ARS
Marycrivero,1201,23089000000,0.9909666944213156,0.9973766508492923,ARS
UnmoralCrypto,1004,19678400000,0.9797988047808764,0.9982475047509961,ARS
ZALA96,816,15879691000,0.9865294117647059,0.9976544198774511,ARS
edyseco,780,14820000000,0.998628205128205,0.9966471476923078,ARS
mdcoria,744,14582400000,0.9961854838709678,0.9983134651478495,ARS
OSO-MASHA-CRIPTO,743,14562800000,0.9979286675639301,1.0,ARS
andymm,876,14459283764,0.9911666666666666,0.9956332649885845,ARS
NoLagTransfer,924,14002582100,1.0,0.9992944123701298,ARS
