merchant_name,ads_count,total_volume,avg_finish_rate,avg_positive_rate,currency
Jesusfreitesm,1185,23005200000,0.9942978902953586,0.998915885021097,ARS
EJLcryptos,1029,19537754574,1.0,1.0,ARS
Marycrivero,963,18503400000,0.9911931464174455,0.997360843073728,ARS
UnmoralCrypto,752,14739200000,0.9819162234042552,0.9982356802393616,ARS
edyseco,682,12958000000,0.9985747800586511,0.9966475457184751,ARS
ZALA96,660,12828691000,0.9863409090909091,0.9976503773939394,ARS
mdcoria,632,12387200000,0.9960221518987341,0.9983123488607596,ARS
BAHIA_CRYPTO,595,11428500000,0.9990470588235294,0.9994958724033614,ARS
MMlacuevadelpueblo,689,11391309785,0.8591625544267053,0.9790033638751814,ARS
OSO-MASHA-CRIPTO,563,11034800000,0.9976962699822379,1.0,ARS
