merchant_name,ads_count,total_volume,avg_finish_rate,avg_positive_rate,currency
Jesusfreitesm,1352,25965200000,0.9940140532544378,0.9989165812795858,ARS
EJLcryptos,1132,21556554574,1.0,1.0,ARS
Marycrivero,1053,20236800000,0.9910978157644824,0.9973672374833807,ARS
UnmoralCrypto,849,16640400000,0.9812073027090694,0.9982404479623086,ARS
ZALA96,737,14331291000,0.9864097693351426,0.9976524937720488,ARS
edyseco,730,13870000000,0.9986027397260274,0.9966471061232877,ARS
mdcoria,682,13367200000,0.9960205278592374,0.998313542771261,ARS
BAHIA_CRYPTO,659,12649500000,0.9991396054628224,0.9994963027162367,ARS
OSO-MASHA-CRIPTO,630,12348000000,0.9978349206349206,1.0,ARS
NoLagTransfer,827,12101382100,1.0,0.9992938688391777,ARS
