merchant_name,ads_count,total_volume,avg_finish_rate,avg_positive_rate,currency
Jesusfreitesm,1381,26428000000,0.9939717595944967,0.9989166924402607,ARS
EJLcryptos,1166,22222954574,1.0,1.0,ARS
Marycrivero,1065,20464800000,0.9910854460093897,0.9973680332300471,ARS
UnmoralCrypto,873,17110800000,0.9810263459335624,0.9982415696563574,ARS
ZALA96,742,14429291000,0.9864137466307278,0.9976526206334233,ARS
edyseco,730,13870000000,0.9986027397260274,0.9966471061232877,ARS
mdcoria,682,13367200000,0.9960205278592374,0.998313542771261,ARS
OSO-MASHA-CRIPTO,663,12994800000,0.997892911010558,1.0,ARS
BAHIA_CRYPTO,659,12649500000,0.9991396054628224,0.9994963027162367,ARS
andymm,749,12385886426,0.9908210947930574,0.9956376337249667,ARS
