merchant_name,ads_count,total_volume,avg_finish_rate,avg_positive_rate,currency
Jesusfreitesm,1646,30311000000,0.9936543134872419,0.9989177033778858,ARS
EJLcryptos,1320,25214515141,1.0,1.0,ARS
Marycrivero,1281,24628800000,0.990968774395004,0.9973812773692428,ARS
UnmoralCrypto,1060,20776000000,0.9792358490566038,0.9982510143396227,ARS
edyseco,861,16359000000,0.9986631823461092,0.9966480881416958,ARS
ZALA96,840,16350091000,0.986575,0.9976549745238095,ARS
andymm,954,15854391289,0.991398322851153,0.9956335895807128,ARS
mdcoria,806,15797600000,0.9963250620347395,0.9983106370347394,ARS
OSO-MASHA-CRIPTO,792,15523200000,0.9979835858585859,1.0,ARS
NoLagTransfer,971,14923782100,1.0,0.9992946539340886,ARS
