merchant_name,ads_count,total_volume,avg_finish_rate,avg_positive_rate,currency
Jesusfreitesm,1646,30311000000,0.9936543134872419,0.9989177033778858,ARS
EJLcryptos,1323,25273315141,1.0,1.0,ARS
Marycrivero,1284,24685800000,0.990968847352025,0.9973814470015577,ARS
UnmoralCrypto,1067,20913200000,0.9791686972820992,0.998251450121837,ARS
edyseco,869,16511000000,0.9986662830840046,0.9966482466858458,ARS
ZALA96,847,16487291000,0.986595041322314,0.9976551379102715,ARS
andymm,954,15854391289,0.991398322851153,0.9956335895807128,ARS
mdcoria,806,15797600000,0.9963250620347395,0.9983106370347394,ARS
OSO-MASHA-CRIPTO,792,15523200000,0.9979835858585859,1.0,ARS
NoLagTransfer,977,15041382100,1.0,0.9992946835107471,ARS
