merchant_name,ads_count,total_volume,avg_finish_rate,avg_positive_rate,currency
Jesusfreitesm,1402,26791600000,0.9939422253922967,0.9989167708915834,ARS
EJLcryptos,1226,23398954574,1.0,1.0,ARS
Marycrivero,1069,20540800000,0.9910813844714685,0.9973682953320862,ARS
UnmoralCrypto,937,18365200000,0.980486659551761,0.9982442855709711,ARS
ZALA96,755,14684091000,0.9864238410596027,0.9976529426092715,ARS
edyseco,730,13870000000,0.9986027397260274,0.9966471061232877,ARS
mdcoria,682,13367200000,0.9960205278592374,0.998313542771261,ARS
NoLagTransfer,880,13140182100,1.0,0.999294171784091,ARS
OSO-MASHA-CRIPTO,666,13053600000,0.997897897897898,1.0,ARS
andymm,774,12821886426,0.9908914728682171,0.9956361784496124,ARS
