merchant_name,ads_count,total_volume,avg_finish_rate,avg_positive_rate,currency
Jesusfreitesm,694,13602400000,0.9956729106628242,0.9989136634726224,ARS
Marycrivero,558,10720800000,0.9918709677419354,0.9973164963978495,ARS
EJLcryptos,551,10352010460,1.0,1.0,ARS
UnmoralCrypto,463,9074800000,0.9809157667386609,0.9982200281425486,ARS
MMlacuevadelpueblo,514,8424370524,0.8659805447470816,0.9791336778404669,ARS
mdcoria,415,8134000000,0.996033734939759,0.9983077029156627,ARS
BAHIA_CRYPTO,388,7442500000,0.9990000000000001,0.9994943418298969,ARS
Witi24,467,7439600000,0.990117773019272,0.9963122935974305,ARS
ZALA96,368,7212800000,0.987233695652174,0.997642111576087,ARS
ELARGENCRYPTO_777,364,7134400000,0.9399862637362638,1.0,ARS
