merchant_name,ads_count,total_volume,avg_finish_rate,avg_positive_rate,currency
Jesusfreitesm,1564,29107000000,0.9937410485933504,0.9989173881074168,ARS
EJLcryptos,1305,24924325303,1.0,1.0,ARS
Marycrivero,1196,22992800000,0.9909690635451506,0.9973763526588629,ARS
UnmoralCrypto,1004,19678400000,0.9797988047808764,0.9982475047509961,ARS
ZALA96,809,15742491000,0.9865166872682324,0.9976542602348578,ARS
edyseco,773,14687000000,0.9986248382923674,0.9966471026131953,ARS
mdcoria,735,14406000000,0.9961632653061224,0.998314013170068,ARS
OSO-MASHA-CRIPTO,734,14386400000,0.9979277929155314,1.0,ARS
andymm,864,14276283764,0.9911273148148148,0.9956334198726852,ARS
NoLagTransfer,924,14002582100,1.0,0.9992944123701298,ARS
