merchant_name,ads_count,total_volume,avg_finish_rate,avg_positive_rate,currency
Jesusfreitesm,1303,25116400000,0.9940897927858787,0.9989163892555641,ARS
EJLcryptos,1108,21086154574,1.0,1.0,ARS
Marycrivero,1009,19390000000,0.9911456888007929,0.9973641991179386,ARS
UnmoralCrypto,845,16562000000,0.9812414201183431,0.9982402663195267,ARS
ZALA96,717,13939291000,0.9863933054393306,0.9976519686331938,ARS
edyseco,730,13870000000,0.9986027397260274,0.9966471061232877,ARS
mdcoria,674,13210400000,0.9960207715133531,0.9983133601186943,ARS
BAHIA_CRYPTO,643,12345500000,0.9991181959564541,0.9994962010108864,ARS
NoLagTransfer,823,12022982100,1.0,0.9992938449696234,ARS
OSO-MASHA-CRIPTO,611,11975600000,0.997798690671031,1.0,ARS
