merchant_name,ads_count,total_volume,avg_finish_rate,avg_positive_rate,currency
Jesusfreitesm,864,16934400000,0.9951550925925926,0.9989144956018519,ARS
Marycrivero,722,13874600000,0.9915761772853185,0.9973390721883656,ARS
EJLcryptos,729,13738526115,1.0,1.0,ARS
UnmoralCrypto,512,10035200000,0.981123046875,0.998223339140625,ARS
mdcoria,496,9721600000,0.9960282258064516,0.9983093629233871,ARS
MMlacuevadelpueblo,561,9149246405,0.8645597147950088,0.9790801272727273,ARS
BAHIA_CRYPTO,453,8692500000,0.9990000000000001,0.9994948551434879,ARS
ZALA96,435,8524200000,0.986871264367816,0.9976445067816092,ARS
andymm,503,8111733723,0.9907852882703777,0.9956654528429424,ARS
Witi24,504,8056000000,0.9900496031746032,0.9963137386507936,ARS
