merchant_name,ads_count,total_volume,avg_finish_rate,avg_positive_rate,currency
Jesusfreitesm,1391,26576000000,0.9939575844716032,0.9989167300934579,ARS
EJLcryptos,1172,22340554574,1.0,1.0,ARS
Marycrivero,1065,20464800000,0.9910854460093897,0.9973680332300471,ARS
UnmoralCrypto,879,17228400000,0.9809783845278726,0.998241850887372,ARS
ZALA96,742,14429291000,0.9864137466307278,0.9976526206334233,ARS
edyseco,730,13870000000,0.9986027397260274,0.9966471061232877,ARS
mdcoria,682,13367200000,0.9960205278592374,0.998313542771261,ARS
OSO-MASHA-CRIPTO,666,13053600000,0.997897897897898,1.0,ARS
BAHIA_CRYPTO,659,12649500000,0.9991396054628224,0.9994963027162367,ARS
andymm,757,12529886426,0.9908441215323646,0.9956371557463672,ARS
