merchant_name,ads_count,total_volume,avg_finish_rate,avg_positive_rate,currency
Jesusfreitesm,1016,19913600000,0.9947224409448819,0.9989151584350394,ARS
EJLcryptos,881,16682104042,1.0,1.0,ARS
Marycrivero,842,16175600000,0.9913515439429929,0.9973510374228028,ARS
UnmoralCrypto,662,12975200000,0.9817990936555892,0.9982311421450151,ARS
mdcoria,573,11230800000,0.996024432809773,0.9983109583071553,ARS
ZALA96,573,11140891000,0.9864153577661431,0.9976482294066318,ARS
edyseco,546,10374000000,0.9984688644688644,0.9966515321794872,ARS
BAHIA_CRYPTO,532,10205000000,0.9989999999999999,0.9994954232894736,ARS
MMlacuevadelpueblo,594,9742646405,0.8631649831649832,0.9790500093602693,ARS
andymm,585,9491886426,0.9906752136752136,0.9956530404957266,ARS
