merchant_name,ads_count,total_volume,avg_finish_rate,avg_positive_rate,currency
Jesusfreitesm,1393,26615200000,0.9939547738693467,0.9989167375592246,ARS
EJLcryptos,1174,22379754574,1.0,1.0,ARS
Marycrivero,1065,20464800000,0.9910854460093897,0.9973680332300471,ARS
UnmoralCrypto,885,17346000000,0.9809310734463277,0.9982421193785311,ARS
ZALA96,743,14448891000,0.986414535666218,0.9976526458008076,ARS
edyseco,730,13870000000,0.9986027397260274,0.9966471061232877,ARS
mdcoria,682,13367200000,0.9960205278592374,0.998313542771261,ARS
OSO-MASHA-CRIPTO,666,13053600000,0.997897897897898,1.0,ARS
BAHIA_CRYPTO,663,12725500000,0.9991447963800905,0.9994963273755657,ARS
andymm,762,12617886426,0.9908582677165354,0.9956368637795275,ARS
