merchant_name,ads_count,total_volume,avg_finish_rate,avg_positive_rate,currency
Jesusfreitesm,1313,25312400000,0.9940738766184312,0.9989164286367098,ARS
EJLcryptos,1113,21184154574,1.0,1.0,ARS
Marycrivero,1019,19583000000,0.9911344455348381,0.9973649039548577,ARS
UnmoralCrypto,849,16640400000,0.9812073027090694,0.9982404479623086,ARS
ZALA96,717,13939291000,0.9863933054393306,0.9976519686331938,ARS
edyseco,730,13870000000,0.9986027397260274,0.9966471061232877,ARS
mdcoria,674,13210400000,0.9960207715133531,0.9983133601186943,ARS
BAHIA_CRYPTO,648,12440500000,0.999125,0.9994962333333334,ARS
OSO-MASHA-CRIPTO,617,12093200000,0.9978103727714749,1.0,ARS
NoLagTransfer,824,12042582100,1.0,0.9992938509587379,ARS
