merchant_name,ads_count,total_volume,avg_finish_rate,avg_positive_rate,currency
DigitalBrok,1251,256504720,0.9863525179856114,0.9965815879616308,BOB
I0O,976,202602960,0.9978247950819672,1.0,BOB
EDWIN_TRADER_xD,947,196582995,0.9972439281942977,1.0,BOB
Lulu-FX,888,184335480,1.0,0.9958109313288288,BOB
Anita FX,788,163576980,0.996,0.996764061890863,BOB
ARZ_USDT_P2P,1027,161103900,0.9910876338851022,1.0,BOB
crip_jhor,784,158664164,0.9945727040816327,0.9937740431632653,BOB
Dami-FX,678,140742630,0.9957831858407079,0.9960235811356932,BOB
_FastCoins_,678,140257190,0.9945206489675515,0.9954931006489676,BOB
CRIPTO-SEGURO-BOLIVA,664,137836440,0.980085843373494,0.9312055118825302,BOB
