merchant_name,ads_count,total_volume,avg_finish_rate,avg_positive_rate,currency
DigitalBrok,1901,391434970,0.9872340873224619,0.9965512770226197,BOB
I0O,1526,315710935,0.9985124508519004,0.9999997033420707,BOB
EDWIN_TRADER_xD,1454,301828590,0.9971788170563961,1.0,BOB
Anita FX,1431,297054135,0.9963570929419986,0.9968326696016772,BOB
Lulu-FX,1419,294563115,1.0,0.9955145974207188,BOB
Dami-FX,1249,259273665,0.995626901521217,0.9960361667734188,BOB
ARZ_USDT_P2P,1588,257540455,0.9904659949622165,0.9999883007619648,BOB
_FastCoins_,1241,255888410,0.99609911361805,0.9955645145366641,BOB
crip_jhor,1252,252484129,0.9942547923322684,0.9938934246964856,BOB
DIDOU,1459,251105065,0.985010966415353,0.9852007494928032,BOB
