merchant_name,ads_count,total_volume,avg_finish_rate,avg_positive_rate,currency
DigitalBrok,1481,304249270,0.9868217420661715,0.9965766300810264,BOB
I0O,1145,236793805,0.9980751091703057,0.9999996046288209,BOB
EDWIN_TRADER_xD,1093,226890405,0.9972113449222324,1.0,BOB
Lulu-FX,1089,226060065,1.0,0.9957001954637282,BOB
ARZ_USDT_P2P,1319,215408180,0.990625473843821,1.0,BOB
Anita FX,939,194922315,0.996059637912673,0.9967779646325878,BOB
CRIPTO-SEGURO-BOLIVA,906,188028135,0.9809194260485651,0.9311995875386314,BOB
Dami-FX,868,180183780,0.9958306451612903,0.9960276132488479,BOB
_FastCoins_,864,178450035,0.995269675925926,0.9955136141666666,BOB
crip_jhor,844,170876544,0.9945936018957346,0.9937916364336493,BOB
