merchant_name,ads_count,total_volume,avg_finish_rate,avg_positive_rate,currency
DigitalBrok,1445,296776210,0.9867681660899653,0.9965822969065744,BOB
I0O,1081,223508365,0.9979611470860315,0.9999995812210914,BOB
EDWIN_TRADER_xD,1037,215265645,0.9972227579556412,1.0,BOB
Lulu-FX,996,206754660,1.0,0.9958066524698795,BOB
ARZ_USDT_P2P,1161,187515495,0.9908466838931955,1.0,BOB
Anita FX,879,182467215,0.996,0.9967713558930602,BOB
CRIPTO-SEGURO-BOLIVA,848,176000490,0.9807087264150943,0.9312135752004717,BOB
Dami-FX,832,172710720,0.9958233173076922,0.9960266848317307,BOB
crip_jhor,836,169238619,0.9945897129186603,0.9937892547727273,BOB
_FastCoins_,811,167448030,0.995091245376079,0.9955071129839704,BOB
