merchant_name,ads_count,total_volume,avg_finish_rate,avg_positive_rate,currency
DigitalBrok,1646,338500795,0.9870048602673146,0.9965613431773996,BOB
I0O,1302,269211895,0.9983072196620584,0.9999996523041474,BOB
Lulu-FX,1296,269030160,1.0,0.9955600125308641,BOB
EDWIN_TRADER_xD,1251,259688835,0.9972062350119905,1.0,BOB
ARZ_USDT_P2P,1477,241382565,0.9905314827352742,1.0,BOB
Anita FX,1161,241006185,0.9962075796726959,0.996801180749354,BOB
Dami-FX,1074,222946290,0.9957290502793296,0.996031892178771,BOB
CRIPTO-SEGURO-BOLIVA,998,207124200,0.9811322645290581,0.9311650939178358,BOB
_FastCoins_,978,202061630,0.9955879345603271,0.9955272662883435,BOB
crip_jhor,952,192484129,0.9945409663865546,0.993822096460084,BOB
