merchant_name,ads_count,total_volume,avg_finish_rate,avg_positive_rate,currency
DigitalBrok,1292,265015705,0.9864365325077399,0.9965826659674923,BOB
I0O,1013,210053265,0.99786771964462,0.9999997765547877,BOB
EDWIN_TRADER_xD,975,202395375,0.9972369230769231,1.0,BOB
Lulu-FX,946,196375410,1.0,0.9958325493023256,BOB
Anita FX,830,172295550,0.9959999999999999,0.996766226313253,BOB
ARZ_USDT_P2P,1050,165848015,0.9910419047619048,1.0,BOB
crip_jhor,784,158664164,0.9945727040816327,0.9937740431632653,BOB
Dami-FX,730,151537050,0.9957986301369863,0.9960242110136986,BOB
CRIPTO-SEGURO-BOLIVA,721,149668785,0.9802829403606103,0.9312118510124826,BOB
_FastCoins_,695,143580550,0.9946057553956834,0.9954946441582734,BOB
