merchant_name,ads_count,total_volume,avg_finish_rate,avg_positive_rate,currency
DigitalBrok,1533,315043690,0.986883887801696,0.9965696061187215,BOB
I0O,1227,253643020,0.9982037489812551,0.9999996310513447,BOB
Lulu-FX,1197,248479245,1.0,0.9956147386800335,BOB
EDWIN_TRADER_xD,1167,242251695,0.9971979434447301,1.0,BOB
ARZ_USDT_P2P,1397,228991920,0.9905619183965642,1.0,BOB
Anita FX,1038,215473230,0.9961136801541425,0.9967882646339115,BOB
CRIPTO-SEGURO-BOLIVA,979,203180085,0.9810960163432073,0.9311724770582227,BOB
Dami-FX,953,197828505,0.9958216159496328,0.996029527019937,BOB
_FastCoins_,916,189214115,0.995424672489083,0.9955196756441048,BOB
crip_jhor,892,180484129,0.9945773542600898,0.9938054975224215,BOB
