merchant_name,ads_count,total_volume,avg_finish_rate,avg_positive_rate,currency
DigitalBrok,1918,394963915,0.9872497393117832,0.9965521281543275,BOB
I0O,1553,321315730,0.9985383129426916,0.999999708499678,BOB
EDWIN_TRADER_xD,1454,301828590,0.9971788170563961,1.0,BOB
Anita FX,1452,301413420,0.9963663911845729,0.996835033670799,BOB
Lulu-FX,1419,294563115,1.0,0.9955145974207188,BOB
Dami-FX,1268,263217780,0.9956175078864353,0.9960366296845427,BOB
_FastCoins_,1262,260133920,0.9961307448494453,0.995567555467512,BOB
ARZ_USDT_P2P,1588,257540455,0.9904659949622165,0.9999883007619648,BOB
crip_jhor,1265,255084129,0.9942418972332014,0.9938961292648221,BOB
DIDOU,1461,251520235,0.9850041067761807,0.9852006558179329,BOB
