merchant_name,ads_count,total_volume,avg_finish_rate,avg_positive_rate,currency
DigitalBrok,1868,384584665,0.9872028907922913,0.9965496103533191,BOB
I0O,1504,311144065,0.9984906914893618,0.9999996990026595,BOB
EDWIN_TRADER_xD,1447,300375495,0.9971796821008985,1.0,BOB
Anita FX,1405,291656925,0.9963451957295374,0.9968297810462633,BOB
Lulu-FX,1405,291656925,1.0,0.9955190237508897,BOB
ARZ_USDT_P2P,1588,257540455,0.9904659949622165,0.9999883007619648,BOB
Dami-FX,1214,252008190,0.9956449752883031,0.9960352974629325,BOB
DIDOU,1444,248118875,0.9850630193905817,0.9852014603254848,BOB
crip_jhor,1221,246284129,0.9942866502866502,0.9938867765438164,BOB
_FastCoins_,1182,243921540,0.9960042301184433,0.9955559211675127,BOB
