merchant_name,ads_count,total_volume,avg_finish_rate,avg_positive_rate,currency
DigitalBrok,1532,314836105,0.9868825065274152,0.9965696855417754,BOB
I0O,1227,253643020,0.9982037489812551,0.9999996310513447,BOB
Lulu-FX,1195,248064075,1.0,0.9956160041757323,BOB
EDWIN_TRADER_xD,1167,242251695,0.9971979434447301,1.0,BOB
ARZ_USDT_P2P,1395,228734335,0.990562724014337,1.0,BOB
Anita FX,1037,215265645,0.9961128254580521,0.9967881560945033,BOB
CRIPTO-SEGURO-BOLIVA,977,202764915,0.9810921187308085,0.9311731658341863,BOB
Dami-FX,953,197828505,0.9958216159496328,0.996029527019937,BOB
_FastCoins_,915,189006530,0.9954218579234974,0.9955195605355192,BOB
crip_jhor,891,180284129,0.9945780022446689,0.9938052099214365,BOB
