merchant_name,ads_count,total_volume,avg_finish_rate,avg_positive_rate,currency
DigitalBrok,2112,435235405,0.9874105113636364,0.9965610812594697,BOB
I0O,1680,347679025,0.998585119047619,0.9999997305357142,BOB
Anita FX,1643,341062155,0.9964400486914182,0.9968575035301278,BOB
Lulu-FX,1539,319473315,1.0,0.9954852358934373,BOB
Dami-FX,1520,315529200,0.9955151315789473,0.9960423804013159,BOB
EDWIN_TRADER_xD,1500,311377500,0.9971733333333334,1.0,BOB
_FastCoins_,1461,300866875,0.9963477070499658,0.9955956577002053,BOB
RoinoFX,1595,279249865,0.9992865203761756,0.9992390306833856,BOB
crip_jhor,1322,266284439,0.9943177004538578,0.9939075298940999,BOB
DIDOU,1586,265345710,0.9847213114754099,0.985196884558638,BOB
