merchant_name,ads_count,total_volume,avg_finish_rate,avg_positive_rate,currency
DigitalBrok,2411,497303320,0.9875707175445873,0.9965736522521776,BOB
Anita FX,1957,406243845,0.9965298926928973,0.9968980311701584,BOB
I0O,1811,374872660,0.9986096079514081,0.999999750027609,BOB
Lulu-FX,1777,368878545,1.0,0.9954582526392797,BOB
Dami-FX,1753,363896505,0.9955396463205933,0.9960474875242442,BOB
EDWIN_TRADER_xD,1616,335457360,0.9971608910891089,1.0,BOB
_FastCoins_,1620,333197825,0.9964117283950616,0.9956170685987654,BOB
RoinoFX,1795,315494710,0.9992545961002786,0.9992401228635097,BOB
crip_jhor,1483,298484439,0.9943068105192178,0.9939387978759272,BOB
DIDOU,1740,291460060,0.984348275862069,0.9851976552586206,BOB
