merchant_name,ads_count,total_volume,avg_finish_rate,avg_positive_rate,currency
DigitalBrok,2407,496472980,0.9875683423348566,0.9965734941005401,BOB
Anita FX,1954,405621090,0.9965291709314228,0.9968976345087001,BOB
I0O,1811,374872660,0.9986096079514081,0.999999750027609,BOB
Lulu-FX,1773,368048205,1.0,0.9954583235532994,BOB
Dami-FX,1751,363481335,0.99553912050257,0.9960474374471731,BOB
EDWIN_TRADER_xD,1614,335042190,0.9971610904584881,1.0,BOB
_FastCoins_,1618,332782655,0.9964110012360939,0.9956167982138442,BOB
RoinoFX,1791,314778710,0.9992551647124511,0.9992401018537129,BOB
crip_jhor,1483,298484439,0.9943068105192178,0.9939387978759272,BOB
DIDOU,1738,291044890,0.9843532796317607,0.9851976041944763,BOB
