merchant_name,ads_count,total_volume,avg_finish_rate,avg_positive_rate,currency
DigitalBrok,1728,355522765,0.987066550925926,0.9965561720081019,BOB
I0O,1378,284988355,0.9983642960812773,0.9999996714804064,BOB
EDWIN_TRADER_xD,1319,273804615,0.9971971190295678,1.0,BOB
Lulu-FX,1296,269030160,1.0,0.9955600125308641,BOB
Anita FX,1228,254914380,0.9962508143322475,0.9968088971824104,BOB
ARZ_USDT_P2P,1554,253310115,0.9904761904761905,0.9999954259716859,BOB
Dami-FX,1109,230211765,0.9957060414788098,0.9960326605680793,BOB
_FastCoins_,1074,221868430,0.9958035381750465,0.9955397166480446,BOB
CRIPTO-SEGURO-BOLIVA,999,207331785,0.9811351351351352,0.9311646668568568,BOB
crip_jhor,1025,207084129,0.9944575609756097,0.9938408839804878,BOB
