merchant_name,ads_count,total_volume,avg_finish_rate,avg_positive_rate,currency
DigitalBrok,1621,333311170,0.9869740900678593,0.9965630571128933,BOB
Lulu-FX,1296,269030160,1.0,0.9955600125308641,BOB
I0O,1300,268796725,0.9983046153846155,0.9999996517692307,BOB
EDWIN_TRADER_xD,1248,259066080,0.9972043269230769,1.0,BOB
ARZ_USDT_P2P,1468,240374980,0.9905347411444142,1.0,BOB
Anita FX,1152,239137920,0.9962013888888889,0.9968001792708334,BOB
Dami-FX,1067,221493195,0.9957338331771323,0.9960317525866917,BOB
CRIPTO-SEGURO-BOLIVA,995,206501445,0.9811266331658292,0.9311663802512563,BOB
_FastCoins_,960,198325100,0.9955427083333334,0.99552493278125,BOB
crip_jhor,951,192284129,0.9945415352260778,0.9938218247423765,BOB
