merchant_name,ads_count,total_volume,avg_finish_rate,avg_positive_rate,currency
DigitalBrok,1299,266468800,0.9864503464203233,0.9965828519014628,BOB
I0O,1016,210460850,0.997871062992126,0.9999995544291339,BOB
EDWIN_TRADER_xD,977,202810545,0.997236438075742,1.0,BOB
Lulu-FX,952,197620920,1.0,0.9958352391386555,BOB
Anita FX,835,173333475,0.996,0.996766640766467,BOB
ARZ_USDT_P2P,1057,167193525,0.9910283822138127,1.0,BOB
crip_jhor,784,158664164,0.9945727040816327,0.9937740431632653,BOB
Dami-FX,733,152159805,0.995799454297408,0.9960242700545703,BOB
CRIPTO-SEGURO-BOLIVA,724,150291540,0.9802941988950276,0.9312116445441989,BOB
_FastCoins_,695,143580550,0.9946057553956834,0.9954946441582734,BOB
