merchant_name,ads_count,total_volume,avg_finish_rate,avg_positive_rate,currency
DigitalBrok,1177,241143430,0.9861860662701784,0.9965797050637214,BOB
I0O,949,196998165,0.9977913593256059,1.0,BOB
EDWIN_TRADER_xD,913,189525105,0.9972530120481927,1.0,BOB
Lulu-FX,854,177277590,1.0,0.9958001665925059,BOB
crip_jhor,784,158664164,0.9945727040816327,0.9937740431632653,BOB
ARZ_USDT_P2P,1002,156242370,0.991189620758483,1.0,BOB
Anita FX,730,151537050,0.9960000000000001,0.996762784,BOB
_FastCoins_,642,132784130,0.9943255451713395,0.9954909915576324,BOB
Dami-FX,638,132439230,0.9958040752351097,0.9960233219905957,BOB
m8rkog,974,126620000,0.9394856262833675,1.0,BOB
