merchant_name,ads_count,total_volume,avg_finish_rate,avg_positive_rate,currency
DigitalBrok,1480,304041685,0.9868209459459458,0.9965768466689189,BOB
I0O,1145,236793805,0.9980751091703057,0.9999996046288209,BOB
EDWIN_TRADER_xD,1057,219417345,0.9972185430463576,1.0,BOB
Lulu-FX,1046,217133910,1.0,0.9957465058508604,BOB
ARZ_USDT_P2P,1248,202588215,0.9907179487179487,1.0,BOB
CRIPTO-SEGURO-BOLIVA,904,187613550,0.980912610619469,0.9312003919137168,BOB
Anita FX,898,186411330,0.9960167037861916,0.9967735342873052,BOB
_FastCoins_,864,178450035,0.995269675925926,0.9955136141666666,BOB
Dami-FX,844,175201740,0.9958258293838862,0.9960270031042655,BOB
crip_jhor,836,169238619,0.9945897129186603,0.9937892547727273,BOB
