merchant_name,ads_count,total_volume,avg_finish_rate,avg_positive_rate,currency
DigitalBrok,1366,280376995,0.9865812591508053,0.9965847156734994,BOB
I0O,1030,212921530,0.9978864077669903,0.9999995604854368,BOB
EDWIN_TRADER_xD,998,207169830,0.9972314629258516,1.0,BOB
Lulu-FX,970,201357450,1.0,0.9958417999587629,BOB
Anita FX,849,176239665,0.996,0.9967679552532391,BOB
ARZ_USDT_P2P,1093,174090735,0.9909615736505033,1.0,BOB
crip_jhor,816,165162769,0.9945796568627451,0.993783337634804,BOB
_FastCoins_,795,164179765,0.9950327044025158,0.995505290855346,BOB
CRIPTO-SEGURO-BOLIVA,767,159207750,0.9804159061277706,0.9312134265449804,BOB
Dami-FX,761,157972185,0.9958068331143232,0.9960249705387648,BOB
