merchant_name,ads_count,total_volume,avg_finish_rate,avg_positive_rate,currency
DigitalBrok,2218,457239415,0.9874864743011722,0.9965657966636609,BOB
Anita FX,1753,363896505,0.9964751853964632,0.996871620393611,BOB
I0O,1727,357435520,0.9985964099594673,0.9999997378691372,BOB
Lulu-FX,1619,336080115,1.0,0.9954719697899939,BOB
Dami-FX,1587,329437395,0.9954996849401386,0.99604380536862,BOB
EDWIN_TRADER_xD,1544,320511240,0.9971683937823834,1.0,BOB
_FastCoins_,1531,315094425,0.9963775310254736,0.9956051519856303,BOB
RoinoFX,1696,297191010,0.9992694575471698,0.9992396035023584,BOB
crip_jhor,1435,288884439,0.994347038327526,0.9939297254216028,BOB
DIDOU,1649,274483600,0.9845833838690115,0.9851965889933293,BOB
