merchant_name,ads_count,total_volume,avg_finish_rate,avg_positive_rate,currency
DigitalBrok,1493,306740290,0.9868312123241795,0.9965740536570663,BOB
I0O,1196,247207885,0.9981571906354515,0.9999996214882942,BOB
Lulu-FX,1154,239553090,1.0,0.9956446791594453,BOB
EDWIN_TRADER_xD,1128,234155880,0.9972047872340425,1.0,BOB
ARZ_USDT_P2P,1362,223590220,0.9905844346549192,1.0,BOB
Anita FX,989,205301565,0.9960899898887766,0.9967831984428716,BOB
CRIPTO-SEGURO-BOLIVA,937,194461515,0.9810106723585913,0.9311875588260405,BOB
Dami-FX,893,185373405,0.9958353863381858,0.9960282139417693,BOB
_FastCoins_,892,184262415,0.9953553811659193,0.9955168894170403,BOB
crip_jhor,859,173884129,0.9945902211874272,0.9937959824796274,BOB
