merchant_name,ads_count,total_volume,avg_finish_rate,avg_positive_rate,currency
DigitalBrok,1480,304041685,0.9868209459459458,0.9965768466689189,BOB
I0O,1145,236793805,0.9980751091703057,0.9999996046288209,BOB
EDWIN_TRADER_xD,1077,223569045,0.9972144846796658,1.0,BOB
Lulu-FX,1075,223153875,1.0,0.9957148486511628,BOB
ARZ_USDT_P2P,1294,210917160,0.9906568778979908,1.0,BOB
Anita FX,917,190355445,0.9960370774263904,0.9967756366303162,BOB
CRIPTO-SEGURO-BOLIVA,904,187613550,0.980912610619469,0.9312003919137168,BOB
_FastCoins_,864,178450035,0.995269675925926,0.9955136141666666,BOB
Dami-FX,858,178107930,0.9958286713286714,0.9960273631701632,BOB
crip_jhor,836,169238619,0.9945897129186603,0.9937892547727273,BOB
