merchant_name,ads_count,total_volume,avg_finish_rate,avg_positive_rate,currency
DigitalBrok,2431,501455020,0.9875824763471823,0.9965744369888935,BOB
Anita FX,2023,419944455,0.9965452298566485,0.9969065348195748,BOB
Dami-FX,1824,378635040,0.9955575657894736,0.9960492247532895,BOB
I0O,1811,374872660,0.9986096079514081,0.999999750027609,BOB
Lulu-FX,1790,371577150,1.0,0.9954581175418994,BOB
EDWIN_TRADER_xD,1650,342515250,0.9971575757575757,1.0,BOB
_FastCoins_,1628,334858505,0.9964146191646192,0.995618143495086,BOB
RoinoFX,1835,322674710,0.999241961852861,0.9992403393678474,BOB
crip_jhor,1517,305284439,0.9942775214238628,0.9939449425774556,BOB
DIDOU,1768,297272440,0.9842794117647058,0.9851982643156109,BOB
