merchant_name,ads_count,total_volume,avg_finish_rate,avg_positive_rate,currency
DigitalBrok,1345,276017710,0.9865375464684015,0.996584138535316,BOB
I0O,1018,210660850,0.9978732809430256,0.9999995553045187,BOB
EDWIN_TRADER_xD,982,203848470,0.9972352342158859,1.0,BOB
Lulu-FX,969,201149865,1.0,0.995843220866873,BOB
Anita FX,849,176239665,0.996,0.9967679552532391,BOB
ARZ_USDT_P2P,1076,170599715,0.990992565055762,1.0,BOB
crip_jhor,804,162717259,0.994573383084577,0.9937797827736318,BOB
_FastCoins_,756,156129460,0.9948796296296296,0.9955010766798942,BOB
Dami-FX,747,155065995,0.9958032128514056,0.99602461145917,BOB
CRIPTO-SEGURO-BOLIVA,744,154440315,0.9803400537634408,0.9312129835752688,BOB
