merchant_name,ads_count,total_volume,avg_finish_rate,avg_positive_rate,currency
DigitalBrok,2380,490868185,0.9875521008403361,0.9965724164369747,BOB
Anita FX,1932,401054220,0.9965238095238096,0.9968947187836439,BOB
I0O,1811,374872660,0.9986096079514081,0.999999750027609,BOB
Lulu-FX,1764,366179940,1.0,0.9954585198979592,BOB
Dami-FX,1744,362028240,0.9955372706422019,0.9960472667775229,BOB
EDWIN_TRADER_xD,1605,333173925,0.9971619937694703,1.0,BOB
_FastCoins_,1603,329767485,0.9964054897067998,0.9956147681597005,BOB
RoinoFX,1777,312274710,0.9992571750140687,0.9992400292065279,BOB
crip_jhor,1483,298484439,0.9943068105192178,0.9939387978759272,BOB
DIDOU,1727,289016625,0.9843786913723219,0.9851973262767805,BOB
