merchant_name,ads_count,total_volume,avg_finish_rate,avg_positive_rate,currency
DigitalBrok,1668,343067665,0.98702757793765,0.9965598911091127,BOB
I0O,1315,271910500,0.9983155893536122,0.9999996557414448,BOB
Lulu-FX,1296,269030160,1.0,0.9955600125308641,BOB
EDWIN_TRADER_xD,1286,266954310,0.9972021772939347,1.0,BOB
Anita FX,1188,246610980,0.9962255892255892,0.9968042102525252,BOB
ARZ_USDT_P2P,1505,245258415,0.9905043189368771,1.0,BOB
Dami-FX,1095,227305575,0.9957150684931507,0.9960323564109588,BOB
CRIPTO-SEGURO-BOLIVA,999,207331785,0.9811351351351352,0.9311646668568568,BOB
_FastCoins_,1002,207028500,0.9956457085828343,0.9955303186127744,BOB
RoinoFX,1133,198250545,0.9994033539276258,0.9992357917563989,BOB
