merchant_name,ads_count,total_volume,avg_finish_rate,avg_positive_rate,currency
DigitalBrok,1571,322931920,0.9869350732017822,0.9965666772501591,BOB
Lulu-FX,1292,268199820,1.0,0.9955619489009288,BOB
I0O,1283,265267780,0.998282151208106,0.9999996471551051,BOB
EDWIN_TRADER_xD,1227,254706795,0.9971907090464547,1.0,BOB
ARZ_USDT_P2P,1466,240174980,0.9905354706684857,1.0,BOB
Anita FX,1131,234778635,0.9961865605658708,0.9967978529177719,BOB
Dami-FX,1045,216926325,0.9957492822966507,0.9960313150334927,BOB
CRIPTO-SEGURO-BOLIVA,988,205048350,0.9811133603238866,0.9311694120748988,BOB
_FastCoins_,943,194803740,0.9954984093319194,0.9955228041463415,BOB
crip_jhor,930,188084129,0.9945537634408601,0.9938161019462366,BOB
