merchant_name,ads_count,total_volume,avg_finish_rate,avg_positive_rate,currency
DigitalBrok,1730,355937935,0.9870676300578034,0.9965560537745665,BOB
I0O,1378,284988355,0.9983642960812773,0.9999996714804064,BOB
EDWIN_TRADER_xD,1319,273804615,0.9971971190295678,1.0,BOB
Lulu-FX,1296,269030160,1.0,0.9955600125308641,BOB
Anita FX,1229,255121965,0.9962514239218877,0.9968090155004069,BOB
ARZ_USDT_P2P,1554,253310115,0.9904761904761905,0.9999954259716859,BOB
Dami-FX,1109,230211765,0.9957060414788098,0.9960326605680793,BOB
_FastCoins_,1077,222491185,0.9958096564531106,0.9955401650139276,BOB
CRIPTO-SEGURO-BOLIVA,999,207331785,0.9811351351351352,0.9311646668568568,BOB
crip_jhor,1026,207284129,0.9944571150097465,0.993841142465887,BOB
