merchant_name,ads_count,total_volume,avg_finish_rate,avg_positive_rate,currency
DigitalBrok,1855,381886060,0.9871902964959569,0.9965489424150944,BOB
I0O,1467,303463420,0.9984526244035447,0.9999996914110428,BOB
EDWIN_TRADER_xD,1391,288750735,0.9971869158878505,1.0,BOB
Lulu-FX,1332,276503220,1.0,0.9955446947072071,BOB
Anita FX,1312,272351520,0.9962987804878048,0.9968188489329268,BOB
ARZ_USDT_P2P,1588,257540455,0.9904659949622165,0.9999883007619648,BOB
Dami-FX,1161,241006185,0.9956744186046512,0.9960338971748492,BOB
_FastCoins_,1153,237947085,0.9959540329575022,0.995551598360798,BOB
DIDOU,1347,235127890,0.9853637713437269,0.9852072542464737,BOB
crip_jhor,1155,233084129,0.9943601731601732,0.9938716186320345,BOB
