merchant_name,ads_count,total_volume,avg_finish_rate,avg_positive_rate,currency
DigitalBrok,2092,431083705,0.9873953154875716,0.9965601496558317,BOB
I0O,1673,346225930,0.9985833831440527,0.9999997294082485,BOB
Anita FX,1625,337325625,0.9964338461538461,0.9968552416615385,BOB
Lulu-FX,1525,316567125,1.0,0.9954881740655738,BOB
Dami-FX,1507,312830595,0.9955195753151957,0.9960420903848706,BOB
EDWIN_TRADER_xD,1500,311377500,0.9971733333333334,1.0,BOB
_FastCoins_,1436,295737930,0.9963363509749303,0.9955922043314763,BOB
RoinoFX,1577,276025865,0.9992897907419152,0.9992389269372226,BOB
DIDOU,1581,265045710,0.984729917773561,0.9851969215749526,BOB
crip_jhor,1313,264484439,0.9943061690784463,0.993905729276466,BOB
