merchant_name,ads_count,total_volume,avg_finish_rate,avg_positive_rate,currency
DigitalBrok,1866,384169495,0.9872009646302251,0.996549508199357,BOB
I0O,1502,310728895,0.9984886817576565,0.9999996986018641,BOB
EDWIN_TRADER_xD,1446,300167910,0.997179806362379,1.0,BOB
Lulu-FX,1404,291449340,1.0,0.99551935235755,BOB
Anita FX,1403,291241755,0.996344262295082,0.9968295555737705,BOB
ARZ_USDT_P2P,1588,257540455,0.9904659949622165,0.9999883007619648,BOB
Dami-FX,1213,251800605,0.9956455070074197,0.9960352719455895,BOB
DIDOU,1443,248038875,0.9850665280665281,0.9852015082397783,BOB
crip_jhor,1218,245684129,0.9942898193760263,0.9938861231855501,BOB
_FastCoins_,1181,243721540,0.9960025402201524,0.9955557756392888,BOB
