merchant_name,ads_count,total_volume,avg_finish_rate,avg_positive_rate,currency
DigitalBrok,2164,446029825,0.9874487060998152,0.9965634299445472,BOB
Anita FX,1731,359329635,0.9964685153090699,0.9968688423743501,BOB
I0O,1698,351415555,0.9985895170789164,0.9999997333922261,BOB
Dami-FX,1577,327361545,0.9954965123652504,0.9960435960811668,BOB
Lulu-FX,1575,326946375,1.0,0.995478269568254,BOB
EDWIN_TRADER_xD,1516,314698860,0.9971715039577836,1.0,BOB
_FastCoins_,1485,305704800,0.9963582491582492,0.9955989541010101,BOB
RoinoFX,1663,291299010,0.9992748045700541,0.9992394233914612,BOB
crip_jhor,1408,283484439,0.9943536931818181,0.9939245595738636,BOB
DIDOU,1649,274483600,0.9845833838690115,0.9851965889933293,BOB
