merchant_name,ads_count,total_volume,avg_finish_rate,avg_positive_rate,currency
DigitalBrok,2394,493774375,0.9875605680868837,0.9965729776232247,BOB
Anita FX,1942,403130070,0.9965262615859938,0.9968960356076211,BOB
I0O,1811,374872660,0.9986096079514081,0.999999750027609,BOB
Lulu-FX,1765,366387525,1.0,0.9954584979830029,BOB
Dami-FX,1746,362443410,0.9955378006872853,0.9960473154180984,BOB
EDWIN_TRADER_xD,1607,333589095,0.9971617921593031,1.0,BOB
_FastCoins_,1609,330967485,0.9964077066500933,0.9956155831821007,BOB
RoinoFX,1783,313350710,0.9992563095905777,0.9992400602019069,BOB
crip_jhor,1483,298484439,0.9943068105192178,0.9939387978759272,BOB
DIDOU,1731,289591795,0.984370883882149,0.9851974245407279,BOB
