merchant_name,ads_count,total_volume,avg_finish_rate,avg_positive_rate,currency
DigitalBrok,2136,440217445,0.9874283707865168,0.9965621772003745,BOB
I0O,1687,349132120,0.9985868405453467,0.9999997316538233,BOB
Anita FX,1667,346044195,0.9964481103779244,0.9968605018236353,BOB
Lulu-FX,1546,320926410,1.0,0.9954838043984476,BOB
Dami-FX,1541,319888485,0.9955081116158339,0.9960428385528878,BOB
EDWIN_TRADER_xD,1500,311377500,0.9971733333333334,1.0,BOB
_FastCoins_,1479,304504800,0.9963556457065584,0.9955981351318458,BOB
RoinoFX,1609,281751865,0.9992840273461777,0.9992391127284027,BOB
crip_jhor,1349,271684439,0.9943513713862119,0.9939128999406968,BOB
DIDOU,1609,268349145,0.9846724673710379,0.98519675540087,BOB
