merchant_name,ads_count,total_volume,avg_finish_rate,avg_positive_rate,currency
DigitalBrok,2524,520760425,0.9876109350237718,0.9965780765372424,BOB
Anita FX,2086,433022310,0.9965589645254075,0.9969145947363375,BOB
Dami-FX,1869,387976365,0.9955682182985555,0.9960502911449973,BOB
Lulu-FX,1827,379257795,1.0,0.9954581793979201,BOB
I0O,1811,374872660,0.9986096079514081,0.999999750027609,BOB
EDWIN_TRADER_xD,1692,351233820,0.9971536643026004,1.0,BOB
_FastCoins_,1681,345708810,0.9964330755502676,0.9956251769303986,BOB
RoinoFX,1855,326175490,0.9992285714285714,0.9992404540053907,BOB
crip_jhor,1562,314284439,0.9942464788732394,0.9939528778489117,BOB
DIDOU,1815,303842065,0.9841454545454545,0.9851994551625344,BOB
