merchant_name,ads_count,total_volume,avg_finish_rate,avg_positive_rate,currency
DigitalBrok,2033,418836190,0.9873487456960157,0.996557361893753,BOB
I0O,1621,335431510,0.9985700185070944,0.9999997207279456,BOB
Anita FX,1541,319888485,0.996402985074627,0.9968451178001299,BOB
Lulu-FX,1499,311169915,1.0,0.9954939690393595,BOB
EDWIN_TRADER_xD,1471,305357535,0.9971767505098572,1.0,BOB
Dami-FX,1431,297054135,0.9955471698113207,0.9960404200069881,BOB
_FastCoins_,1368,281940720,0.9962755847953216,0.9955824330336257,BOB
ARZ_USDT_P2P,1604,260108720,0.9904613466334165,0.9999850575187033,BOB
RoinoFX,1469,257637175,0.9993110959836624,0.9992382510687543,BOB
crip_jhor,1273,256684129,0.9942529457973291,0.9938977661586802,BOB
