merchant_name,ads_count,total_volume,avg_finish_rate,avg_positive_rate,currency
DigitalBrok,1391,285566620,0.9866427030913013,0.9965854044140906,BOB
I0O,1049,216865645,0.997906577693041,0.9999995684461391,BOB
EDWIN_TRADER_xD,1011,209868435,0.9972284866468842,1.0,BOB
Lulu-FX,980,203433300,1.0,0.9958279165510204,BOB
ARZ_USDT_P2P,1159,187100325,0.9908498705780845,1.0,BOB
Anita FX,854,177277590,0.9959999999999999,0.9967685053981264,BOB
CRIPTO-SEGURO-BOLIVA,814,168952545,0.980571253071253,0.9312144875675676,BOB
Dami-FX,813,168766605,0.9958191881918819,0.9960262092619926,BOB
crip_jhor,833,168631034,0.9945882352941176,0.9937883669267707,BOB
_FastCoins_,795,164179765,0.9950327044025158,0.995505290855346,BOB
