merchant_name,ads_count,total_volume,avg_finish_rate,avg_positive_rate,currency
DigitalBrok,1862,383339155,0.9871970998925886,0.9965493032330827,BOB
I0O,1483,306784780,0.9984693189480782,0.9999996947403911,BOB
EDWIN_TRADER_xD,1419,294563115,0.997183227625088,1.0,BOB
Lulu-FX,1372,284806620,1.0,0.9955302336953353,BOB
Anita FX,1364,283145940,0.996325513196481,0.9968251044501466,BOB
ARZ_USDT_P2P,1588,257540455,0.9904659949622165,0.9999883007619648,BOB
Dami-FX,1186,246195810,0.9956602023608769,0.9960345667116357,BOB
DIDOU,1397,241934760,0.9852075876879026,0.9852041350250538,BOB
_FastCoins_,1169,241268445,0.9959820359281436,0.9955540098802396,BOB
crip_jhor,1178,237684129,0.9943336162988116,0.9938770937521223,BOB
