merchant_name,ads_count,total_volume,avg_finish_rate,avg_positive_rate,currency
DigitalBrok,2162,445614655,0.9874472710453284,0.9965633407400556,BOB
Anita FX,1722,357461370,0.996465737514518,0.9968676854529617,BOB
I0O,1692,350170045,0.9985880614657211,0.9999997324468085,BOB
Dami-FX,1567,325285695,0.9954996809189535,0.9960433887747288,BOB
Lulu-FX,1562,324247770,1.0,0.9954806402048655,BOB
EDWIN_TRADER_xD,1506,312623010,0.9971726427622841,1.0,BOB
_FastCoins_,1479,304504800,0.9963556457065584,0.9955981351318458,BOB
RoinoFX,1651,289151010,0.9992768019382193,0.9992393561114477,BOB
crip_jhor,1399,281684439,0.9943559685489636,0.9939228291779842,BOB
DIDOU,1649,274483600,0.9845833838690115,0.9851965889933293,BOB
