merchant_name,ads_count,total_volume,avg_finish_rate,avg_positive_rate,currency
DigitalBrok,2431,501455020,0.9875824763471823,0.9965744369888935,BOB
Anita FX,1985,412056225,0.996536523929471,0.9969017000100755,BOB
I0O,1811,374872660,0.9986096079514081,0.999999750027609,BOB
Lulu-FX,1784,370331640,1.0,0.9954581760538116,BOB
Dami-FX,1770,367425450,0.9955440677966102,0.9960479154745764,BOB
EDWIN_TRADER_xD,1631,338571135,0.9971594114040466,1.0,BOB
_FastCoins_,1628,334858505,0.9964146191646192,0.995618143495086,BOB
RoinoFX,1810,318186710,0.9992524861878452,0.9992402046906077,BOB
crip_jhor,1498,301484439,0.9942937249666222,0.9939415431575435,BOB
DIDOU,1750,293535910,0.9843234285714286,0.9851979038457143,BOB
