merchant_name,ads_count,total_volume,avg_finish_rate,avg_positive_rate,currency
DigitalBrok,1675,344520760,0.9870316417910447,0.9965594382686567,BOB
I0O,1335,276062200,0.9983258426966293,0.9999996608988764,BOB
EDWIN_TRADER_xD,1300,269860500,0.9972,1.0,BOB
Lulu-FX,1296,269030160,1.0,0.9955600125308641,BOB
Anita FX,1205,250139925,0.9962365145228215,0.9968061551120333,BOB
ARZ_USDT_P2P,1523,247919095,0.9904865397242285,1.0,BOB
Dami-FX,1100,228343500,0.9957118181818181,0.9960324659272727,BOB
_FastCoins_,1006,207858840,0.9956550695825049,0.9955308245427436,BOB
CRIPTO-SEGURO-BOLIVA,999,207331785,0.9811351351351352,0.9311646668568568,BOB
crip_jhor,1000,202084129,0.994469,0.99383452554,BOB
