merchant_name,ads_count,total_volume,avg_finish_rate,avg_positive_rate,currency
DigitalBrok,2431,501455020,0.9875824763471823,0.9965744369888935,BOB
Anita FX,1983,411641055,0.9965360564800807,0.9969014404135149,BOB
I0O,1811,374872660,0.9986096079514081,0.999999750027609,BOB
Lulu-FX,1784,370331640,1.0,0.9954581760538116,BOB
Dami-FX,1768,367010280,0.9955435520361992,0.9960478654468325,BOB
EDWIN_TRADER_xD,1630,338363550,0.9971595092024539,1.0,BOB
_FastCoins_,1628,334858505,0.9964146191646192,0.995618143495086,BOB
RoinoFX,1809,318006710,0.9992526257600884,0.9992401992260918,BOB
crip_jhor,1497,301284439,0.9942945891783568,0.9939413618503674,BOB
DIDOU,1749,293328325,0.9843259005145798,0.9851978836020583,BOB
