merchant_name,ads_count,total_volume,avg_finish_rate,avg_positive_rate,currency
DigitalBrok,1210,247993735,0.9862628099173553,0.9965805452396694,BOB
I0O,950,197205750,0.9977926315789474,1.0,BOB
EDWIN_TRADER_xD,934,193884390,0.9972473233404711,1.0,BOB
Lulu-FX,869,180391365,1.0,0.9958047743153049,BOB
ARZ_USDT_P2P,1016,158965975,0.9911318897637795,1.0,BOB
crip_jhor,784,158664164,0.9945727040816327,0.9937740431632653,BOB
Anita FX,750,155688750,0.996,0.9967630881599999,BOB
_FastCoins_,666,137766170,0.9944579579579579,0.9954922902402401,BOB
Dami-FX,652,135345420,0.995786809815951,0.9960233958128835,BOB
CRIPTO-SEGURO-BOLIVA,631,130986135,0.979985736925515,0.9311879655150554,BOB
