merchant_name,ads_count,total_volume,avg_finish_rate,avg_positive_rate,currency
DigitalBrok,2083,429215440,0.9873883821411426,0.9965597268746998,BOB
I0O,1666,344772835,0.9985816326530612,0.9999997282713085,BOB
Anita FX,1615,335249775,0.9964303405572755,0.9968539936532508,BOB
Lulu-FX,1521,315736785,1.0,0.9954890440039447,BOB
Dami-FX,1498,310962330,0.9955226969292389,0.9960418909813085,BOB
EDWIN_TRADER_xD,1498,310962330,0.997173564753004,1.0,BOB
_FastCoins_,1425,293477250,0.9963312280701754,0.9955906798105263,BOB
RoinoFX,1572,275127865,0.9992907124681933,0.999238897697201,BOB
DIDOU,1580,264985710,0.9847316455696202,0.985196929006329,BOB
crip_jhor,1312,264284439,0.9943048780487805,0.9939055276829268,BOB
