merchant_name,ads_count,total_volume,avg_finish_rate,avg_positive_rate,currency
DigitalBrok,2100,432744385,0.9874014285714287,0.9965605238952382,BOB
I0O,1675,346641100,0.9985838805970149,0.9999997297313432,BOB
Anita FX,1630,338363550,0.9964355828220859,0.9968558749693252,BOB
Lulu-FX,1532,318020220,1.0,0.9954866804699739,BOB
Dami-FX,1513,314076105,0.9955175148711171,0.9960422248578983,BOB
EDWIN_TRADER_xD,1500,311377500,0.9971733333333334,1.0,BOB
_FastCoins_,1447,297998610,0.9963413959917069,0.9955937214098134,BOB
RoinoFX,1583,277099865,0.9992886923562856,0.9992389617814277,BOB
DIDOU,1584,265225710,0.9847247474747475,0.9851968993371213,BOB
crip_jhor,1314,264684439,0.9943074581430745,0.9939059305631659,BOB
