merchant_name,ads_count,total_volume,avg_finish_rate,avg_positive_rate,currency
DigitalBrok,1940,399530785,0.987269587628866,0.9965528475360824,BOB
I0O,1557,322146070,0.9985420680796403,0.9999997092485549,BOB
Anita FX,1460,303074100,0.9963698630136987,0.9968359662671232,BOB
EDWIN_TRADER_xD,1454,301828590,0.9971788170563961,1.0,BOB
Lulu-FX,1419,294563115,1.0,0.9955145974207188,BOB
Dami-FX,1281,265916385,0.9956112412177985,0.996036938501171,BOB
_FastCoins_,1273,262364260,0.99614689709348,0.9955691082953654,BOB
ARZ_USDT_P2P,1588,257540455,0.9904659949622165,0.9999883007619648,BOB
crip_jhor,1265,255084129,0.9942418972332014,0.9938961292648221,BOB
DIDOU,1461,251520235,0.9850041067761807,0.9852006558179329,BOB
