merchant_name,ads_count,total_volume,avg_finish_rate,avg_positive_rate,currency
DigitalBrok,1480,304041685,0.9868209459459458,0.9965768466689189,BOB
I0O,1143,236378635,0.998071741032371,0.9999996039370078,BOB
EDWIN_TRADER_xD,1055,219002175,0.9972189573459715,1.0,BOB
Lulu-FX,1043,216511155,1.0,0.9957498942090125,BOB
ARZ_USDT_P2P,1244,201880630,0.9907234726688103,1.0,BOB
CRIPTO-SEGURO-BOLIVA,904,187613550,0.980912610619469,0.9312003919137168,BOB
Anita FX,896,185996160,0.9960145089285714,0.9967733078013392,BOB
_FastCoins_,864,178450035,0.995269675925926,0.9955136141666666,BOB
Dami-FX,843,174994155,0.9958256227758007,0.9960269769276394,BOB
crip_jhor,836,169238619,0.9945897129186603,0.9937892547727273,BOB
