merchant_name,ads_count,total_volume,avg_finish_rate,avg_positive_rate,currency
DigitalBrok,2283,470732440,0.9875164257555847,0.9965685342444153,BOB
Anita FX,1840,381956400,0.9964999999999999,0.9968830430434782,BOB
I0O,1764,365116165,0.9986048752834467,0.9999997433673469,BOB
Lulu-FX,1679,348535215,1.0,0.9954648933650982,BOB
Dami-FX,1659,344383515,0.9955135623869801,0.9960453683725136,BOB
EDWIN_TRADER_xD,1564,324662940,0.9971662404092072,1.0,BOB
_FastCoins_,1561,321200615,0.9963894939141577,0.9956091186611147,BOB
RoinoFX,1733,304065690,0.9992637045585689,0.9992397997114829,BOB
crip_jhor,1452,292284439,0.9943347107438015,0.9939329876515152,BOB
DIDOU,1654,275521525,0.9845695284159613,0.985196594286578,BOB
