merchant_name,ads_count,total_volume,avg_finish_rate,avg_positive_rate,currency
DigitalBrok,2185,450389110,0.9874636155606408,0.996564361556064,BOB
Anita FX,1740,361197900,0.9964712643678161,0.9968699873275862,BOB
I0O,1713,354529330,0.9985931115002918,0.999999735726795,BOB
Lulu-FX,1592,330475320,1.0,0.995475685816583,BOB
Dami-FX,1580,327984300,0.9954974683544303,0.9960436591455696,BOB
EDWIN_TRADER_xD,1528,317189880,0.9971701570680628,1.0,BOB
_FastCoins_,1509,310588235,0.9963684559310801,0.9956021974155069,BOB
RoinoFX,1674,293257010,0.9992729988052568,0.9992394842174432,BOB
crip_jhor,1417,285284439,0.9943514467184192,0.9939262981227946,BOB
DIDOU,1649,274483600,0.9845833838690115,0.9851965889933293,BOB
