merchant_name,ads_count,total_volume,avg_finish_rate,avg_positive_rate,currency
DigitalBrok,1885,388113610,0.987219098143236,0.9965504715649868,BOB
I0O,1520,314465425,0.9985065789473684,0.9999997021710526,BOB
EDWIN_TRADER_xD,1451,301205835,0.9971791867677463,1.0,BOB
Lulu-FX,1419,294563115,1.0,0.9955145974207188,BOB
Anita FX,1417,294147945,0.9963507410021171,0.9968311205151729,BOB
ARZ_USDT_P2P,1588,257540455,0.9904659949622165,0.9999883007619648,BOB
Dami-FX,1235,256367475,0.995634008097166,0.9960358237813766,BOB
_FastCoins_,1217,251012560,0.9960616269515202,0.995561045834018,BOB
DIDOU,1451,249444385,0.985038594073053,0.9852011267746381,BOB
crip_jhor,1236,249284129,0.9942710355987056,0.9938900178964402,BOB
