merchant_name,ads_count,total_volume,avg_finish_rate,avg_positive_rate,currency
DigitalBrok,2333,481111690,0.9875267895413631,0.9965705517145307,BOB
Anita FX,1907,395864595,0.9965175668589407,0.9968915088044049,BOB
I0O,1811,374872660,0.9986096079514081,0.999999750027609,BOB
Lulu-FX,1736,360367560,1.0,0.9954595579608295,BOB
Dami-FX,1712,355385520,0.9955286214953272,0.9960465032301402,BOB
EDWIN_TRADER_xD,1587,329437395,0.9971638311279143,1.0,BOB
_FastCoins_,1575,324061295,0.9963949206349205,0.9956109852,BOB
RoinoFX,1769,310848710,0.9992583380440928,0.9992399875522894,BOB
crip_jhor,1476,297084439,0.9943130081300813,0.9939374976490515,BOB
DIDOU,1699,283714585,0.9844496762801648,0.9851967872218952,BOB
