merchant_name,ads_count,total_volume,avg_finish_rate,avg_positive_rate,currency
DigitalBrok,1784,367147525,0.9871210762331838,0.996552989792601,BOB
I0O,1405,290593150,0.9983843416370107,0.9999996777935942,BOB
EDWIN_TRADER_xD,1346,279409410,0.9971931649331351,1.0,BOB
Lulu-FX,1296,269030160,1.0,0.9955600125308641,BOB
Anita FX,1261,261764685,0.9962704203013482,0.996812717295797,BOB
ARZ_USDT_P2P,1587,257340455,0.990466288594833,0.9999885058412098,BOB
Dami-FX,1117,231872445,0.9957009847806626,0.9960328368218443,BOB
_FastCoins_,1105,228081610,0.9958651583710407,0.9955444095837105,BOB
crip_jhor,1126,227284129,0.9943952042628775,0.9938650499200711,BOB
DIDOU,1289,226022415,0.985589604344453,0.985211347269201,BOB
