merchant_name,ads_count,total_volume,avg_finish_rate,avg_positive_rate,currency
DigitalBrok,1495,307155460,0.9868341137123746,0.9965736282742474,BOB
I0O,1197,247415470,0.9981587301587302,0.9999996218045112,BOB
Lulu-FX,1155,239760675,1.0,0.9956439249004329,BOB
EDWIN_TRADER_xD,1134,235401390,0.9972037037037037,1.0,BOB
ARZ_USDT_P2P,1376,225635730,0.9905704941860466,1.0,BOB
Anita FX,1003,208207755,0.9960887337986042,0.9967846156331007,BOB
CRIPTO-SEGURO-BOLIVA,952,197575290,0.9810420168067226,0.9311820197163866,BOB
Dami-FX,949,196998165,0.9958250790305585,0.9960294446469968,BOB
_FastCoins_,892,184262415,0.9953553811659193,0.9955168894170403,BOB
crip_jhor,867,175484129,0.9945847750865051,0.9937982388811994,BOB
