merchant_name,ads_count,total_volume,avg_finish_rate,avg_positive_rate,currency
DigitalBrok,2098,432329215,0.9873999046711154,0.9965604303813156,BOB
I0O,1675,346641100,0.9985838805970149,0.9999997297313432,BOB
Anita FX,1628,337948380,0.9964348894348893,0.996855622113022,BOB
Lulu-FX,1530,317605050,1.0,0.9954871058169934,BOB
Dami-FX,1512,313868520,0.9955178571428571,0.9960422025198412,BOB
EDWIN_TRADER_xD,1500,311377500,0.9971733333333334,1.0,BOB
_FastCoins_,1444,297383440,0.996340027700831,0.9955933077216067,BOB
RoinoFX,1581,276741865,0.9992890575585073,0.9992389501960783,BOB
DIDOU,1584,265225710,0.9847247474747475,0.9851968993371213,BOB
crip_jhor,1314,264684439,0.9943074581430745,0.9939059305631659,BOB
