merchant_name,ads_count,total_volume,avg_finish_rate,avg_positive_rate,currency
DigitalBrok,1862,383339155,0.9871970998925886,0.9965493032330827,BOB
I0O,1490,308237875,0.9984765100671141,0.9999996961744966,BOB
EDWIN_TRADER_xD,1437,298299645,0.9971809324982603,1.0,BOB
Anita FX,1392,288958320,0.9963390804597702,0.9968283191307472,BOB
Lulu-FX,1391,288750735,1.0,0.9955236731056794,BOB
ARZ_USDT_P2P,1588,257540455,0.9904659949622165,0.9999883007619648,BOB
Dami-FX,1204,249932340,0.9956503322259136,0.9960350403820597,BOB
DIDOU,1433,247111290,0.9851018841591068,0.9852020065108165,BOB
crip_jhor,1198,241684129,0.9943113522537562,0.9938816838397329,BOB
_FastCoins_,1169,241268445,0.9959820359281436,0.9955540098802396,BOB
