merchant_name,ads_count,total_volume,avg_finish_rate,avg_positive_rate,currency
DigitalBrok,1348,276640465,0.9865430267062314,0.9965842219510386,BOB
I0O,1022,211260850,0.9978776908023483,0.9999995570450098,BOB
EDWIN_TRADER_xD,986,204678810,0.9972342799188642,1.0,BOB
Lulu-FX,970,201357450,1.0,0.9958417999587629,BOB
Anita FX,849,176239665,0.996,0.9967679552532391,BOB
ARZ_USDT_P2P,1077,170807300,0.9909907149489322,1.0,BOB
crip_jhor,806,163132429,0.9945744416873449,0.993780376687345,BOB
_FastCoins_,775,160050820,0.994956129032258,0.9955031121419355,BOB
CRIPTO-SEGURO-BOLIVA,749,155477655,0.9803538050734312,0.9312128208411216,BOB
Dami-FX,747,155065995,0.9958032128514056,0.99602461145917,BOB
