merchant_name,ads_count,total_volume,avg_finish_rate,avg_positive_rate,currency
蜜雪冰城财源广进24H,2234,3351000000,0.9909932855863921,0.9962571815353626,CNY
龙腾大宗理财资金-可查流水-零冻结,2062,3093000000,0.9426217264791464,0.9909908990106693,CNY
光头强-老牌商家-可验资,1996,2994000000,0.9897565130260522,1.0,CNY
古天乐急速安全-老牌神盾,1701,2551500000,0.9998201058201058,0.9919444286890065,CNY
老朱-实名收付-金牌神盾,2406,2406000000,0.942854114713217,0.9963421590191189,CNY
富民资本安全资金,1531,2296500000,0.9284408883082952,0.9819795869170477,CNY
宏森商贸-诚信安全,1462,2193000000,0.9754569083447332,0.991293451874145,CNY
财神-实名收付-老牌神盾,2181,2181000000,0.9585451627693719,1.0,CNY
coco神盾pro安全快捷,1353,2029500000,0.9893370288248338,0.99818181,CNY
兴达严选-实名收付-资金保障,1338,2007000000,0.9216831091180867,1.0,CNY
