merchant_name,ads_count,total_volume,avg_finish_rate,avg_positive_rate,currency
光头强-老牌商家-可验资,1804,2706000000,0.9902987804878048,1.0,CNY
龙腾大宗理财资金-可查流水-零冻结,1600,2400000000,0.939494375,0.9920487426625,CNY
蜜雪冰城财源广进24H,1592,2388000000,0.9918304020100502,0.9962553674560302,CNY
古天乐急速安全-老牌神盾,1230,1845000000,1.0,0.9919404036260162,CNY
老朱-实名收付-金牌神盾,1787,1787000000,0.9414045886961387,0.9963300391326245,CNY
要快乐-股市证券沉淀资金-可验流水零冻结,1057,1585500000,0.9291579943235573,0.9743954778997161,CNY
coco神盾pro安全快捷,1052,1578000000,0.9895513307984791,0.9981818099999998,CNY
财神-实名收付-老牌神盾,1496,1496000000,0.9591323529411764,1.0,CNY
富民资本安全资金,942,1413000000,0.9374246284501061,0.9819732806687899,CNY
宏森商贸-诚信安全,924,1386000000,0.9746872294372294,0.9912793883116884,CNY
