merchant_name,ads_count,total_volume,avg_finish_rate,avg_positive_rate,currency
蜜雪冰城财源广进24H,2982,4473000000,0.9898832997987927,0.9962583099228706,CNY
龙腾大宗理财资金-可查流水-零冻结,2941,4411500000,0.9505042502550153,0.9893954784359061,CNY
富民资本安全资金,2467,3700500000,0.9238179975678963,0.9820009601499797,CNY
光头强-老牌商家-可验资,2376,3564000000,0.9878766835016836,1.0,CNY
老朱-实名收付-金牌神盾,3343,3343000000,0.9450287167215076,0.9963589808794496,CNY
财神-实名收付-老牌神盾,2982,2982000000,0.9597910798122065,1.0,CNY
宏森商贸-诚信安全,1879,2818500000,0.9761293241085683,0.9913014452527941,CNY
兴达严选-实名收付-资金保障,1850,2775000000,0.9348000000000001,1.0,CNY
古天乐急速安全-老牌神盾,1824,2736000000,0.9992253289473684,0.9919451375109649,CNY
coco神盾pro安全快捷,1747,2620500000,0.9888002289639382,0.99818181,CNY
