merchant_name,ads_count,total_volume,avg_finish_rate,avg_positive_rate,currency
光头强-老牌商家-可验资,1804,2706000000,0.9902987804878048,1.0,CNY
蜜雪冰城财源广进24H,1686,2529000000,0.9916725978647687,0.9962557194009489,CNY
龙腾大宗理财资金-可查流水-零冻结,1682,2523000000,0.9396973840665873,0.9920698256004757,CNY
古天乐急速安全-老牌神盾,1324,1986000000,1.0,0.9919414356646526,CNY
老朱-实名收付-金牌神盾,1881,1881000000,0.9415842636895267,0.9963323764327485,CNY
coco神盾pro安全快捷,1105,1657500000,0.989620814479638,0.99818181,CNY
要快乐-股市证券沉淀资金-可验流水零冻结,1104,1656000000,0.9298750000000001,0.9744077414130436,CNY
财神-实名收付-老牌神盾,1590,1590000000,0.9589471698113207,1.0,CNY
富民资本安全资金,1024,1536000000,0.935388671875,0.9819739772949219,CNY
宏森商贸-诚信安全,971,1456500000,0.9750411946446962,0.9912805960659115,CNY
