merchant_name,ads_count,total_volume,avg_finish_rate,avg_positive_rate,currency
光头强-老牌商家-可验资,1804,2706000000,0.9902987804878048,1.0,CNY
龙腾大宗理财资金-可查流水-零冻结,1595,2392500000,0.9394840125391849,0.9920473869968653,CNY
蜜雪冰城财源广进24H,1580,2370000000,0.9918518987341772,0.9962553195126582,CNY
古天乐急速安全-老牌神盾,1218,1827000000,1.0,0.991940260410509,CNY
老朱-实名收付-金牌神盾,1775,1775000000,0.9413802816901409,0.9963297229352113,CNY
要快乐-股市证券沉淀资金-可验流水零冻结,1051,1576500000,0.9290675547098002,0.974393833396765,CNY
coco神盾pro安全快捷,1048,1572000000,0.9895458015267177,0.9981818099999998,CNY
财神-实名收付-老牌神盾,1484,1484000000,0.9591576819407007,1.0,CNY
富民资本安全资金,936,1404000000,0.9375876068376068,0.9819732249038462,CNY
宏森商贸-诚信安全,918,1377000000,0.9746394335511982,0.9912792252287582,CNY
