merchant_name,ads_count,total_volume,avg_finish_rate,avg_positive_rate,currency
蜜雪冰城财源广进24H,2397,3595500000,0.9907805590321235,0.9962574874384647,CNY
龙腾大宗理财资金-可查流水-零冻结,2285,3427500000,0.94487352297593,0.9904489265426696,CNY
光头强-老牌商家-可验资,2102,3153000000,0.9892197906755472,1.0,CNY
古天乐急速安全-老牌神盾,1824,2736000000,0.9992253289473684,0.9919451375109649,CNY
富民资本安全资金,1766,2649000000,0.928263873159683,0.9819870831087203,CNY
老朱-实名收付-金牌神盾,2599,2599000000,0.9432146979607541,0.9963454870834936,CNY
宏森商贸-诚信安全,1611,2416500000,0.9757709497206704,0.9912967831595283,CNY
财神-实名收付-老牌神盾,2363,2363000000,0.9583707151925519,1.0,CNY
兴达严选-实名收付-资金保障,1541,2311500000,0.9268968202465931,1.0,CNY
coco神盾pro安全快捷,1469,2203500000,0.9891524846834582,0.99818181,CNY
