merchant_name,ads_count,total_volume,avg_finish_rate,avg_positive_rate,currency
光头强-老牌商家-可验资,1804,2706000000,0.9902987804878048,1.0,CNY
蜜雪冰城财源广进24H,1724,2586000000,0.9916102088167054,0.9962558507830626,CNY
龙腾大宗理财资金-可查流水-零冻结,1720,2580000000,0.9398482558139535,0.9920789141046511,CNY
古天乐急速安全-老牌神盾,1362,2043000000,1.0,0.9919418124375918,CNY
老朱-实名收付-金牌神盾,1915,1915000000,0.9416323759791122,0.9963331653315928,CNY
要快乐-股市证券沉淀资金-可验流水零冻结,1123,1684500000,0.9302101513802316,0.9744124076402494,CNY
coco神盾pro安全快捷,1113,1669500000,0.9896307277628033,0.99818181,CNY
财神-实名收付-老牌神盾,1618,1618000000,0.9589042027194066,1.0,CNY
富民资本安全资金,1059,1588500000,0.9345920679886685,0.9819742417847026,CNY
宏森商贸-诚信安全,990,1485000000,0.9751626262626262,0.9912810517575757,CNY
