merchant_name,ads_count,total_volume,avg_finish_rate,avg_positive_rate,currency
光头强-老牌商家-可验资,1804,2706000000,0.9902987804878048,1.0,CNY
龙腾大宗理财资金-可查流水-零冻结,1598,2397000000,0.9394899874843553,0.9920482014142677,CNY
蜜雪冰城财源广进24H,1586,2379000000,0.9918411097099621,0.9962553435750314,CNY
古天乐急速安全-老牌神盾,1224,1836000000,1.0,0.991940332369281,CNY
老朱-实名收付-金牌神盾,1781,1781000000,0.9413924761370016,0.9963298815665357,CNY
要快乐-股市证券沉淀资金-可验流水零冻结,1054,1581000000,0.9291129032258064,0.9743946579886149,CNY
coco神盾pro安全快捷,1049,1573500000,0.9895471877979028,0.9981818099999998,CNY
财神-实名收付-老牌神盾,1490,1490000000,0.959144966442953,1.0,CNY
富民资本安全资金,939,1408500000,0.9375058572949947,0.9819732528753994,CNY
宏森商贸-诚信安全,921,1381500000,0.9746634093376764,0.9912793070358306,CNY
