merchant_name,ads_count,total_volume,avg_finish_rate,avg_positive_rate,currency
蜜雪冰城财源广进24H,2092,3138000000,0.9911481835564053,0.9962568761902485,CNY
龙腾大宗理财资金-可查流水-零冻结,1982,2973000000,0.9418890010090817,0.991220027679112,CNY
光头强-老牌商家-可验资,1971,2956500000,0.9898878741755454,1.0,CNY
古天乐急速安全-老牌神盾,1542,2313000000,1.0,0.9919433448378729,CNY
老朱-实名收付-金牌神盾,2204,2204000000,0.9423829401088928,0.9963388882486388,CNY
富民资本安全资金,1399,2098500000,0.9295997140814868,0.9819761224088634,CNY
财神-实名收付-老牌神盾,1945,1945000000,0.9588442159383034,1.0,CNY
宏森商贸-诚信安全,1274,1911000000,0.9750627943485086,0.9912881367974883,CNY
要快乐-股市证券沉淀资金-可验流水零冻结,1230,1845000000,0.9322829268292684,0.9744359939512195,CNY
coco神盾pro安全快捷,1220,1830000000,0.989583606557377,0.99818181,CNY
