merchant_name,ads_count,total_volume,avg_finish_rate,avg_positive_rate,currency
蜜雪冰城财源广进24H,2733,4099500000,0.990310647639956,0.9962580028796195,CNY
龙腾大宗理财资金-可查流水-零冻结,2691,4036500000,0.9484559643255296,0.9897219695726497,CNY
光头强-老牌商家-可验资,2299,3448500000,0.9882431491953023,1.0,CNY
富民资本安全资金,2248,3372000000,0.9249639679715302,0.981997554363879,CNY
老朱-实名收付-金牌神盾,3090,3090000000,0.944342071197411,0.9963530733527508,CNY
宏森商贸-诚信安全,1879,2818500000,0.9761293241085683,0.9913014452527941,CNY
财神-实名收付-老牌神盾,2812,2812000000,0.9591664295874822,1.0,CNY
古天乐急速安全-老牌神盾,1824,2736000000,0.9992253289473684,0.9919451375109649,CNY
coco神盾pro安全快捷,1747,2620500000,0.9888002289639382,0.99818181,CNY
兴达严选-实名收付-资金保障,1696,2544000000,0.931246462264151,1.0,CNY
