merchant_name,ads_count,total_volume,avg_finish_rate,avg_positive_rate,currency
光头强-老牌商家-可验资,1804,2706000000,0.9902987804878048,1.0,CNY
蜜雪冰城财源广进24H,1618,2427000000,0.9917849196538937,0.996255468893696,CNY
龙腾大宗理财资金-可查流水-零冻结,1614,2421000000,0.9395247831474598,0.9920524938413878,CNY
古天乐急速安全-老牌神盾,1256,1884000000,1.0,0.9919407045382166,CNY
老朱-实名收付-金牌神盾,1813,1813000000,0.9414561500275785,0.9963307098676227,CNY
coco神盾pro安全快捷,1070,1605000000,0.9895757009345795,0.99818181,CNY
要快乐-股市证券沉淀资金-可验流水零冻结,1070,1605000000,0.9293626168224299,0.9743989777196262,CNY
财神-实名收付-老牌神盾,1522,1522000000,0.9590788436268067,1.0,CNY
富民资本安全资金,956,1434000000,0.9370523012552301,0.9819734080648537,CNY
宏森商贸-诚信安全,937,1405500000,0.9747886872998932,0.991279734493063,CNY
