merchant_name,ads_count,total_volume,avg_finish_rate,avg_positive_rate,currency
龙腾大宗理财资金-可查流水-零冻结,2553,3829500000,0.9472354093223658,0.9899367361692127,CNY
蜜雪冰城财源广进24H,2544,3816000000,0.9905919811320754,0.996257729697327,CNY
光头强-老牌商家-可验资,2162,3243000000,0.9889528214616096,1.0,CNY
富民资本安全资金,2065,3097500000,0.9261375302663438,0.9819941544067797,CNY
老朱-实名收付-金牌神盾,2868,2868000000,0.9438410041841003,0.9963496517921897,CNY
宏森商贸-诚信安全,1879,2818500000,0.9761293241085683,0.9913014452527941,CNY
古天乐急速安全-老牌神盾,1824,2736000000,0.9992253289473684,0.9919451375109649,CNY
财神-实名收付-老牌神盾,2647,2647000000,0.9584098979977334,1.0,CNY
兴达严选-实名收付-资金保障,1678,2517000000,0.9307878426698452,1.0,CNY
coco神盾pro安全快捷,1628,2442000000,0.9889422604422605,0.99818181,CNY
