merchant_name,ads_count,total_volume,avg_finish_rate,avg_positive_rate,currency
光头强-老牌商家-可验资,1804,2706000000,0.9902987804878048,1.0,CNY
龙腾大宗理财资金-可查流水-零冻结,1581,2371500000,0.9394617330803289,0.9920435455154966,CNY
蜜雪冰城财源广进24H,1552,2328000000,0.9919033505154639,0.9962552047615978,CNY
古天乐急速安全-老牌神盾,1190,1785000000,1.0,0.9919399150084034,CNY
老朱-实名收付-金牌神盾,1747,1747000000,0.941322266742988,0.9963289682484259,CNY
coco神盾pro安全快捷,1048,1572000000,0.9895458015267177,0.9981818099999998,CNY
要快乐-股市证券沉淀资金-可验流水零冻结,1037,1555500000,0.9288524590163935,0.9743899222179364,CNY
财神-实名收付-老牌神盾,1456,1456000000,0.9592184065934065,1.0,CNY
富民资本安全资金,922,1383000000,0.9379761388286334,0.9819730919631237,CNY
宏森商贸-诚信安全,904,1356000000,0.9745254424778761,0.99127906,CNY
