merchant_name,ads_count,total_volume,avg_finish_rate,avg_positive_rate,currency
蜜雪冰城财源广进24H,2633,3949500000,0.9904705658944171,0.9962578632244588,CNY
龙腾大宗理财资金-可查流水-零冻结,2608,3912000000,0.9477154907975459,0.9898476889723926,CNY
光头强-老牌商家-可验资,2251,3376500000,0.9884828964904486,1.0,CNY
富民资本安全资金,2152,3228000000,0.9255659851301116,0.9819958428856878,CNY
老朱-实名收付-金牌神盾,2976,2976000000,0.9441008064516129,0.9963511120497311,CNY
宏森商贸-诚信安全,1879,2818500000,0.9761293241085683,0.9913014452527941,CNY
古天乐急速安全-老牌神盾,1824,2736000000,0.9992253289473684,0.9919451375109649,CNY
财神-实名收付-老牌神盾,2736,2736000000,0.9588468567251461,1.0,CNY
coco神盾pro安全快捷,1719,2578500000,0.9888394415357766,0.99818181,CNY
兴达严选-实名收付-资金保障,1678,2517000000,0.9307878426698452,1.0,CNY
