merchant_name,ads_count,total_volume,avg_finish_rate,avg_positive_rate,currency
蜜雪冰城财源广进24H,2790,4185000000,0.9902225806451613,0.9962580780035842,CNY
龙腾大宗理财资金-可查流水-零冻结,2751,4126500000,0.9489636495819701,0.9896367706724828,CNY
光头强-老牌商家-可验资,2301,3451500000,0.988233376792699,1.0,CNY
富民资本安全资金,2278,3417000000,0.9248195785776997,0.9819980596180861,CNY
老朱-实名收付-金牌神盾,3148,3148000000,0.9444831639135959,0.9963544643329098,CNY
财神-实名收付-老牌神盾,2842,2842000000,0.9592913441238564,1.0,CNY
宏森商贸-诚信安全,1879,2818500000,0.9761293241085683,0.9913014452527941,CNY
古天乐急速安全-老牌神盾,1824,2736000000,0.9992253289473684,0.9919451375109649,CNY
coco神盾pro安全快捷,1747,2620500000,0.9888002289639382,0.99818181,CNY
兴达严选-实名收付-资金保障,1726,2589000000,0.9319895712630359,1.0,CNY
