merchant_name,ads_count,total_volume,avg_finish_rate,avg_positive_rate,currency
光头强-老牌商家-可验资,1876,2814000000,0.9901305970149253,1.0,CNY
蜜雪冰城财源广进24H,1862,2793000000,0.9914167561761547,0.9962562828088077,CNY
龙腾大宗理财资金-可查流水-零冻结,1807,2710500000,0.9402966242390702,0.9917978450802435,CNY
古天乐急速安全-老牌神盾,1496,2244000000,1.0,0.991942988302139,CNY
老朱-实名收付-金牌神盾,1984,1984000000,0.9417676411290322,0.9963346832157258,CNY
要快乐-股市证券沉淀资金-可验流水零冻结,1193,1789500000,0.9314300083822296,0.9744283164962281,CNY
富民资本安全资金,1155,1732500000,0.9328510822510823,0.981974884961039,CNY
财神-实名收付-老牌神盾,1728,1728000000,0.9589016203703703,1.0,CNY
coco神盾pro安全快捷,1140,1710000000,0.9896631578947368,0.99818181,CNY
宏森商贸-诚信安全,1051,1576500000,0.9752559467174119,0.9912824034062797,CNY
