merchant_name,ads_count,total_volume,avg_finish_rate,avg_positive_rate,currency
蜜雪冰城财源广进24H,2104,3156000000,0.9911349809885931,0.996256903588403,CNY
龙腾大宗理财资金-可查流水-零冻结,2006,3009000000,0.9421156530408774,0.9911491293619142,CNY
光头强-老牌商家-可验资,1971,2956500000,0.9898878741755454,1.0,CNY
古天乐急速安全-老牌神盾,1542,2313000000,1.0,0.9919433448378729,CNY
老朱-实名收付-金牌神盾,2228,2228000000,0.9424039497307002,0.9963392967414721,CNY
富民资本安全资金,1411,2116500000,0.9294642097802976,0.981976172225372,CNY
财神-实名收付-老牌神盾,1969,1969000000,0.9588379888268156,1.0,CNY
宏森商贸-诚信安全,1298,1947000000,0.9750277349768876,0.9912889010477659,CNY
coco神盾pro安全快捷,1232,1848000000,0.9895665584415584,0.99818181,CNY
要快乐-股市证券沉淀资金-可验流水零冻结,1230,1845000000,0.9322829268292684,0.9744359939512195,CNY
