merchant_name,ads_count,total_volume,avg_finish_rate,avg_positive_rate,currency
蜜雪冰城财源广进24H,2045,3067500000,0.991197555012225,0.996256765784841,CNY
光头强-老牌商家-可验资,1971,2956500000,0.9898878741755454,1.0,CNY
龙腾大宗理财资金-可查流水-零冻结,1905,2857500000,0.9411165354330708,0.9914595529606299,CNY
古天乐急速安全-老牌神盾,1542,2313000000,1.0,0.9919433448378729,CNY
老朱-实名收付-金牌神盾,2119,2119000000,0.942252477583766,0.9963373670835299,CNY
富民资本安全资金,1352,2028000000,0.9301420118343194,0.9819759187795859,CNY
财神-实名收付-老牌神盾,1885,1885000000,0.9588392572944298,1.0,CNY
要快乐-股市证券沉淀资金-可验流水零冻结,1230,1845000000,0.9322829268292684,0.9744359939512195,CNY
宏森商贸-诚信安全,1187,1780500000,0.9752872788542544,0.9912851073209773,CNY
coco神盾pro安全快捷,1186,1779000000,0.989629005059022,0.99818181,CNY
