merchant_name,ads_count,total_volume,avg_finish_rate,avg_positive_rate,currency
光头强-老牌商家-可验资,1762,2643000000,0.9903405221339387,1.0,CNY
龙腾大宗理财资金-可查流水-零冻结,1522,2283000000,0.9393396846254928,0.992026579934297,CNY
蜜雪冰城财源广进24H,1463,2194500000,0.9920806561859193,0.9962548108475734,CNY
老朱-实名收付-金牌神盾,1657,1657000000,0.9410850935425468,0.9963274388352443,CNY
古天乐急速安全-老牌神盾,1100,1650000000,1.0,0.9919386856909091,CNY
coco神盾pro安全快捷,1048,1572000000,0.9895458015267177,0.9981818099999998,CNY
要快乐-股市证券沉淀资金-可验流水零冻结,992,1488000000,0.9283860887096774,0.9743779032661292,CNY
财神-实名收付-老牌神盾,1366,1366000000,0.9593660322108345,1.0,CNY
富民资本安全资金,876,1314000000,0.9391038812785388,0.9819726252397261,CNY
宏森商贸-诚信安全,860,1290000000,0.974143023255814,0.9912790600000001,CNY
