merchant_name,ads_count,total_volume,avg_finish_rate,avg_positive_rate,currency
光头强-老牌商家-可验资,1804,2706000000,0.9902987804878048,1.0,CNY
蜜雪冰城财源广进24H,1718,2577000000,0.9916193247962748,0.9962558304249127,CNY
龙腾大宗理财资金-可查流水-零冻结,1714,2571000000,0.9398197199533255,0.9920775058693116,CNY
古天乐急速安全-老牌神盾,1356,2034000000,1.0,0.9919417543510325,CNY
老朱-实名收付-金牌神盾,1913,1913000000,0.9416299006795609,0.9963331197020387,CNY
要快乐-股市证券沉淀资金-可验流水零冻结,1120,1680000000,0.9301544642857142,0.9744116813928573,CNY
coco神盾pro安全快捷,1112,1668000000,0.9896294964028778,0.99818181,CNY
财神-实名收付-老牌神盾,1615,1615000000,0.9589058823529412,1.0,CNY
富民资本安全资金,1053,1579500000,0.9347264957264957,0.9819741976923076,CNY
宏森商贸-诚信安全,987,1480500000,0.9751540020263424,0.9912809809726444,CNY
