merchant_name,ads_count,total_volume,avg_finish_rate,avg_positive_rate,currency
蜜雪冰城财源广进24H,2301,3451500000,0.9909061277705344,0.9962573125206432,CNY
龙腾大宗理财资金-可查流水-零冻结,2175,3262500000,0.9438363218390805,0.990700504648276,CNY
光头强-老牌商家-可验资,2046,3069000000,0.9894936461388074,1.0,CNY
古天乐急速安全-老牌神盾,1802,2703000000,0.9993257491675916,0.9919450178357381,CNY
老朱-实名收付-金牌神盾,2509,2509000000,0.9430653646871263,0.9963439255918692,CNY
富民资本安全资金,1647,2470500000,0.9283394049787492,0.9819835545173042,CNY
宏森商贸-诚信安全,1529,2293500000,0.9756075866579463,0.9912950301700457,CNY
财神-实名收付-老牌神盾,2257,2257000000,0.9584793974302172,1.0,CNY
coco神盾pro安全快捷,1439,2158500000,0.9891973592772758,0.99818181,CNY
兴达严选-实名收付-资金保障,1435,2152500000,0.9235296167247388,1.0,CNY
