merchant_name,ads_count,total_volume,avg_finish_rate,avg_positive_rate,currency
蜜雪冰城财源广进24H,1998,2997000000,0.9912522522522522,0.9962566501851852,CNY
光头强-老牌商家-可验资,1953,2929500000,0.98994726062468,1.0,CNY
龙腾大宗理财资金-可查流水-零冻结,1905,2857500000,0.9411165354330708,0.9914595529606299,CNY
古天乐急速安全-老牌神盾,1542,2313000000,1.0,0.9919433448378729,CNY
老朱-实名收付-金牌神盾,2096,2096000000,0.9421846374045801,0.9963369342652673,CNY
富民资本安全资金,1288,1932000000,0.9309572981366461,0.9819756176009318,CNY
财神-实名收付-老牌神盾,1864,1864000000,0.9588487124463518,1.0,CNY
要快乐-股市证券沉淀资金-可验流水零冻结,1230,1845000000,0.9322829268292684,0.9744359939512195,CNY
coco神盾pro安全快捷,1165,1747500000,0.9896583690987124,0.9981818100000001,CNY
宏森商贸-诚信安全,1149,1723500000,0.9753611836379461,0.9912842744125326,CNY
