merchant_name,ads_count,total_volume,avg_finish_rate,avg_positive_rate,currency
光头强-老牌商家-可验资,1818,2727000000,0.9902623762376238,1.0,CNY
蜜雪冰城财源广进24H,1792,2688000000,0.9915111607142857,0.9962560719810268,CNY
龙腾大宗理财资金-可查流水-零冻结,1760,2640000000,0.94004375,0.9919744332954545,CNY
古天乐急速安全-老牌神盾,1426,2139000000,1.0,0.9919424016129033,CNY
老朱-实名收付-金牌神盾,1949,1949000000,0.9416916367367881,0.9963339267060031,CNY
要快乐-股市证券沉淀资金-可验流水零冻结,1158,1737000000,0.9308385146804836,0.9744206024870466,CNY
coco神盾pro安全快捷,1114,1671000000,0.9896319569120288,0.99818181,CNY
财神-实名收付-老牌神盾,1658,1658000000,0.958897466827503,1.0,CNY
富民资本安全资金,1079,1618500000,0.9341788693234476,0.9819743852177942,CNY
宏森商贸-诚信安全,1016,1524000000,0.9751958661417323,0.9912816477165354,CNY
