merchant_name,ads_count,total_volume,avg_finish_rate,avg_positive_rate,currency
蜜雪冰城财源广进24H,2290,3435000000,0.9909200873362445,0.9962572915414848,CNY
龙腾大宗理财资金-可查流水-零冻结,2153,3229500000,0.9436098467254992,0.9907546519786344,CNY
光头强-老牌商家-可验资,2035,3052500000,0.9895503685503685,1.0,CNY
古天乐急速安全-老牌神盾,1780,2670000000,0.9994286516853932,0.9919448952022473,CNY
老朱-实名收付-金牌神盾,2487,2487000000,0.943021712907117,0.9963435768435867,CNY
富民资本安全资金,1625,2437500000,0.9283575384615385,0.9819828455692308,CNY
宏森商贸-诚信安全,1507,2260500000,0.9755580623755806,0.9912945273988056,CNY
财神-实名收付-老牌神盾,2246,2246000000,0.958486642920748,1.0,CNY
coco神盾pro安全快捷,1426,2139000000,0.9892173913043478,0.99818181,CNY
兴达严选-实名收付-资金保障,1413,2119500000,0.9231330502476999,1.0,CNY
