merchant_name,ads_count,total_volume,avg_finish_rate,avg_positive_rate,currency
蜜雪冰城财源广进24H,2218,3327000000,0.9910148782687105,0.996257149084761,CNY
龙腾大宗理财资金-可查流水-零冻结,2058,3087000000,0.9425767735665694,0.9910017628571428,CNY
光头强-老牌商家-可验资,1996,2994000000,0.9897565130260522,1.0,CNY
古天乐急速安全-老牌神盾,1671,2506500000,0.9999784560143626,0.9919442399760622,CNY
老朱-实名收付-金牌神盾,2375,2375000000,0.9427869473684211,0.9963416186147368,CNY
富民资本安全资金,1515,2272500000,0.9284653465346535,0.981978991980198,CNY
宏森商贸-诚信安全,1447,2170500000,0.9754305459571526,0.9912930785003455,CNY
财神-实名收付-老牌神盾,2150,2150000000,0.9585818604651163,1.0,CNY
coco神盾pro安全快捷,1339,2008500000,0.9893614637789394,0.99818181,CNY
兴达严选-实名收付-资金保障,1317,1975500000,0.9212475322703112,1.0,CNY
