merchant_name,ads_count,total_volume,avg_finish_rate,avg_positive_rate,currency
光头强-老牌商家-可验资,1811,2716500000,0.99027885146328,1.0,CNY
蜜雪冰城财源广进24H,1779,2668500000,0.9915295109612142,0.9962560310005621,CNY
龙腾大宗理财资金-可查流水-零冻结,1751,2626500000,0.9399977155910908,0.9920098977841234,CNY
古天乐急速安全-老牌神盾,1412,2118000000,1.0,0.9919422772946176,CNY
老朱-实名收付-金牌神盾,1942,1942000000,0.9416761071060762,0.9963337721318228,CNY
要快乐-股市证券沉淀资金-可验流水零冻结,1151,1726500000,0.9307158992180712,0.974419003388358,CNY
coco神盾pro安全快捷,1114,1671000000,0.9896319569120288,0.99818181,CNY
财神-实名收付-老牌神盾,1645,1645000000,0.9588966565349544,1.0,CNY
富民资本安全资金,1072,1608000000,0.9343106343283583,0.981974335625,CNY
宏森商贸-诚信安全,1009,1513500000,0.9751833498513379,0.9912814902874133,CNY
