merchant_name,ads_count,total_volume,avg_finish_rate,avg_positive_rate,currency
龙腾大宗理财资金-可查流水-零冻结,2558,3837000000,0.9472799061767004,0.9899284827365129,CNY
蜜雪冰城财源广进24H,2549,3823500000,0.9905849352687329,0.9962577374460573,CNY
光头强-老牌商家-可验资,2167,3250500000,0.9889280110752192,1.0,CNY
富民资本安全资金,2070,3105000000,0.9261033816425122,0.9819942552898551,CNY
老朱-实名收付-金牌神盾,2878,2878000000,0.9438658790826963,0.9963497916052815,CNY
宏森商贸-诚信安全,1879,2818500000,0.9761293241085683,0.9913014452527941,CNY
古天乐急速安全-老牌神盾,1824,2736000000,0.9992253289473684,0.9919451375109649,CNY
财神-实名收付-老牌神盾,2652,2652000000,0.9584336349924586,1.0,CNY
兴达严选-实名收付-资金保障,1678,2517000000,0.9307878426698452,1.0,CNY
coco神盾pro安全快捷,1633,2449500000,0.9889363135333742,0.99818181,CNY
