merchant_name,ads_count,total_volume,avg_finish_rate,avg_positive_rate,currency
蜜雪冰城财源广进24H,2219,3328500000,0.9910135196034251,0.9962571511266336,CNY
龙腾大宗理财资金-可查流水-零冻结,2058,3087000000,0.9425767735665694,0.9910017628571428,CNY
光头强-老牌商家-可验资,1996,2994000000,0.9897565130260522,1.0,CNY
古天乐急速安全-老牌神盾,1673,2509500000,0.9999677226539151,0.9919442527674835,CNY
老朱-实名收付-金牌神盾,2377,2377000000,0.9427913336137989,0.9963416537273875,CNY
富民资本安全资金,1516,2274000000,0.9284637203166226,0.9819790295316623,CNY
宏森商贸-诚信安全,1448,2172000000,0.9754323204419889,0.9912931036325967,CNY
财神-实名收付-老牌神盾,2152,2152000000,0.9585794609665427,1.0,CNY
coco神盾pro安全快捷,1340,2010000000,0.9893597014925373,0.99818181,CNY
兴达严选-实名收付-资金保障,1318,1977000000,0.9212685887708649,1.0,CNY
