merchant_name,ads_count,total_volume,avg_finish_rate,avg_positive_rate,currency
蜜雪冰城财源广进24H,1953,2929500000,0.9913041474654378,0.9962565342908346,CNY
光头强-老牌商家-可验资,1922,2883000000,0.9900192507804371,1.0,CNY
龙腾大宗理财资金-可查流水-零冻结,1897,2845500000,0.9410411175540326,0.9914855537743806,CNY
古天乐急速安全-老牌神盾,1542,2313000000,1.0,0.9919433448378729,CNY
老朱-实名收付-金牌神盾,2053,2053000000,0.9420209449585972,0.9963360990696543,CNY
要快乐-股市证券沉淀资金-可验流水零冻结,1230,1845000000,0.9322829268292684,0.9744359939512195,CNY
财神-实名收付-老牌神盾,1819,1819000000,0.958869708631116,1.0,CNY
富民资本安全资金,1211,1816500000,0.9319719240297274,0.9819752130553262,CNY
coco神盾pro安全快捷,1153,1729500000,0.9896756287944493,0.99818181,CNY
宏森商贸-诚信安全,1106,1659000000,0.9753037974683544,0.9912834942857143,CNY
