merchant_name,ads_count,total_volume,avg_finish_rate,avg_positive_rate,currency
蜜雪冰城财源广进24H,2193,3289500000,0.9910419516643867,0.9962570974327405,CNY
龙腾大宗理财资金-可查流水-零冻结,2055,3082500000,0.9425498783454987,0.9910099384963503,CNY
光头强-老牌商家-可验资,1992,2988000000,0.9897801204819278,1.0,CNY
古天乐急速安全-老牌神盾,1643,2464500000,1.0,0.9919440576262933,CNY
老朱-实名收付-金牌神盾,2351,2351000000,0.9427303275202041,0.9963412593662271,CNY
富民资本安全资金,1500,2250000000,0.9285413333333332,0.9819784227,CNY
宏森商贸-诚信安全,1422,2133000000,0.9753741209563994,0.9912924387060478,CNY
财神-实名收付-老牌神盾,2118,2118000000,0.9586208687440981,1.0,CNY
coco神盾pro安全快捷,1316,1974000000,0.9894027355623101,0.99818181,CNY
兴达严选-实名收付-资金保障,1285,1927500000,0.9205439688715954,1.0,CNY
