merchant_name,ads_count,total_volume,avg_finish_rate,avg_positive_rate,currency
蜜雪冰城财源广进24H,2526,3789000000,0.9906175771971497,0.9962577015479018,CNY
龙腾大宗理财资金-可查流水-零冻结,2524,3786000000,0.9469786053882726,0.9899854137876388,CNY
光头强-老牌商家-可验资,2138,3207000000,0.9890645463049579,1.0,CNY
富民资本安全资金,2023,3034500000,0.9264636678200693,0.9819932873010381,CNY
老朱-实名收付-金牌神盾,2822,2822000000,0.9437409638554217,0.9963489958894401,CNY
宏森商贸-诚信安全,1871,2806500000,0.9761213254943879,0.9913013254249065,CNY
古天乐急速安全-老牌神盾,1824,2736000000,0.9992253289473684,0.9919451375109649,CNY
财神-实名收付-老牌神盾,2618,2618000000,0.9582738731856378,1.0,CNY
兴达严选-实名收付-资金保障,1657,2485500000,0.9302401931200965,1.0,CNY
coco神盾pro安全快捷,1612,2418000000,0.9889615384615384,0.99818181,CNY
