merchant_name,ads_count,total_volume,avg_finish_rate,avg_positive_rate,currency
光头强-老牌商家-可验资,1804,2706000000,0.9902987804878048,1.0,CNY
蜜雪冰城财源广进24H,1664,2496000000,0.9917079326923077,0.996255640594952,CNY
龙腾大宗理财资金-可查流水-零冻结,1660,2490000000,0.9396403614457831,0.9920643736506025,CNY
古天乐急速安全-老牌神盾,1302,1953000000,1.0,0.9919412074807987,CNY
老朱-实名收付-金牌神盾,1859,1859000000,0.94154384077461,0.996331850591716,CNY
coco神盾pro安全快捷,1094,1641000000,0.9896069469835466,0.9981818099999998,CNY
要快乐-股市证券沉淀资金-可验流水零冻结,1093,1639500000,0.9297127172918573,0.9744049657639524,CNY
财神-实名收付-老牌神盾,1568,1568000000,0.9589885204081633,1.0,CNY
富民资本安全资金,1002,1503000000,0.9359021956087824,0.9819738015868263,CNY
宏森商贸-诚信安全,960,1440000000,0.9749614583333333,0.991280324,CNY
