merchant_name,ads_count,total_volume,avg_finish_rate,avg_positive_rate,currency
蜜雪冰城财源广进24H,2922,4383000000,0.9899869952087612,0.9962582407221081,CNY
龙腾大宗理财资金-可查流水-零冻结,2881,4321500000,0.9500322804581743,0.989467953030198,CNY
富民资本安全资金,2407,3610500000,0.9241167428334026,0.9820000886954716,CNY
光头强-老牌商家-可验资,2346,3519000000,0.9880179028132992,1.0,CNY
老朱-实名收付-金牌神盾,3284,3284000000,0.9448577953714982,0.9963576184104751,CNY
财神-实名收付-老牌神盾,2922,2922000000,0.959584873374401,1.0,CNY
宏森商贸-诚信安全,1879,2818500000,0.9761293241085683,0.9913014452527941,CNY
古天乐急速安全-老牌神盾,1824,2736000000,0.9992253289473684,0.9919451375109649,CNY
兴达严选-实名收付-资金保障,1800,2700000000,0.9337133333333333,1.0,CNY
coco神盾pro安全快捷,1747,2620500000,0.9888002289639382,0.99818181,CNY
