merchant_name,ads_count,total_volume,avg_finish_rate,avg_positive_rate,currency
光头强-老牌商家-可验资,1804,2706000000,0.9902987804878048,1.0,CNY
蜜雪冰城财源广进24H,1682,2523000000,0.9916789536266349,0.9962557052259216,CNY
龙腾大宗理财资金-可查流水-零冻结,1678,2517000000,0.9396871275327771,0.9920688449702026,CNY
古天乐急速安全-老牌神盾,1320,1980000000,1.0,0.9919413947424243,CNY
老朱-实名收付-金牌神盾,1877,1877000000,0.9415769845498135,0.9963322817421417,CNY
coco神盾pro安全快捷,1103,1654500000,0.9896183136899365,0.99818181,CNY
要快乐-股市证券沉淀资金-可验流水零冻结,1102,1653000000,0.9298457350272232,0.9744072408711435,CNY
财神-实名收付-老牌神盾,1586,1586000000,0.9589546027742749,1.0,CNY
富民资本安全资金,1020,1530000000,0.9354803921568627,0.9819739459117647,CNY
宏森商贸-诚信安全,969,1453500000,0.9750268317853457,0.9912805470588235,CNY
