merchant_name,ads_count,total_volume,avg_finish_rate,avg_positive_rate,currency
光头强-老牌商家-可验资,1842,2763000000,0.9902068403908795,1.0,CNY
蜜雪冰城财源广进24H,1828,2742000000,0.9914617067833699,0.9962561824234136,CNY
龙腾大宗理财资金-可查流水-零冻结,1773,2659500000,0.9401105470953187,0.9919246530964467,CNY
古天乐急速安全-老牌神盾,1462,2193000000,1.0,0.9919427103556772,CNY
老朱-实名收付-金牌神盾,1967,1967000000,0.9417310625317743,0.9963343191306558,CNY
要快乐-股市证券沉淀资金-可验流水零冻结,1176,1764000000,0.9311471088435375,0.9744246270408163,CNY
财神-实名收付-老牌神盾,1694,1694000000,0.9588996458087367,1.0,CNY
coco神盾pro安全快捷,1123,1684500000,0.9896429207479963,0.9981818100000001,CNY
富民资本安全资金,1107,1660500000,0.9336684733514001,0.9819745773170732,CNY
宏森商贸-诚信安全,1034,1551000000,0.9752272727272727,0.9912820427466151,CNY
