merchant_name,ads_count,total_volume,avg_finish_rate,avg_positive_rate,currency
龙腾大宗理财资金-可查流水-零冻结,2528,3792000000,0.9470134493670885,0.9899784930537974,CNY
蜜雪冰城财源广进24H,2526,3789000000,0.9906175771971497,0.9962577015479018,CNY
光头强-老牌商家-可验资,2138,3207000000,0.9890645463049579,1.0,CNY
富民资本安全资金,2031,3046500000,0.9263988183161005,0.9819934552289512,CNY
老朱-实名收付-金牌神盾,2830,2830000000,0.9437583038869257,0.9963491114911661,CNY
宏森商贸-诚信安全,1875,2812500000,0.9761253333333333,0.9913013854666667,CNY
古天乐急速安全-老牌神盾,1824,2736000000,0.9992253289473684,0.9919451375109649,CNY
财神-实名收付-老牌神盾,2622,2622000000,0.95829176201373,1.0,CNY
兴达严选-实名收付-资金保障,1661,2491500000,0.9303455749548465,1.0,CNY
coco神盾pro安全快捷,1612,2418000000,0.9889615384615384,0.99818181,CNY
