merchant_name,ads_count,total_volume,avg_finish_rate,avg_positive_rate,currency
蜜雪冰城财源广进24H,2866,4299000000,0.9900844382414514,0.9962581735205861,CNY
龙腾大宗理财资金-可查流水-零冻结,2827,4240500000,0.9495935620799433,0.9895358104775379,CNY
富民资本安全资金,2351,3526500000,0.9244053594215228,0.9819992352062952,CNY
光头强-老牌商家-可验资,2318,3477000000,0.9881509922346852,1.0,CNY
老朱-实名收付-金牌神盾,3228,3228000000,0.944691140024783,0.9963563009045848,CNY
财神-实名收付-老牌神盾,2876,2876000000,0.9594182892906814,1.0,CNY
宏森商贸-诚信安全,1879,2818500000,0.9761293241085683,0.9913014452527941,CNY
古天乐急速安全-老牌神盾,1824,2736000000,0.9992253289473684,0.9919451375109649,CNY
兴达严选-实名收付-资金保障,1770,2655000000,0.9330305084745762,1.0,CNY
coco神盾pro安全快捷,1747,2620500000,0.9888002289639382,0.99818181,CNY
