merchant_name,ads_count,total_volume,avg_finish_rate,avg_positive_rate,currency
光头强-老牌商家-可验资,1804,2706000000,0.9902987804878048,1.0,CNY
蜜雪冰城财源广进24H,1640,2460000000,0.9917475609756097,0.9962555522134146,CNY
龙腾大宗理财资金-可查流水-零冻结,1636,2454000000,0.9395764058679706,0.9920582588386307,CNY
古天乐急速安全-老牌神盾,1278,1917000000,1.0,0.9919409495931142,CNY
老朱-实名收付-金牌神盾,1835,1835000000,0.9414986376021798,0.9963312625667575,CNY
coco神盾pro安全快捷,1082,1623000000,0.9895914972273568,0.9981818100000001,CNY
要快乐-股市证券沉淀资金-可验流水零冻结,1081,1621500000,0.9295319148936171,0.9744018733580019,CNY
财神-实名收付-老牌神盾,1544,1544000000,0.9590349740932642,1.0,CNY
富民资本安全资金,978,1467000000,0.9364887525562372,0.9819736008895706,CNY
宏森商贸-诚信安全,948,1422000000,0.9748723628691983,0.99128002,CNY
