merchant_name,ads_count,total_volume,avg_finish_rate,avg_positive_rate,currency
蜜雪冰城财源广进24H,2272,3408000000,0.9909432218309858,0.9962572567737675,CNY
龙腾大宗理财资金-可查流水-零冻结,2117,3175500000,0.9432290977798772,0.9908456842276807,CNY
光头强-老牌商家-可验资,2017,3025500000,0.9896445215666833,1.0,CNY
古天乐急速安全-老牌神盾,1744,2616000000,0.9996026376146789,0.9919446878555046,CNY
老朱-实名收付-金牌神盾,2451,2451000000,0.9429485924112607,0.9963429926601388,CNY
富民资本安全资金,1589,2383500000,0.9283882945248585,0.9819816431277534,CNY
财神-实名收付-老牌神盾,2228,2228000000,0.9584986535008976,1.0,CNY
宏森商贸-诚信安全,1477,2215500000,0.9754881516587678,0.9912938176641841,CNY
coco神盾pro安全快捷,1390,2085000000,0.989274820143885,0.99818181,CNY
兴达严选-实名收付-资金保障,1377,2065500000,0.9224567901234567,1.0,CNY
