merchant_name,ads_count,total_volume,avg_finish_rate,avg_positive_rate,currency
蜜雪冰城财源广进24H,2526,3789000000,0.9906175771971497,0.9962577015479018,CNY
龙腾大宗理财资金-可查流水-零冻结,2479,3718500000,0.9465925776522792,0.9900648109923357,CNY
光头强-老牌商家-可验资,2138,3207000000,0.9890645463049579,1.0,CNY
富民资本安全资金,1975,2962500000,0.926873924050633,0.9819922511645569,CNY
老朱-实名收付-金牌神盾,2780,2780000000,0.9436370503597121,0.9963483780647482,CNY
宏森商贸-诚信安全,1828,2742000000,0.9760771334792122,0.9913006633807441,CNY
古天乐急速安全-老牌神盾,1824,2736000000,0.9992253289473684,0.9919451375109649,CNY
财神-实名收付-老牌神盾,2576,2576000000,0.9582410714285715,1.0,CNY
兴达严选-实名收付-资金保障,1650,2475000000,0.9300545454545454,1.0,CNY
coco神盾pro安全快捷,1571,2356500000,0.9890127307447486,0.99818181,CNY
