merchant_name,ads_count,total_volume,avg_finish_rate,avg_positive_rate,currency
蜜雪冰城财源广进24H,2115,3172500000,0.9911186761229314,0.9962569284302599,CNY
龙腾大宗理财资金-可查流水-零冻结,2027,3040500000,0.9423009373458312,0.9910884705525407,CNY
光头强-老牌商家-可验资,1971,2956500000,0.9898878741755454,1.0,CNY
古天乐急速安全-老牌神盾,1543,2314500000,1.0,0.9919433523525599,CNY
老朱-实名收付-金牌神盾,2248,2248000000,0.9424537366548043,0.9963396304893237,CNY
富民资本安全资金,1433,2149500000,0.9291960921144452,0.981976261388695,CNY
财神-实名收付-老牌神盾,1986,1986000000,0.9588051359516616,1.0,CNY
宏森商贸-诚信安全,1318,1977000000,0.9750880121396054,0.9912895166616085,CNY
coco神盾pro安全快捷,1240,1860000000,0.9895499999999999,0.99818181,CNY
要快乐-股市证券沉淀资金-可验流水零冻结,1230,1845000000,0.9322829268292684,0.9744359939512195,CNY
