merchant_name,ads_count,total_volume,avg_finish_rate,avg_positive_rate,currency
蜜雪冰城财源广进24H,2496,3744000000,0.9906610576923077,0.996257653729968,CNY
龙腾大宗理财资金-可查流水-零冻结,2391,3586500000,0.9458226683396068,0.9902298471727311,CNY
光头强-老牌商家-可验资,2138,3207000000,0.9890645463049579,1.0,CNY
富民资本安全资金,1872,2808000000,0.9278803418803419,0.9819898484455128,CNY
古天乐急速安全-老牌神盾,1824,2736000000,0.9992253289473684,0.9919451375109649,CNY
老朱-实名收付-金牌神盾,2682,2682000000,0.9433747203579418,0.9963468612229679,CNY
宏森商贸-诚信安全,1717,2575500000,0.9759528246942342,0.9912988011007572,CNY
财神-实名收付-老牌神盾,2469,2469000000,0.9582737950587282,1.0,CNY
兴达严选-实名收付-资金保障,1646,2469000000,0.9299477521263669,1.0,CNY
coco神盾pro安全快捷,1510,2265000000,0.9890940397350992,0.99818181,CNY
