merchant_name,ads_count,total_volume,avg_finish_rate,avg_positive_rate,currency
光头强-老牌商家-可验资,1804,2706000000,0.9902987804878048,1.0,CNY
蜜雪冰城财源广进24H,1734,2601000000,0.9915951557093425,0.9962558844002306,CNY
龙腾大宗理财资金-可查流水-零冻结,1730,2595000000,0.9398953757225433,0.9920812394566474,CNY
古天乐急速安全-老牌神盾,1368,2052000000,1.0,0.9919418700146199,CNY
老朱-实名收付-金牌神盾,1920,1920000000,0.9416385416666666,0.9963332789895833,CNY
要快乐-股市证券沉淀资金-可验流水零冻结,1128,1692000000,0.930302304964539,0.9744136094680851,CNY
coco神盾pro安全快捷,1114,1671000000,0.9896319569120288,0.99818181,CNY
财神-实名收付-老牌神盾,1623,1623000000,0.9589014171287739,1.0,CNY
富民资本安全资金,1069,1603500000,0.9343713751169317,0.9819743141721234,CNY
宏森商贸-诚信安全,995,1492500000,0.9751668341708543,0.9912811687839196,CNY
