merchant_name,ads_count,total_volume,avg_finish_rate,avg_positive_rate,currency
蜜雪冰城财源广进24H,2261,3391500000,0.9909575409111012,0.9962572352543123,CNY
龙腾大宗理财资金-可查流水-零冻结,2095,3142500000,0.9429899761336514,0.990902855183771,CNY
光头强-老牌商家-可验资,2006,3009000000,0.989702891326022,1.0,CNY
古天乐急速安全-老牌神盾,1727,2590500000,0.9996873190503764,0.9919445869368848,CNY
老朱-实名收付-金牌神盾,2433,2433000000,0.9429112207151665,0.9963426833333334,CNY
富民资本安全资金,1571,2356500000,0.9284042011457669,0.9819810212412475,CNY
财神-实名收付-老牌神盾,2217,2217000000,0.9585060893098781,1.0,CNY
宏森商贸-诚信安全,1470,2205000000,0.9754714285714285,0.9912936478911565,CNY
coco神盾pro安全快捷,1379,2068500000,0.9892929659173313,0.99818181,CNY
兴达严选-实名收付-资金保障,1364,2046000000,0.9222038123167156,1.0,CNY
