merchant_name,ads_count,total_volume,avg_finish_rate,avg_positive_rate,currency
蜜雪冰城财源广进24H,2199,3298500000,0.9910363801728057,0.9962571099363347,CNY
龙腾大宗理财资金-可查流水-零冻结,2058,3087000000,0.9425767735665694,0.9910017628571428,CNY
光头强-老牌商家-可验资,1995,2992500000,0.9897624060150376,1.0,CNY
古天乐急速安全-老牌神盾,1649,2473500000,1.0,0.991944097222559,CNY
老朱-实名收付-金牌神盾,2357,2357000000,0.9427462876537972,0.9963413498642343,CNY
富民资本安全资金,1503,2254500000,0.9285143047238855,0.9819785374650699,CNY
宏森商贸-诚信安全,1428,2142000000,0.9753893557422969,0.9912925942997199,CNY
财神-实名收付-老牌神盾,2124,2124000000,0.9586134651600754,1.0,CNY
coco神盾pro安全快捷,1322,1983000000,0.9893918305597579,0.99818181,CNY
兴达严选-实名收付-资金保障,1291,1936500000,0.920680867544539,1.0,CNY
