merchant_name,ads_count,total_volume,avg_finish_rate,avg_positive_rate,currency
光头强-老牌商家-可验资,1804,2706000000,0.9902987804878048,1.0,CNY
龙腾大宗理财资金-可查流水-零冻结,1594,2391000000,0.9394824341279798,0.9920471148431619,CNY
蜜雪冰城财源广进24H,1578,2367000000,0.9918555133079847,0.9962553114512039,CNY
古天乐急速安全-老牌神盾,1216,1824000000,1.0,0.9919402362664475,CNY
老朱-实名收付-金牌神盾,1773,1773000000,0.9413761985335589,0.9963296698195149,CNY
要快乐-股市证券沉淀资金-可验流水零冻结,1050,1575000000,0.929052380952381,0.9743935574857143,CNY
coco神盾pro安全快捷,1048,1572000000,0.9895458015267177,0.9981818099999998,CNY
财神-实名收付-老牌神盾,1482,1482000000,0.959161943319838,1.0,CNY
富民资本安全资金,935,1402500000,0.937614973262032,0.981973215540107,CNY
宏森商贸-诚信安全,917,1375500000,0.9746314067611778,0.9912791978407851,CNY
