merchant_name,ads_count,total_volume,avg_finish_rate,avg_positive_rate,currency
龙腾大宗理财资金-可查流水-零冻结,2539,3808500000,0.9471098857818039,0.9899600187160299,CNY
蜜雪冰城财源广进24H,2530,3795000000,0.9906118577075099,0.9962577078379447,CNY
光头强-老牌商家-可验资,2148,3222000000,0.9890176908752327,1.0,CNY
富民资本安全资金,2051,3076500000,0.9262393954168698,0.9819938693174062,CNY
老朱-实名收付-金牌神盾,2852,2852000000,0.9438064516129032,0.9963494260518935,CNY
宏森商贸-诚信安全,1879,2818500000,0.9761293241085683,0.9913014452527941,CNY
古天乐急速安全-老牌神盾,1824,2736000000,0.9992253289473684,0.9919451375109649,CNY
财神-实名收付-老牌神盾,2633,2633000000,0.9583429548044057,1.0,CNY
兴达严选-实名收付-资金保障,1672,2508000000,0.9306327751196173,1.0,CNY
coco神盾pro安全快捷,1615,2422500000,0.988957894736842,0.9981818100000001,CNY
