merchant_name,ads_count,total_volume,avg_finish_rate,avg_positive_rate,currency
蜜雪冰城财源广进24H,2084,3126000000,0.9911564299424185,0.9962568577495201,CNY
光头强-老牌商家-可验资,1971,2956500000,0.9898878741755454,1.0,CNY
龙腾大宗理财资金-可查流水-零冻结,1966,2949000000,0.941733468972533,0.9912682548830112,CNY
古天乐急速安全-老牌神盾,1542,2313000000,1.0,0.9919433448378729,CNY
老朱-实名收付-金牌神盾,2188,2188000000,0.9423564899451553,0.9963386109414992,CNY
富民资本安全资金,1391,2086500000,0.9296894320632639,0.981976088720345,CNY
财神-实名收付-老牌神盾,1929,1929000000,0.9588429237947123,1.0,CNY
宏森商贸-诚信安全,1258,1887000000,0.9751017488076311,0.9912876110969793,CNY
要快乐-股市证券沉淀资金-可验流水零冻结,1230,1845000000,0.9322829268292684,0.9744359939512195,CNY
coco神盾pro安全快捷,1212,1818000000,0.9895940594059405,0.9981818099999998,CNY
