merchant_name,ads_count,total_volume,avg_finish_rate,avg_positive_rate,currency
蜜雪冰城财源广进24H,2679,4018500000,0.9903975363941769,0.9962579287607316,CNY
龙腾大宗理财资金-可查流水-零冻结,2645,3967500000,0.9480465028355388,0.9897900979659735,CNY
光头强-老牌商家-可验资,2294,3441000000,0.9882676547515257,1.0,CNY
富民资本安全资金,2199,3298500000,0.9252514779445202,0.98199669946794,CNY
老朱-实名收付-金牌神盾,3031,3031000000,0.9442111514351699,0.9963518371197625,CNY
宏森商贸-诚信安全,1879,2818500000,0.9761293241085683,0.9913014452527941,CNY
财神-实名收付-老牌神盾,2776,2776000000,0.9590147694524496,1.0,CNY
古天乐急速安全-老牌神盾,1824,2736000000,0.9992253289473684,0.9919451375109649,CNY
coco神盾pro安全快捷,1747,2620500000,0.9888002289639382,0.99818181,CNY
兴达严选-实名收付-资金保障,1678,2517000000,0.9307878426698452,1.0,CNY
