merchant_name,ads_count,total_volume,avg_finish_rate,avg_positive_rate,currency
蜜雪冰城财源广进24H,2515,3772500000,0.9906333996023856,0.9962576841471172,CNY
龙腾大宗理财资金-可查流水-零冻结,2413,3619500000,0.946015748031496,0.9901867898342314,CNY
光头强-老牌商家-可验资,2138,3207000000,0.9890645463049579,1.0,CNY
富民资本安全资金,1894,2841000000,0.9276272439281943,0.981990383595565,CNY
古天乐急速安全-老牌神盾,1824,2736000000,0.9992253289473684,0.9919451375109649,CNY
老朱-实名收付-金牌神盾,2702,2702000000,0.9434245003700962,0.9963471797187269,CNY
宏森商贸-诚信安全,1737,2605500000,0.9759763960852044,0.9912991542256765,CNY
财神-实名收付-老牌神盾,2490,2490000000,0.9582630522088352,1.0,CNY
兴达严选-实名收付-资金保障,1650,2475000000,0.9300545454545454,1.0,CNY
coco神盾pro安全快捷,1510,2265000000,0.9890940397350992,0.99818181,CNY
