merchant_name,ads_count,total_volume,avg_finish_rate,avg_positive_rate,currency
光头强-老牌商家-可验资,1756,2634000000,0.9903416856492027,1.0,CNY
龙腾大宗理财资金-可查流水-零冻结,1510,2265000000,0.93931059602649,0.9920229670596027,CNY
蜜雪冰城财源广进24H,1451,2176500000,0.9920978635423845,0.9962547540385941,CNY
老朱-实名收付-金牌神盾,1645,1645000000,0.9410419452887537,0.9963272716291793,CNY
古天乐急速安全-老牌神盾,1088,1632000000,1.0,0.9919385064154411,CNY
coco神盾pro安全快捷,1048,1572000000,0.9895458015267177,0.9981818099999998,CNY
要快乐-股市证券沉淀资金-可验流水零冻结,986,1479000000,0.9283580121703854,0.9743770246450305,CNY
财神-实名收付-老牌神盾,1354,1354000000,0.9593781388478583,1.0,CNY
富民资本安全资金,866,1299000000,0.9393129330254041,0.9819725172170901,CNY
宏森商贸-诚信安全,854,1281000000,0.9740878220140515,0.99127906,CNY
