merchant_name,ads_count,total_volume,avg_finish_rate,avg_positive_rate,currency
蜜雪冰城财源广进24H,2209,3313500000,0.991027161611589,0.996257130624717,CNY
龙腾大宗理财资金-可查流水-零冻结,2058,3087000000,0.9425767735665694,0.9910017628571428,CNY
光头强-老牌商家-可验资,1996,2994000000,0.9897565130260522,1.0,CNY
古天乐急速安全-老牌神盾,1656,2484000000,1.0,0.9919441430555556,CNY
老朱-实名收付-金牌神盾,2367,2367000000,0.942772708069286,0.9963414996746938,CNY
富民资本安全资金,1507,2260500000,0.9284784339747844,0.9819786897743863,CNY
宏森商贸-诚信安全,1438,2157000000,0.9754144645340751,0.9912928507371348,CNY
财神-实名收付-老牌神盾,2134,2134000000,0.9586012183692596,1.0,CNY
coco神盾pro安全快捷,1331,1996500000,0.9893756574004507,0.9981818100000001,CNY
兴达严选-实名收付-资金保障,1301,1951500000,0.9209062259800154,1.0,CNY
