merchant_name,ads_count,total_volume,avg_finish_rate,avg_positive_rate,currency
光头强-老牌商家-可验资,1774,2661000000,0.9903382187147688,1.0,CNY
龙腾大宗理财资金-可查流水-零冻结,1546,2319000000,0.9393965071151359,0.9920336374256145,CNY
蜜雪冰城财源广进24H,1486,2229000000,0.9920484522207268,0.996254917166891,CNY
古天乐急速安全-老牌神盾,1124,1686000000,1.0,0.9919390327580071,CNY
老朱-实名收付-金牌神盾,1681,1681000000,0.9411695419393218,0.9963277660856633,CNY
coco神盾pro安全快捷,1048,1572000000,0.9895458015267177,0.9981818099999998,CNY
要快乐-股市证券沉淀资金-可验流水零冻结,1004,1506000000,0.928441235059761,0.974380271434263,CNY
财神-实名收付-老牌神盾,1390,1390000000,0.9593424460431654,1.0,CNY
富民资本安全资金,889,1333500000,0.9388391451068616,0.9819727620359956,CNY
宏森商贸-诚信安全,872,1308000000,0.9742511467889908,0.99127906,CNY
