merchant_name,ads_count,total_volume,avg_finish_rate,avg_positive_rate,currency
蜜雪冰城财源广进24H,2526,3789000000,0.9906175771971497,0.9962577015479018,CNY
龙腾大宗理财资金-可查流水-零冻结,2517,3775500000,0.946917361938816,0.9899975780015892,CNY
光头强-老牌商家-可验资,2138,3207000000,0.9890645463049579,1.0,CNY
富民资本安全资金,2013,3019500000,0.9265514157973174,0.981993075514158,CNY
老朱-实名收付-金牌神盾,2817,2817000000,0.9437316293929712,0.9963489233049343,CNY
宏森商贸-诚信安全,1866,2799000000,0.9761162915326902,0.9913012500107182,CNY
古天乐急速安全-老牌神盾,1824,2736000000,0.9992253289473684,0.9919451375109649,CNY
财神-实名收付-老牌神盾,2613,2613000000,0.9582514351320321,1.0,CNY
兴达严选-实名收付-资金保障,1652,2478000000,0.9301077481840194,1.0,CNY
coco神盾pro安全快捷,1607,2410500000,0.9889676415681393,0.99818181,CNY
