merchant_name,ads_count,total_volume,avg_finish_rate,avg_positive_rate,currency
蜜雪冰城财源广进24H,2751,4126500000,0.9902824427480915,0.9962580269392948,CNY
龙腾大宗理财资金-可查流水-零冻结,2709,4063500000,0.9486124031007751,0.9896960136286453,CNY
光头强-老牌商家-可验资,2301,3451500000,0.988233376792699,1.0,CNY
富民资本安全资金,2257,3385500000,0.9249202481169695,0.9819977073504651,CNY
老朱-实名收付-金牌神盾,3108,3108000000,0.9443864221364221,0.9963535105920205,CNY
财神-实名收付-老牌神盾,2821,2821000000,0.9592041829138603,1.0,CNY
宏森商贸-诚信安全,1879,2818500000,0.9761293241085683,0.9913014452527941,CNY
古天乐急速安全-老牌神盾,1824,2736000000,0.9992253289473684,0.9919451375109649,CNY
coco神盾pro安全快捷,1747,2620500000,0.9888002289639382,0.99818181,CNY
兴达严选-实名收付-资金保障,1705,2557500000,0.9314721407624634,1.0,CNY
