merchant_name,ads_count,total_volume,avg_finish_rate,avg_positive_rate,currency
蜜雪冰城财源广进24H,2157,3235500000,0.9910760315252667,0.996257020950394,CNY
龙腾大宗理财资金-可查流水-零冻结,2047,3070500000,0.9424777723497801,0.991031857357108,CNY
光头强-老牌商家-可验资,1975,2962500000,0.9898739240506329,1.0,CNY
古天乐急速安全-老牌神盾,1607,2410500000,1.0,0.9919438138394523,CNY
老朱-实名收付-金牌神盾,2315,2315000000,0.94263282937365,0.9963407065269979,CNY
富民资本安全资金,1482,2223000000,0.9287058029689609,0.9819777243522269,CNY
财神-实名收付-老牌神盾,2082,2082000000,0.9586661863592699,1.0,CNY
宏森商贸-诚信安全,1386,2079000000,0.9752799422799423,0.9912914768542568,CNY
coco神盾pro安全快捷,1280,1920000000,0.9894703125,0.99818181,CNY
兴达严选-实名收付-资金保障,1249,1873500000,0.9196949559647719,1.0,CNY
