merchant_name,ads_count,total_volume,avg_finish_rate,avg_positive_rate,currency
蜜雪冰城财源广进24H,2065,3097500000,0.9911762711864407,0.9962568133801453,CNY
光头强-老牌商家-可验资,1971,2956500000,0.9898878741755454,1.0,CNY
龙腾大宗理财资金-可查流水-零冻结,1928,2892000000,0.941353734439834,0.9913860025518673,CNY
古天乐急速安全-老牌神盾,1542,2313000000,1.0,0.9919433448378729,CNY
老朱-实名收付-金牌神盾,2150,2150000000,0.9422920930232558,0.9963379357953488,CNY
富民资本安全资金,1372,2058000000,0.9299067055393585,0.9819760071355687,CNY
财神-实名收付-老牌神盾,1891,1891000000,0.9588397673188789,1.0,CNY
要快乐-股市证券沉淀资金-可验流水零冻结,1230,1845000000,0.9322829268292684,0.9744359939512195,CNY
宏森商贸-诚信安全,1220,1830000000,0.9751983606557377,0.9912863072950818,CNY
coco神盾pro安全快捷,1193,1789500000,0.9896194467728415,0.99818181,CNY
