merchant_name,ads_count,total_volume,avg_finish_rate,avg_positive_rate,currency
蜜雪冰城财源广进24H,2141,3211500000,0.991091546006539,0.9962569861326482,CNY
龙腾大宗理财资金-可查流水-零冻结,2047,3070500000,0.9424777723497801,0.991031857357108,CNY
光头强-老牌商家-可验资,1971,2956500000,0.9898878741755454,1.0,CNY
古天乐急速安全-老牌神盾,1592,2388000000,1.0,0.9919437090075377,CNY
老朱-实名收付-金牌神盾,2299,2299000000,0.9425885167464114,0.9963404552631578,CNY
富民资本安全资金,1474,2211000000,0.9287801899592943,0.9819774085006784,CNY
财神-实名收付-老牌神盾,2066,2066000000,0.9586868344627298,1.0,CNY
宏森商贸-诚信安全,1370,2055000000,0.975236496350365,0.9912910331386862,CNY
coco神盾pro安全快捷,1264,1896000000,0.9895015822784811,0.99818181,CNY
兴达严选-实名收付-资金保障,1233,1849500000,0.9193017031630171,1.0,CNY
