merchant_name,ads_count,total_volume,avg_finish_rate,avg_positive_rate,currency
蜜雪冰城财源广进24H,2928,4392000000,0.9899767759562842,0.9962582477698086,CNY
龙腾大宗理财资金-可查流水-零冻结,2887,4330500000,0.950080013855213,0.9894605700103913,CNY
富民资本安全资金,2413,3619500000,0.9240866141732283,0.9820001777911314,CNY
光头强-老牌商家-可验资,2349,3523500000,0.9880038314176245,1.0,CNY
老朱-实名收付-金牌神盾,3290,3290000000,0.9448762917933131,0.9963577593951368,CNY
财神-实名收付-老牌神盾,2928,2928000000,0.9596062158469945,1.0,CNY
宏森商贸-诚信安全,1879,2818500000,0.9761293241085683,0.9913014452527941,CNY
古天乐急速安全-老牌神盾,1824,2736000000,0.9992253289473684,0.9919451375109649,CNY
兴达严选-实名收付-资金保障,1806,2709000000,0.9338471760797342,1.0,CNY
coco神盾pro安全快捷,1747,2620500000,0.9888002289639382,0.99818181,CNY
