merchant_name,ads_count,total_volume,avg_finish_rate,avg_positive_rate,currency
蜜雪冰城财源广进24H,2072,3108000000,0.9911689189189188,0.9962568298214285,CNY
光头强-老牌商家-可验资,1971,2956500000,0.9898878741755454,1.0,CNY
龙腾大宗理财资金-可查流水-零冻结,1942,2913000000,0.9414953656024717,0.991342085715757,CNY
古天乐急速安全-老牌神盾,1542,2313000000,1.0,0.9919433448378729,CNY
老朱-实名收付-金牌神盾,2164,2164000000,0.9423160813308687,0.9963381872920517,CNY
富民资本安全资金,1379,2068500000,0.9298259608411893,0.9819760374546772,CNY
财神-实名收付-老牌神盾,1905,1905000000,0.9588409448818896,1.0,CNY
宏森商贸-诚信安全,1234,1851000000,0.9751620745542949,0.9912867969854133,CNY
要快乐-股市证券沉淀资金-可验流水零冻结,1230,1845000000,0.9322829268292684,0.9744359939512195,CNY
coco神盾pro安全快捷,1200,1800000000,0.98961,0.9981818100000001,CNY
