merchant_name,ads_count,total_volume,avg_finish_rate,avg_positive_rate,currency
蜜雪冰城财源广进24H,2071,3106500000,0.9911699661999035,0.9962568274794785,CNY
光头强-老牌商家-可验资,1971,2956500000,0.9898878741755454,1.0,CNY
龙腾大宗理财资金-可查流水-零冻结,1940,2910000000,0.9414752577319587,0.9913483207422681,CNY
古天乐急速安全-老牌神盾,1542,2313000000,1.0,0.9919433448378729,CNY
老朱-实名收付-金牌神盾,2162,2162000000,0.9423126734505087,0.9963381515633672,CNY
富民资本安全资金,1378,2067000000,0.9298374455732946,0.981976033142235,CNY
财神-实名收付-老牌神盾,1903,1903000000,0.9588407777193905,1.0,CNY
宏森商贸-诚信安全,1232,1848000000,0.9751672077922078,0.9912867277110389,CNY
要快乐-股市证券沉淀资金-可验流水零冻结,1230,1845000000,0.9322829268292684,0.9744359939512195,CNY
coco神盾pro安全快捷,1199,1798500000,0.9896113427856548,0.99818181,CNY
