merchant_name,ads_count,total_volume,avg_finish_rate,avg_positive_rate,currency
光头强-老牌商家-可验资,1817,2725500000,0.990264722069345,1.0,CNY
蜜雪冰城财源广进24H,1790,2685000000,0.9915139664804469,0.9962560657150838,CNY
龙腾大宗理财资金-可查流水-零冻结,1760,2640000000,0.94004375,0.9919744332954545,CNY
古天乐急速安全-老牌神盾,1424,2136000000,1.0,0.991942384002809,CNY
老朱-实名收付-金牌神盾,1948,1948000000,0.9416894250513347,0.9963339046919918,CNY
要快乐-股市证券沉淀资金-可验流水零冻结,1157,1735500000,0.9308210890233363,0.9744203752290407,CNY
coco神盾pro安全快捷,1114,1671000000,0.9896319569120288,0.99818181,CNY
财神-实名收付-老牌神盾,1656,1656000000,0.958897342995169,1.0,CNY
富民资本安全资金,1078,1617000000,0.9341975881261595,0.9819743781725417,CNY
宏森商贸-诚信安全,1015,1522500000,0.9751940886699507,0.991281625359606,CNY
