merchant_name,ads_count,total_volume,avg_finish_rate,avg_positive_rate,currency
蜜雪冰城财源广进24H,2211,3316500000,0.9910244233378562,0.9962571347399367,CNY
龙腾大宗理财资金-可查流水-零冻结,2058,3087000000,0.9425767735665694,0.9910017628571428,CNY
光头强-老牌商家-可验资,1996,2994000000,0.9897565130260522,1.0,CNY
古天乐急速安全-老牌神盾,1657,2485500000,1.0,0.9919441495715148,CNY
老朱-实名收付-金牌神盾,2368,2368000000,0.9427744932432431,0.9963415145861486,CNY
富民资本安全资金,1508,2262000000,0.9284767904509283,0.9819787277254642,CNY
宏森商贸-诚信安全,1440,2160000000,0.9754180555555555,0.9912929015972223,CNY
财神-实名收付-老牌神盾,2136,2136000000,0.9585987827715355,1.0,CNY
coco神盾pro安全快捷,1332,1998000000,0.9893738738738739,0.9981818099999998,CNY
兴达严选-实名收付-资金保障,1303,1954500000,0.920949347659248,1.0,CNY
