merchant_name,ads_count,total_volume,avg_finish_rate,avg_positive_rate,currency
蜜雪冰城财源广进24H,2216,3324000000,0.9910175992779783,0.9962571449954873,CNY
龙腾大宗理财资金-可查流水-零冻结,2058,3087000000,0.9425767735665694,0.9910017628571428,CNY
光头强-老牌商家-可验资,1996,2994000000,0.9897565130260522,1.0,CNY
古天乐急速安全-老牌神盾,1667,2500500000,1.0,0.9919442143011398,CNY
老朱-实名收付-金牌神盾,2373,2373000000,0.9427833965444584,0.9963415889549094,CNY
富民资本安全资金,1513,2269500000,0.9284686054196959,0.9819789167283544,CNY
宏森商贸-诚信安全,1445,2167500000,0.9754269896193771,0.9912930281314879,CNY
财神-实名收付-老牌神盾,2146,2146000000,0.9585866728797763,1.0,CNY
coco神盾pro安全快捷,1337,2005500000,0.9893649962602842,0.9981818099999998,CNY
兴达严选-实名收付-资金保障,1313,1969500000,0.9211629855293222,1.0,CNY
