merchant_name,ads_count,total_volume,avg_finish_rate,avg_positive_rate,currency
蜜雪冰城财源广进24H,2116,3174000000,0.9911172022684311,0.9962569306758035,CNY
龙腾大宗理财资金-可查流水-零冻结,2028,3042000000,0.94230966469428,0.9910856133727811,CNY
光头强-老牌商家-可验资,1971,2956500000,0.9898878741755454,1.0,CNY
古天乐急速安全-老牌神盾,1544,2316000000,1.0,0.991943359857513,CNY
老朱-实名收付-金牌神盾,2249,2249000000,0.9424562027567808,0.9963396470208982,CNY
富民资本安全资金,1435,2152500000,0.9291721254355402,0.9819762693588849,CNY
财神-实名收付-老牌神盾,1987,1987000000,0.9588032209360845,1.0,CNY
宏森商贸-诚信安全,1319,1978500000,0.9750909780136466,0.9912895469522365,CNY
coco神盾pro安全快捷,1240,1860000000,0.9895499999999999,0.99818181,CNY
要快乐-股市证券沉淀资金-可验流水零冻结,1230,1845000000,0.9322829268292684,0.9744359939512195,CNY
