merchant_name,ads_count,total_volume,avg_finish_rate,avg_positive_rate,currency
蜜雪冰城财源广进24H,2607,3910500000,0.9905051783659378,0.9962578251591867,CNY
龙腾大宗理财资金-可查流水-零冻结,2595,3892500000,0.9476038535645471,0.9898683958381503,CNY
光头强-老牌商家-可验资,2225,3337500000,0.9886170786516852,1.0,CNY
富民资本安全资金,2126,3189000000,0.9257318908748824,0.9819953527610538,CNY
老朱-实名收付-金牌神盾,2950,2950000000,0.94404,0.9963507702779661,CNY
宏森商贸-诚信安全,1879,2818500000,0.9761293241085683,0.9913014452527941,CNY
古天乐急速安全-老牌神盾,1824,2736000000,0.9992253289473684,0.9919451375109649,CNY
财神-实名收付-老牌神盾,2710,2710000000,0.958720664206642,1.0,CNY
coco神盾pro安全快捷,1693,2539500000,0.988867690490254,0.99818181,CNY
兴达严选-实名收付-资金保障,1678,2517000000,0.9307878426698452,1.0,CNY
