merchant_name,ads_count,total_volume,avg_finish_rate,avg_positive_rate,currency
蜜雪冰城财源广进24H,2487,3730500000,0.9906743063932448,0.9962576391596301,CNY
龙腾大宗理财资金-可查流水-零冻结,2375,3562500000,0.9456799999999999,0.990261662631579,CNY
光头强-老牌商家-可验资,2138,3207000000,0.9890645463049579,1.0,CNY
富民资本安全资金,1856,2784000000,0.9280775862068965,0.9819894512769396,CNY
古天乐急速安全-老牌神盾,1824,2736000000,0.9992253289473684,0.9919451375109649,CNY
老朱-实名收付-金牌神盾,2673,2673000000,0.9433524130190797,0.9963467163449308,CNY
宏森商贸-诚信安全,1701,2551500000,0.9759335684891239,0.9912985126219871,CNY
财神-实名收付-老牌神盾,2453,2453000000,0.9582837342030167,1.0,CNY
兴达严选-实名收付-资金保障,1631,2446500000,0.9295426118945432,1.0,CNY
coco神盾pro安全快捷,1510,2265000000,0.9890940397350992,0.99818181,CNY
