merchant_name,ads_count,total_volume,avg_finish_rate,avg_positive_rate,currency
蜜雪冰城财源广进24H,2217,3325500000,0.9910162381596753,0.9962571470410465,CNY
龙腾大宗理财资金-可查流水-零冻结,2058,3087000000,0.9425767735665694,0.9910017628571428,CNY
光头强-老牌商家-可验资,1996,2994000000,0.9897565130260522,1.0,CNY
古天乐急速安全-老牌神盾,1669,2503500000,0.9999892150988616,0.9919442271539844,CNY
老朱-实名收付-金牌神盾,2374,2374000000,0.9427851727042965,0.99634160379107,CNY
富民资本安全资金,1514,2271000000,0.9284669749009248,0.9819789543791281,CNY
宏森商贸-诚信安全,1446,2169000000,0.9754287690179807,0.9912930533333333,CNY
财神-实名收付-老牌神盾,2148,2148000000,0.9585842644320297,1.0,CNY
coco神盾pro安全快捷,1338,2007000000,0.9893632286995516,0.9981818099999998,CNY
兴达严选-实名收付-资金保障,1315,1972500000,0.9212053231939163,1.0,CNY
