merchant_name,ads_count,total_volume,avg_finish_rate,avg_positive_rate,currency
光头强-老牌商家-可验资,1804,2706000000,0.9902987804878048,1.0,CNY
蜜雪冰城财源广进24H,1720,2580000000,0.9916162790697673,0.9962558372267442,CNY
龙腾大宗理财资金-可查流水-零冻结,1716,2574000000,0.939829254079254,0.9920779763752914,CNY
古天乐急速安全-老牌神盾,1358,2037000000,1.0,0.9919417737702503,CNY
老朱-实名收付-金牌神盾,1915,1915000000,0.9416323759791122,0.9963331653315928,CNY
要快乐-股市证券沉淀资金-可验流水零冻结,1121,1681500000,0.9301730597680642,0.9744119239072258,CNY
coco神盾pro安全快捷,1112,1668000000,0.9896294964028778,0.99818181,CNY
财神-实名收付-老牌神盾,1616,1616000000,0.9589053217821781,1.0,CNY
富民资本安全资金,1055,1582500000,0.9346815165876776,0.9819742124454977,CNY
宏森商贸-诚信安全,988,1482000000,0.975160931174089,0.9912810046153846,CNY
