merchant_name,ads_count,total_volume,avg_finish_rate,avg_positive_rate,currency
蜜雪冰城财源广进24H,2106,3159000000,0.9911320037986705,0.9962569081244065,CNY
龙腾大宗理财资金-可查流水-零冻结,2010,3015000000,0.9421512437810945,0.9911374775820895,CNY
光头强-老牌商家-可验资,1971,2956500000,0.9898878741755454,1.0,CNY
古天乐急速安全-老牌神盾,1542,2313000000,1.0,0.9919433448378729,CNY
老朱-实名收付-金牌神盾,2232,2232000000,0.9424139784946236,0.996339363969534,CNY
富民资本安全资金,1415,2122500000,0.9294148409893993,0.9819761886431095,CNY
财神-实名收付-老牌神盾,1973,1973000000,0.9588302078053725,1.0,CNY
宏森商贸-诚信安全,1302,1953000000,0.9750399385560675,0.9912890256835638,CNY
coco神盾pro安全快捷,1234,1851000000,0.9895623987034035,0.99818181,CNY
要快乐-股市证券沉淀资金-可验流水零冻结,1230,1845000000,0.9322829268292684,0.9744359939512195,CNY
