merchant_name,ads_count,total_volume,avg_finish_rate,avg_positive_rate,currency
光头强-老牌商家-可验资,1804,2706000000,0.9902987804878048,1.0,CNY
蜜雪冰城财源广进24H,1704,2556000000,0.9916408450704226,0.9962557823650234,CNY
龙腾大宗理财资金-可查流水-零冻结,1700,2550000000,0.9397570588235294,0.9920741813294117,CNY
古天乐急速安全-老牌神盾,1342,2013000000,1.0,0.991941616795827,CNY
老朱-实名收付-金牌神盾,1899,1899000000,0.9416124275934702,0.9963327976040022,CNY
要快乐-股市证券沉淀资金-可验流水零冻结,1113,1669500000,0.9300233602875112,0.9744099715902965,CNY
coco神盾pro安全快捷,1111,1666500000,0.9896282628262827,0.99818181,CNY
财神-实名收付-老牌神盾,1608,1608000000,0.9589141791044776,1.0,CNY
富民资本安全资金,1042,1563000000,0.9349769673704414,0.981974115537428,CNY
宏森商贸-诚信安全,980,1470000000,0.9751051020408162,0.991280814122449,CNY
