merchant_name,ads_count,total_volume,avg_finish_rate,avg_positive_rate,currency
光头强-老牌商家-可验资,1872,2808000000,0.990139423076923,1.0,CNY
蜜雪冰城财源广进24H,1858,2787000000,0.9914219590958019,0.996256271189451,CNY
龙腾大宗理财资金-可查流水-零冻结,1803,2704500000,0.9402750970604549,0.9918125154409319,CNY
古天乐急速安全-老牌神盾,1492,2238000000,1.0,0.9919429562600536,CNY
老朱-实名收付-金牌神盾,1982,1982000000,0.941763370332997,0.9963346407063572,CNY
要快乐-股市证券沉淀资金-可验流水零冻结,1191,1786500000,0.9313971452560874,0.97442788790932,CNY
财神-实名收付-老牌神盾,1724,1724000000,0.9589013921113689,1.0,CNY
富民资本安全资金,1149,1723500000,0.9329495213228896,0.9819748479112272,CNY
coco神盾pro安全快捷,1138,1707000000,0.9896608084358524,0.99818181,CNY
宏森商贸-诚信安全,1049,1573500000,0.9752526215443279,0.9912823615824595,CNY
