merchant_name,ads_count,total_volume,avg_finish_rate,avg_positive_rate,currency
蜜雪冰城财源广进24H,2337,3505500000,0.990851946940522,0.9962573797988874,CNY
龙腾大宗理财资金-可查流水-零冻结,2234,3351000000,0.9444006266786032,0.9905617403357208,CNY
光头强-老牌商家-可验资,2073,3109500000,0.9893569705740473,1.0,CNY
古天乐急速安全-老牌神盾,1824,2736000000,0.9992253289473684,0.9919451375109649,CNY
老朱-实名收付-金牌神盾,2564,2564000000,0.9431544461778472,0.9963448809594384,CNY
富民资本安全资金,1706,2559000000,0.9282930832356389,0.9819853655158265,CNY
宏森商贸-诚信安全,1577,2365500000,0.975701331642359,0.9912960784337349,CNY
财神-实名收付-老牌神盾,2309,2309000000,0.9584261585101775,1.0,CNY
兴达严选-实名收付-资金保障,1477,2215500000,0.9248124576844957,1.0,CNY
coco神盾pro安全快捷,1460,2190000000,0.9891657534246575,0.99818181,CNY
