merchant_name,ads_count,total_volume,avg_finish_rate,avg_positive_rate,currency
蜜雪冰城财源广进24H,2259,3388500000,0.9909601593625499,0.9962572313191677,CNY
龙腾大宗理财资金-可查流水-零冻结,2091,3136500000,0.9429459588713534,0.9909133791535151,CNY
光头强-老牌商家-可验资,2004,3006000000,0.9897135728542914,1.0,CNY
古天乐急速安全-老牌神盾,1725,2587500000,0.9996973913043479,0.9919445749333333,CNY
老朱-实名收付-金牌神盾,2430,2430000000,0.9429049382716049,0.996342630436214,CNY
富民资本安全资金,1567,2350500000,0.9284077855775368,0.9819808811040204,CNY
财神-实名收付-老牌神盾,2215,2215000000,0.9585074492099322,1.0,CNY
宏森商贸-诚信安全,1469,2203500000,0.9754690265486725,0.9912936235057863,CNY
coco神盾pro安全快捷,1377,2065500000,0.9892962962962962,0.9981818099999998,CNY
兴达严选-实名收付-资金保障,1362,2043000000,0.922164464023495,1.0,CNY
