merchant_name,ads_count,total_volume,avg_finish_rate,avg_positive_rate,currency
蜜雪冰城财源广进24H,1989,2983500000,0.9912624434389141,0.9962566274258421,CNY
光头强-老牌商家-可验资,1944,2916000000,0.9899737654320988,1.0,CNY
龙腾大宗理财资金-可查流水-零冻结,1905,2857500000,0.9411165354330708,0.9914595529606299,CNY
古天乐急速安全-老牌神盾,1542,2313000000,1.0,0.9919433448378729,CNY
老朱-实名收付-金牌神盾,2087,2087000000,0.9421509343555342,0.9963367623047437,CNY
富民资本安全资金,1270,1905000000,0.9311834645669291,0.9819755274251969,CNY
财神-实名收付-老牌神盾,1855,1855000000,0.9588528301886793,1.0,CNY
要快乐-股市证券沉淀资金-可验流水零冻结,1230,1845000000,0.9322829268292684,0.9744359939512195,CNY
coco神盾pro安全快捷,1156,1734000000,0.9896712802768166,0.99818181,CNY
宏森商贸-诚信安全,1140,1710000000,0.975348245614035,0.9912841160000001,CNY
