merchant_name,ads_count,total_volume,avg_finish_rate,avg_positive_rate,currency
蜜雪冰城财源广进24H,2315,3472500000,0.9908850971922246,0.9962573389330452,CNY
龙腾大宗理财资金-可查流水-零冻结,2203,3304500000,0.9441107580571946,0.9906331539763958,CNY
光头强-老牌商家-可验资,2060,3090000000,0.9894223300970874,1.0,CNY
古天乐急速安全-老牌神盾,1824,2736000000,0.9992253289473684,0.9919451375109649,CNY
老朱-实名收付-金牌神盾,2529,2529000000,0.9431012257809411,0.9963442580585211,CNY
富民资本安全资金,1675,2512500000,0.9283170149253731,0.981984429880597,CNY
宏森商贸-诚信安全,1550,2325000000,0.9756464516129032,0.9912954967741935,CNY
财神-实名收付-老牌神盾,2273,2273000000,0.9584645842498899,1.0,CNY
coco神盾pro安全快捷,1453,2179500000,0.9891761871988988,0.9981818100000001,CNY
兴达严选-实名收付-资金保障,1452,2178000000,0.923965564738292,1.0,CNY
