merchant_name,ads_count,total_volume,avg_finish_rate,avg_positive_rate,currency
蜜雪冰城财源广进24H,2587,3880500000,0.9905322767684577,0.996257795357557,CNY
龙腾大宗理财资金-可查流水-零冻结,2585,3877500000,0.9475172147001933,0.9898844659187621,CNY
光头强-老牌商家-可验资,2205,3307500000,0.9887224489795917,1.0,CNY
富民资本安全资金,2106,3159000000,0.9258622981956315,0.9819949675071225,CNY
老朱-实名收付-金牌神盾,2930,2930000000,0.9439924914675767,0.9963505032491468,CNY
宏森商贸-诚信安全,1879,2818500000,0.9761293241085683,0.9913014452527941,CNY
古天乐急速安全-老牌神盾,1824,2736000000,0.9992253289473684,0.9919451375109649,CNY
财神-实名收付-老牌神盾,2690,2690000000,0.9586219330855018,1.0,CNY
兴达严选-实名收付-资金保障,1678,2517000000,0.9307878426698452,1.0,CNY
coco神盾pro安全快捷,1673,2509500000,0.9888900179318589,0.99818181,CNY
