merchant_name,ads_count,total_volume,avg_finish_rate,avg_positive_rate,currency
蜜雪冰城财源广进24H,1941,2911500000,0.9913183925811437,0.996256502478104,CNY
光头强-老牌商家-可验资,1922,2883000000,0.9900192507804371,1.0,CNY
龙腾大宗理财资金-可查流水-零冻结,1885,2827500000,0.9409273209549072,0.991524968801061,CNY
古天乐急速安全-老牌神盾,1542,2313000000,1.0,0.9919433448378729,CNY
老朱-实名收付-金牌神盾,2041,2041000000,0.9419740323370897,0.996335859710926,CNY
要快乐-股市证券沉淀资金-可验流水零冻结,1230,1845000000,0.9322829268292684,0.9744359939512195,CNY
财神-实名收付-老牌神盾,1807,1807000000,0.9588754842280022,1.0,CNY
富民资本安全资金,1198,1797000000,0.932161101836394,0.981975139624374,CNY
coco神盾pro安全快捷,1153,1729500000,0.9896756287944493,0.99818181,CNY
宏森商贸-诚信安全,1094,1641000000,0.9752961608775137,0.991283265630713,CNY
