merchant_name,ads_count,total_volume,avg_finish_rate,avg_positive_rate,currency
光头强-老牌商家-可验资,1745,2617500000,0.9903438395415474,1.0,CNY
龙腾大宗理财资金-可查流水-零冻结,1492,2238000000,0.9392660857908847,0.9920178205495979,CNY
蜜雪冰城财源广进24H,1429,2143500000,0.9921301609517145,0.9962546474107766,CNY
老朱-实名收付-金牌神盾,1623,1623000000,0.9409611829944547,0.9963269586629698,CNY
古天乐急速安全-老牌神盾,1066,1599000000,1.0,0.991938167260788,CNY
coco神盾pro安全快捷,1048,1572000000,0.9895458015267177,0.9981818099999998,CNY
要快乐-股市证券沉淀资金-可验流水零冻结,975,1462500000,0.9283056410256411,0.9743753857538462,CNY
财神-实名收付-老牌神盾,1332,1332000000,0.9594009009009009,1.0,CNY
富民资本安全资金,850,1275000000,0.9396576470588235,0.9819723390941176,CNY
宏森商贸-诚信安全,841,1261500000,0.9739655172413794,0.99127906,CNY
