merchant_name,ads_count,total_volume,avg_finish_rate,avg_positive_rate,currency
蜜雪冰城财源广进24H,2526,3789000000,0.9906175771971497,0.9962577015479018,CNY
龙腾大宗理财资金-可查流水-零冻结,2513,3769500000,0.9468822124950258,0.9900045594070833,CNY
光头强-老牌商家-可验资,2138,3207000000,0.9890645463049579,1.0,CNY
富民资本安全资金,2009,3013500000,0.9265883524141364,0.9819929902090593,CNY
老朱-实名收付-金牌神盾,2814,2814000000,0.9437260127931769,0.9963488796304194,CNY
宏森商贸-诚信安全,1862,2793000000,0.9761122448979591,0.991301189387755,CNY
古天乐急速安全-老牌神盾,1824,2736000000,0.9992253289473684,0.9919451375109649,CNY
财神-实名收付-老牌神盾,2610,2610000000,0.9582379310344826,1.0,CNY
兴达严选-实名收付-资金保障,1652,2478000000,0.9301077481840194,1.0,CNY
coco神盾pro安全快捷,1605,2407500000,0.988970093457944,0.99818181,CNY
