merchant_name,ads_count,total_volume,avg_finish_rate,avg_positive_rate,currency
蜜雪冰城财源广进24H,2800,4200000000,0.9902042857142858,0.9962580908678571,CNY
龙腾大宗理财资金-可查流水-零冻结,2769,4153500000,0.9491170097508126,0.9896119309931384,CNY
光头强-老牌商家-可验资,2301,3451500000,0.988233376792699,1.0,CNY
富民资本安全资金,2290,3435000000,0.9247471615720523,0.9819982580131005,CNY
老朱-实名收付-金牌神盾,3158,3158000000,0.9445069664344521,0.9963546989930336,CNY
财神-实名收付-老牌神盾,2851,2851000000,0.9593254998246229,1.0,CNY
宏森商贸-诚信安全,1879,2818500000,0.9761293241085683,0.9913014452527941,CNY
古天乐急速安全-老牌神盾,1824,2736000000,0.9992253289473684,0.9919451375109649,CNY
coco神盾pro安全快捷,1747,2620500000,0.9888002289639382,0.99818181,CNY
兴达严选-实名收付-资金保障,1735,2602500000,0.9322040345821325,1.0,CNY
