merchant_name,ads_count,total_volume,avg_finish_rate,avg_positive_rate,currency
光头强-老牌商家-可验资,1804,2706000000,0.9902987804878048,1.0,CNY
龙腾大宗理财资金-可查流水-零冻结,1584,2376000000,0.9394665404040404,0.9920443744065657,CNY
蜜雪冰城财源广进24H,1558,2337000000,0.9918921694480102,0.9962552296983311,CNY
古天乐急速安全-老牌神盾,1196,1794000000,1.0,0.9919399903846153,CNY
老朱-实名收付-金牌神盾,1753,1753000000,0.9413348545350826,0.9963291319965774,CNY
coco神盾pro安全快捷,1048,1572000000,0.9895458015267177,0.9981818099999998,CNY
要快乐-股市证券沉淀资金-可验流水零冻结,1040,1560000000,0.9288990384615385,0.9743907691923077,CNY
财神-实名收付-老牌神盾,1462,1462000000,0.9592051983584131,1.0,CNY
富民资本安全资金,925,1387500000,0.9378918918918918,0.9819731207891893,CNY
宏森商贸-诚信安全,907,1360500000,0.9745501653803749,0.99127906,CNY
