merchant_name,ads_count,total_volume,avg_finish_rate,avg_positive_rate,currency
光头强-老牌商家-可验资,1752,2628000000,0.9903424657534247,1.0,CNY
龙腾大宗理财资金-可查流水-零冻结,1502,2253000000,0.9392909454061252,0.9920205264047937,CNY
蜜雪冰城财源广进24H,1443,2164500000,0.9921094941094941,0.9962547156410256,CNY
老朱-实名收付-金牌神盾,1637,1637000000,0.9410128283445326,0.9963271587965791,CNY
古天乐急速安全-老牌神盾,1080,1620000000,1.0,0.9919383846851851,CNY
coco神盾pro安全快捷,1048,1572000000,0.9895458015267177,0.9981818099999998,CNY
要快乐-股市证券沉淀资金-可验流水零冻结,982,1473000000,0.9283391038696538,0.9743764329327903,CNY
财神-实名收付-老牌神盾,1346,1346000000,0.9593863298662705,1.0,CNY
富民资本安全资金,858,1287000000,0.939483682983683,0.981972428986014,CNY
宏森商贸-诚信安全,849,1273500000,0.9740412249705536,0.9912790600000001,CNY
