merchant_name,ads_count,total_volume,avg_finish_rate,avg_positive_rate,currency
光头强-老牌商家-可验资,1909,2863500000,0.9900534311157674,1.0,CNY
蜜雪冰城财源广进24H,1908,2862000000,0.9913584905660378,0.9962564129297694,CNY
龙腾大宗理财资金-可查流水-零冻结,1853,2779500000,0.9406324878575283,0.9916336882568807,CNY
古天乐急速安全-老牌神盾,1538,2307000000,1.0,0.9919433146814044,CNY
老朱-实名收付-金牌神盾,2007,2007000000,0.9418380667663179,0.9963351659840558,CNY
要快乐-股市证券沉淀资金-可验流水零冻结,1216,1824000000,0.9319177631578948,0.9744331439144737,CNY
富民资本安全资金,1194,1791000000,0.9322252931323283,0.9819751167085428,CNY
财神-实名收付-老牌神盾,1774,1774000000,0.9588917700112739,1.0,CNY
coco神盾pro安全快捷,1153,1729500000,0.9896756287944493,0.99818181,CNY
宏森商贸-诚信安全,1074,1611000000,0.9752830540037244,0.9912828731843576,CNY
