merchant_name,ads_count,total_volume,avg_finish_rate,avg_positive_rate,currency
蜜雪冰城财源广进24H,2267,3400500000,0.9909497132774593,0.9962572470180856,CNY
龙腾大宗理财资金-可查流水-零冻结,2107,3160500000,0.9431210251542477,0.9908715230232559,CNY
光头强-老牌商家-可验资,2012,3018000000,0.9896709741550697,1.0,CNY
古天乐急速安全-老牌神盾,1734,2601000000,0.9996522491349481,0.9919446287312571,CNY
老朱-实名收付-金牌神盾,2441,2441000000,0.9429278984022941,0.9963428273289636,CNY
富民资本安全资金,1579,2368500000,0.9283970867637746,0.9819812993856872,CNY
财神-实名收付-老牌神盾,2223,2223000000,0.958502024291498,1.0,CNY
宏森商贸-诚信安全,1472,2208000000,0.975476222826087,0.9912936965625,CNY
coco神盾pro安全快捷,1385,2077500000,0.9892830324909747,0.99818181,CNY
兴达严选-实名收付-资金保障,1370,2055000000,0.9223211678832116,1.0,CNY
