merchant_name,ads_count,total_volume,avg_finish_rate,avg_positive_rate,currency
光头强-老牌商家-可验资,1814,2721000000,0.9902717750826903,1.0,CNY
蜜雪冰城财源广进24H,1784,2676000000,0.9915224215246636,0.9962560468329597,CNY
龙腾大宗理财资金-可查流水-零冻结,1756,2634000000,0.9400233485193622,0.9919901504100228,CNY
古天乐急速安全-老牌神盾,1418,2127000000,1.0,0.991942330874471,CNY
老朱-实名收付-金牌神盾,1945,1945000000,0.9416827763496143,0.9963338385141388,CNY
要快乐-股市证券沉淀资金-可验流水零冻结,1154,1731000000,0.9307686308492201,0.9744196910918543,CNY
coco神盾pro安全快捷,1114,1671000000,0.9896319569120288,0.99818181,CNY
财神-实名收付-老牌神盾,1650,1650000000,0.9588969696969696,1.0,CNY
富民资本安全资金,1075,1612500000,0.934253953488372,0.9819743569581395,CNY
宏森商贸-诚信安全,1012,1518000000,0.9751887351778655,0.9912815580237154,CNY
