merchant_name,ads_count,total_volume,avg_finish_rate,avg_positive_rate,currency
蜜雪冰城财源广进24H,2619,3928500000,0.9904891179839633,0.9962578428216876,CNY
龙腾大宗理财资金-可查流水-零冻结,2601,3901500000,0.9476555171088042,0.9898588131026528,CNY
光头强-老牌商家-可验资,2237,3355500000,0.9885547608404113,1.0,CNY
富民资本安全资金,2138,3207000000,0.9256548175865295,0.981995580453695,CNY
老朱-实名收付-金牌神盾,2962,2962000000,0.9440681971640783,0.9963509287643485,CNY
宏森商贸-诚信安全,1879,2818500000,0.9761293241085683,0.9913014452527941,CNY
古天乐急速安全-老牌神盾,1824,2736000000,0.9992253289473684,0.9919451375109649,CNY
财神-实名收付-老牌神盾,2722,2722000000,0.9587792064658339,1.0,CNY
coco神盾pro安全快捷,1705,2557500000,0.9888545454545455,0.99818181,CNY
兴达严选-实名收付-资金保障,1678,2517000000,0.9307878426698452,1.0,CNY
