merchant_name,ads_count,total_volume,avg_finish_rate,avg_positive_rate,currency
光头强-老牌商家-可验资,1804,2706000000,0.9902987804878048,1.0,CNY
蜜雪冰城财源广进24H,1654,2481000000,0.9917243047158403,0.9962556040810158,CNY
龙腾大宗理财资金-可查流水-零冻结,1650,2475000000,0.9396139393939393,0.9920618474303031,CNY
古天乐急速安全-老牌神盾,1292,1938000000,1.0,0.9919411011919503,CNY
老朱-实名收付-金牌神盾,1849,1849000000,0.9415251487290427,0.9963316074364521,CNY
coco神盾pro安全快捷,1089,1633500000,0.9896005509641873,0.9981818099999998,CNY
要快乐-股市证券沉淀资金-可验流水零冻结,1088,1632000000,0.9296378676470588,0.9744036855514707,CNY
财神-实名收付-老牌神盾,1558,1558000000,0.959007702182285,1.0,CNY
富民资本安全资金,992,1488000000,0.9361431451612903,0.9819737191431451,CNY
宏森商贸-诚信安全,955,1432500000,0.9749246073298429,0.99128019826178,CNY
