merchant_name,ads_count,total_volume,avg_finish_rate,avg_positive_rate,currency
蜜雪冰城财源广进24H,2322,3483000000,0.9908733850129199,0.9962573520198106,CNY
龙腾大宗理财资金-可查流水-零冻结,2217,3325500000,0.9442426702751466,0.9906004983446098,CNY
光头强-老牌商家-可验资,2067,3100500000,0.9893870343492984,1.0,CNY
古天乐急速安全-老牌神盾,1824,2736000000,0.9992253289473684,0.9919451375109649,CNY
老朱-实名收付-金牌神盾,2542,2542000000,0.9431211644374508,0.9963444914240756,CNY
富民资本安全资金,1689,2533500000,0.9283060982830078,0.9819848566785081,CNY
宏森商贸-诚信安全,1560,2340000000,0.9756653846153847,0.9912957145512821,CNY
财神-实名收付-老牌神盾,2287,2287000000,0.9584494971578486,1.0,CNY
coco神盾pro安全快捷,1460,2190000000,0.9891657534246575,0.99818181,CNY
兴达严选-实名收付-资金保障,1459,2188500000,0.9242056202878683,1.0,CNY
