merchant_name,ads_count,total_volume,avg_finish_rate,avg_positive_rate,currency
光头强-老牌商家-可验资,1901,2851500000,0.9900746975276171,1.0,CNY
蜜雪冰城财源广进24H,1892,2838000000,0.9913784355179703,0.9962563683879493,CNY
龙腾大宗理财资金-可查流水-零冻结,1837,2755500000,0.940481219379423,0.9916898538160044,CNY
古天乐急速安全-老牌神盾,1526,2289000000,1.0,0.9919432232634339,CNY
老朱-实名收付-金牌神盾,1999,1999000000,0.9418054027013506,0.9963349993246623,CNY
要快乐-股市证券沉淀资金-可验流水零冻结,1208,1812000000,0.9317052980132451,0.9744314856622517,CNY
富民资本安全资金,1186,1779000000,0.9323549747048903,0.9819750704131535,CNY
财神-实名收付-老牌神盾,1758,1758000000,0.9588998862343572,1.0,CNY
coco神盾pro安全快捷,1153,1729500000,0.9896756287944493,0.99818181,CNY
宏森商贸-诚信安全,1066,1599000000,0.9752776735459662,0.9912827120825516,CNY
