merchant_name,ads_count,total_volume,avg_finish_rate,avg_positive_rate,currency
蜜雪冰城财源广进24H,2126,3189000000,0.9911063029162748,0.9962569530150518,CNY
龙腾大宗理财资金-可查流水-零冻结,2047,3070500000,0.9424777723497801,0.991031857357108,CNY
光头强-老牌商家-可验资,1971,2956500000,0.9898878741755454,1.0,CNY
古天乐急速安全-老牌神盾,1579,2368500000,1.0,0.9919436165421153,CNY
老朱-实名收付-金牌神盾,2284,2284000000,0.9425464098073555,0.9963402165061296,CNY
富民资本安全资金,1461,2191500000,0.9289028062970568,0.9819768878644765,CNY
财神-实名收付-老牌神盾,2040,2040000000,0.9587210784313726,1.0,CNY
宏森商贸-诚信安全,1355,2032500000,0.9751948339483394,0.9912906076383764,CNY
coco神盾pro安全快捷,1250,1875000000,0.9895296,0.9981818099999998,CNY
要快乐-股市证券沉淀资金-可验流水零冻结,1230,1845000000,0.9322829268292684,0.9744359939512195,CNY
