merchant_name,ads_count,total_volume,avg_finish_rate,avg_positive_rate,currency
光头强-老牌商家-可验资,1804,2706000000,0.9902987804878048,1.0,CNY
龙腾大宗理财资金-可查流水-零冻结,1605,2407500000,0.9395052959501557,0.99205008988162,CNY
蜜雪冰城财源广进24H,1604,2406000000,0.9918092269326684,0.9962554146820448,CNY
古天乐急速安全-老牌神盾,1242,1863000000,1.0,0.9919405440740742,CNY
老朱-实名收付-金牌神盾,1799,1799000000,0.9414285714285714,0.9963303511117289,CNY
要快乐-股市证券沉淀资金-可验流水零冻结,1063,1594500000,0.9292530573847602,0.9743971038381938,CNY
coco神盾pro安全快捷,1061,1591500000,0.9895636192271441,0.99818181,CNY
财神-实名收付-老牌神盾,1508,1508000000,0.9591074270557028,1.0,CNY
富民资本安全资金,948,1422000000,0.9372637130801688,0.9819733357278482,CNY
宏森商贸-诚信安全,930,1395000000,0.9747344086021504,0.9912795492903226,CNY
