merchant_name,ads_count,total_volume,avg_finish_rate,avg_positive_rate,currency
蜜雪冰城财源广进24H,2252,3378000000,0.9909693605683837,0.996257217491119,CNY
龙腾大宗理财资金-可查流水-零冻结,2079,3118500000,0.9428128908128908,0.990945194040404,CNY
光头强-老牌商家-可验资,1997,2995500000,0.989751126690035,1.0,CNY
古天乐急速安全-老牌神盾,1718,2577000000,0.99973282887078,0.9919445327008148,CNY
老朱-实名收付-金牌神盾,2423,2423000000,0.9428902187371028,0.996342493904251,CNY
富民资本安全资金,1555,2332500000,0.9284186495176849,0.9819804563665594,CNY
财神-实名收付-老牌神盾,2207,2207000000,0.9585151789759854,1.0,CNY
宏森商贸-诚信安全,1469,2203500000,0.9754690265486725,0.9912936235057863,CNY
coco神盾pro安全快捷,1370,2055000000,0.9893080291970804,0.9981818100000001,CNY
兴达严选-实名收付-资金保障,1355,2032500000,0.9220258302583026,1.0,CNY
