merchant_name,ads_count,total_volume,avg_finish_rate,avg_positive_rate,currency
蜜雪冰城财源广进24H,2437,3655500000,0.9907349199835863,0.9962575562535906,CNY
龙腾大宗理财资金-可查流水-零冻结,2325,3487500000,0.9452369892473118,0.9903639082795698,CNY
光头强-老牌商家-可验资,2122,3183000000,0.9891328934967013,1.0,CNY
古天乐急速安全-老牌神盾,1824,2736000000,0.9992253289473684,0.9919451375109649,CNY
富民资本安全资金,1806,2709000000,0.9282580287929125,0.9819881647674419,CNY
老朱-实名收付-金牌神盾,2635,2635000000,0.9432800759013283,0.9963460937267553,CNY
宏森商贸-诚信安全,1651,2476500000,0.9758491823137492,0.9912975750878256,CNY
财神-实名收付-老牌神盾,2403,2403000000,0.9583312526009155,1.0,CNY
兴达严选-实名收付-资金保障,1581,2371500000,0.9281138519924098,1.0,CNY
coco神盾pro安全快捷,1489,2233500000,0.9891235728676965,0.99818181,CNY
