merchant_name,ads_count,total_volume,avg_finish_rate,avg_positive_rate,currency
蜜雪冰城财源广进24H,2067,3100500000,0.9911741654571844,0.9962568180890179,CNY
光头强-老牌商家-可验资,1971,2956500000,0.9898878741755454,1.0,CNY
龙腾大宗理财资金-可查流水-零冻结,1932,2898000000,0.9413944099378881,0.9913733899378881,CNY
古天乐急速安全-老牌神盾,1542,2313000000,1.0,0.9919433448378729,CNY
老朱-实名收付-金牌神盾,2154,2154000000,0.9422989786443825,0.9963380079851439,CNY
富民资本安全资金,1374,2061000000,0.9298835516739448,0.9819760158296944,CNY
财神-实名收付-老牌神盾,1895,1895000000,0.958840105540897,1.0,CNY
要快乐-股市证券沉淀资金-可验流水零冻结,1230,1845000000,0.9322829268292684,0.9744359939512195,CNY
宏森商贸-诚信安全,1224,1836000000,0.975187908496732,0.9912864483496733,CNY
coco神盾pro安全快捷,1195,1792500000,0.9896167364016737,0.99818181,CNY
