merchant_name,ads_count,total_volume,avg_finish_rate,avg_positive_rate,currency
蜜雪冰城财源广进24H,2713,4069500000,0.9903424253593808,0.996257975772208,CNY
龙腾大宗理财资金-可查流水-零冻结,2681,4021500000,0.9483681462140992,0.9897365401417382,CNY
光头强-老牌商家-可验资,2299,3448500000,0.9882431491953023,1.0,CNY
富民资本安全资金,2238,3357000000,0.9250129579982127,0.9819973829356569,CNY
老朱-实名收付-金牌神盾,3070,3070000000,0.9442967426710097,0.9963525941172638,CNY
宏森商贸-诚信安全,1879,2818500000,0.9761293241085683,0.9913014452527941,CNY
财神-实名收付-老牌神盾,2802,2802000000,0.9591241970021412,1.0,CNY
古天乐急速安全-老牌神盾,1824,2736000000,0.9992253289473684,0.9919451375109649,CNY
coco神盾pro安全快捷,1747,2620500000,0.9888002289639382,0.99818181,CNY
兴达严选-实名收付-资金保障,1686,2529000000,0.9309928825622775,1.0,CNY
