merchant_name,ads_count,total_volume,avg_finish_rate,avg_positive_rate,currency
蜜雪冰城财源广进24H,1966,2949000000,0.9912889114954222,0.9962565683163784,CNY
光头强-老牌商家-可验资,1922,2883000000,0.9900192507804371,1.0,CNY
龙腾大宗理财资金-可查流水-零冻结,1905,2857500000,0.9411165354330708,0.9914595529606299,CNY
古天乐急速安全-老牌神盾,1542,2313000000,1.0,0.9919433448378729,CNY
老朱-实名收付-金牌神盾,2064,2064000000,0.942063468992248,0.9963363160368218,CNY
要快乐-股市证券沉淀资金-可验流水零冻结,1230,1845000000,0.9322829268292684,0.9744359939512195,CNY
富民资本安全资金,1224,1836000000,0.9317916666666666,0.9819752849264707,CNY
财神-实名收付-老牌神盾,1832,1832000000,0.9588635371179038,1.0,CNY
coco神盾pro安全快捷,1153,1729500000,0.9896756287944493,0.99818181,CNY
宏森商贸-诚信安全,1117,1675500000,0.9753142345568486,0.9912836995702776,CNY
