merchant_name,ads_count,total_volume,avg_finish_rate,avg_positive_rate,currency
蜜雪冰城财源广进24H,2103,3154500000,0.9911364717070852,0.996256901317166,CNY
龙腾大宗理财资金-可查流水-零冻结,2004,3006000000,0.9420978043912175,0.9911549726946107,CNY
光头强-老牌商家-可验资,1971,2956500000,0.9898878741755454,1.0,CNY
古天乐急速安全-老牌神盾,1542,2313000000,1.0,0.9919433448378729,CNY
老朱-实名收付-金牌神盾,2226,2226000000,0.942398921832884,0.9963392630368374,CNY
富民资本安全资金,1410,2115000000,0.9294765957446808,0.9819761681063829,CNY
财神-实名收付-老牌神盾,1967,1967000000,0.9588418912048805,1.0,CNY
宏森商贸-诚信安全,1296,1944000000,0.9750216049382715,0.991288838441358,CNY
coco神盾pro安全快捷,1231,1846500000,0.9895686433793662,0.99818181,CNY
要快乐-股市证券沉淀资金-可验流水零冻结,1230,1845000000,0.9322829268292684,0.9744359939512195,CNY
