merchant_name,ads_count,total_volume,avg_finish_rate,avg_positive_rate,currency
光头强-老牌商家-可验资,1804,2706000000,0.9902987804878048,1.0,CNY
蜜雪冰城财源广进24H,1672,2508000000,0.991694976076555,0.9962556694916268,CNY
龙腾大宗理财资金-可查流水-零冻结,1668,2502000000,0.9396612709832134,0.9920663728177458,CNY
古天乐急速安全-老牌神盾,1310,1965000000,1.0,0.9919412913435114,CNY
老朱-实名收付-金牌神盾,1867,1867000000,0.9415586502410284,0.9963320432404927,CNY
coco神盾pro安全快捷,1098,1647000000,0.9896120218579235,0.99818181,CNY
要快乐-股市证券沉淀资金-可验流水零冻结,1097,1645500000,0.9297721057429353,0.9744059815314494,CNY
财神-实名收付-老牌神盾,1576,1576000000,0.958973350253807,1.0,CNY
富民资本安全资金,1010,1515000000,0.9357128712871287,0.9819738663663367,CNY
宏森商贸-诚信安全,964,1446000000,0.9749906639004149,0.9912804236514523,CNY
