merchant_name,ads_count,total_volume,avg_finish_rate,avg_positive_rate,currency
光头强-老牌商家-可验资,1825,2737500000,0.9902460273972603,1.0,CNY
蜜雪冰城财源广进24H,1806,2709000000,0.9914916943521594,0.996256115454042,CNY
龙腾大宗理财资金-可查流水-零冻结,1762,2643000000,0.9400539160045402,0.9919667269920546,CNY
古天乐急速安全-老牌神盾,1440,2160000000,1.0,0.9919425235138888,CNY
老朱-实名收付-金牌神盾,1956,1956000000,0.941707055214724,0.9963340801738242,CNY
要快乐-股市证券沉淀资金-可验流水零冻结,1165,1747500000,0.9309596566523605,0.9744221823690988,CNY
财神-实名收付-老牌神盾,1672,1672000000,0.9588983253588517,1.0,CNY
coco神盾pro安全快捷,1114,1671000000,0.9896319569120288,0.99818181,CNY
富民资本安全资金,1086,1629000000,0.934048802946593,0.9819744341712707,CNY
宏森商贸-诚信安全,1023,1534500000,0.975208211143695,0.9912818029912024,CNY
