merchant_name,ads_count,total_volume,avg_finish_rate,avg_positive_rate,currency
光头强-老牌商家-可验资,1804,2706000000,0.9902987804878048,1.0,CNY
蜜雪冰城财源广进24H,1608,2412000000,0.9918022388059702,0.9962554302674129,CNY
龙腾大宗理财资金-可查流水-零冻结,1607,2410500000,0.9395096453018046,0.9920506264219041,CNY
古天乐急速安全-老牌神盾,1246,1869000000,1.0,0.9919405902889246,CNY
老朱-实名收付-金牌神盾,1803,1803000000,0.9414364947310038,0.996330454181919,CNY
要快乐-股市证券沉淀资金-可验流水零冻结,1065,1597500000,0.9292845070422535,0.9743976417464789,CNY
coco神盾pro安全快捷,1063,1594500000,0.98956632173095,0.99818181,CNY
财神-实名收付-老牌神盾,1512,1512000000,0.9590992063492063,1.0,CNY
富民资本安全资金,950,1425000000,0.9372105263157895,0.9819733539263159,CNY
宏森商贸-诚信安全,932,1398000000,0.97475,0.9912796024892704,CNY
