merchant_name,ads_count,total_volume,avg_finish_rate,avg_positive_rate,currency
光头强-老牌商家-可验资,1804,2706000000,0.9902987804878048,1.0,CNY
蜜雪冰城财源广进24H,1680,2520000000,0.9916821428571428,0.9962556981130953,CNY
龙腾大宗理财资金-可查流水-零冻结,1676,2514000000,0.9396819809069212,0.9920683528997614,CNY
古天乐急速安全-老牌神盾,1318,1977000000,1.0,0.9919413741881639,CNY
老朱-实名收付-金牌神盾,1875,1875000000,0.9415733333333334,0.9963322342453332,CNY
coco神盾pro安全快捷,1102,1653000000,0.989617059891107,0.99818181,CNY
要快乐-股市证券沉淀资金-可验流水零冻结,1101,1651500000,0.9298310626702998,0.9744069899182561,CNY
财神-实名收付-老牌神盾,1584,1584000000,0.9589583333333334,1.0,CNY
富民资本安全资金,1018,1527000000,0.9355265225933203,0.9819739301277014,CNY
宏森商贸-诚信安全,968,1452000000,0.9750196280991735,0.9912805224793388,CNY
