merchant_name,ads_count,total_volume,avg_finish_rate,avg_positive_rate,currency
蜜雪冰城财源广进24H,1991,2986500000,0.9912601707684581,0.9962566325012556,CNY
光头强-老牌商家-可验资,1946,2919000000,0.9899686536485098,1.0,CNY
龙腾大宗理财资金-可查流水-零冻结,1905,2857500000,0.9411165354330708,0.9914595529606299,CNY
古天乐急速安全-老牌神盾,1542,2313000000,1.0,0.9919433448378729,CNY
老朱-实名收付-金牌神盾,2089,2089000000,0.9421584490186692,0.9963368006462423,CNY
富民资本安全资金,1274,1911000000,0.9311326530612244,0.9819755476844585,CNY
财神-实名收付-老牌神盾,1857,1857000000,0.9588519116855142,1.0,CNY
要快乐-股市证券沉淀资金-可验流水零冻结,1230,1845000000,0.9322829268292684,0.9744359939512195,CNY
coco神盾pro安全快捷,1158,1737000000,0.9896683937823835,0.99818181,CNY
宏森商贸-诚信安全,1142,1713000000,0.9753511383537652,0.9912841514185639,CNY
