merchant_name,ads_count,total_volume,avg_finish_rate,avg_positive_rate,currency
蜜雪冰城财源广进24H,2318,3477000000,0.9908800690250216,0.9962573445513373,CNY
龙腾大宗理财资金-可查流水-零冻结,2209,3313500000,0.9441674966047984,0.9906189438252603,CNY
光头强-老牌商家-可验资,2063,3094500000,0.9894071740184197,1.0,CNY
古天乐急速安全-老牌神盾,1824,2736000000,0.9992253289473684,0.9919451375109649,CNY
老朱-实名收付-金牌神盾,2534,2534000000,0.9431089187056036,0.996344348097869,CNY
富民资本安全资金,1681,2521500000,0.9283123140987507,0.9819846136644854,CNY
宏森商贸-诚信安全,1553,2329500000,0.975650998068255,0.9912955624018029,CNY
财神-实名收付-老牌神盾,2279,2279000000,0.9584580956559895,1.0,CNY
coco神盾pro安全快捷,1456,2184000000,0.9891717032967032,0.9981818099999998,CNY
兴达严选-实名收付-资金保障,1455,2182500000,0.9240687285223368,1.0,CNY
