merchant_name,ads_count,total_volume,avg_finish_rate,avg_positive_rate,currency
蜜雪冰城财源广进24H,2101,3151500000,0.9911389814374106,0.9962568967682056,CNY
龙腾大宗理财资金-可查流水-零冻结,2000,3000000000,0.9420609999999999,0.99116669442,CNY
光头强-老牌商家-可验资,1971,2956500000,0.9898878741755454,1.0,CNY
古天乐急速安全-老牌神盾,1542,2313000000,1.0,0.9919433448378729,CNY
老朱-实名收付-金牌神盾,2222,2222000000,0.9423942394239424,0.9963391954455446,CNY
富民资本安全资金,1408,2112000000,0.9294999999999999,0.9819761598508522,CNY
财神-实名收付-老牌神盾,1963,1963000000,0.9588456444218033,1.0,CNY
宏森商贸-诚信安全,1292,1938000000,0.9750201238390092,0.9912887126470588,CNY
要快乐-股市证券沉淀资金-可验流水零冻结,1230,1845000000,0.9322829268292684,0.9744359939512195,CNY
coco神盾pro安全快捷,1229,1843500000,0.9895720097640358,0.99818181,CNY
