merchant_name,ads_count,total_volume,avg_finish_rate,avg_positive_rate,currency
蜜雪冰城财源广进24H,2526,3789000000,0.9906175771971497,0.9962577015479018,CNY
龙腾大宗理财资金-可查流水-零冻结,2431,3646500000,0.9461711229946523,0.9901527412464006,CNY
光头强-老牌商家-可验资,2138,3207000000,0.9890645463049579,1.0,CNY
富民资本安全资金,1923,2884500000,0.9273302132085284,0.9819910703120125,CNY
古天乐急速安全-老牌神盾,1824,2736000000,0.9992253289473684,0.9919451375109649,CNY
老朱-实名收付-金牌神盾,2724,2724000000,0.9434856828193832,0.9963475246622614,CNY
宏森商贸-诚信安全,1769,2653500000,0.9760130016958734,0.9912997026172979,CNY
财神-实名收付-老牌神盾,2517,2517000000,0.9582495033770361,1.0,CNY
兴达严选-实名收付-资金保障,1650,2475000000,0.9300545454545454,1.0,CNY
coco神盾pro安全快捷,1516,2274000000,0.9890857519788918,0.99818181,CNY
