merchant_name,ads_count,total_volume,avg_finish_rate,avg_positive_rate,currency
蜜雪冰城财源广进24H,2667,4000500000,0.9904173228346456,0.9962579118822648,CNY
龙腾大宗理财资金-可查流水-零冻结,2631,3946500000,0.9479190421892816,0.9898115550285063,CNY
光头强-老牌商家-可验资,2286,3429000000,0.9883070866141732,1.0,CNY
富民资本安全资金,2183,3274500000,0.9253559322033897,0.9819964120064133,CNY
老朱-实名收付-金牌神盾,3018,3018000000,0.9441862160371107,0.9963516517031147,CNY
宏森商贸-诚信安全,1879,2818500000,0.9761293241085683,0.9913014452527941,CNY
财神-实名收付-老牌神盾,2768,2768000000,0.9589830202312137,1.0,CNY
古天乐急速安全-老牌神盾,1824,2736000000,0.9992253289473684,0.9919451375109649,CNY
coco神盾pro安全快捷,1747,2620500000,0.9888002289639382,0.99818181,CNY
兴达严选-实名收付-资金保障,1678,2517000000,0.9307878426698452,1.0,CNY
