merchant_name,ads_count,total_volume,avg_finish_rate,avg_positive_rate,currency
蜜雪冰城财源广进24H,2153,3229500000,0.9910798885276358,0.9962570122944728,CNY
龙腾大宗理财资金-可查流水-零冻结,2047,3070500000,0.9424777723497801,0.991031857357108,CNY
光头强-老牌商家-可验资,1973,2959500000,0.9898808920425748,1.0,CNY
古天乐急速安全-老牌神盾,1603,2404500000,1.0,0.9919437860761073,CNY
老朱-实名收付-金牌神盾,2311,2311000000,0.9426218087408048,0.9963406440372135,CNY
富民资本安全资金,1480,2220000000,0.9287243243243243,0.9819776457094594,CNY
财神-实名收付-老牌神盾,2078,2078000000,0.9586713185755533,1.0,CNY
宏森商贸-诚信安全,1382,2073000000,0.9752691751085383,0.9912913668885673,CNY
coco神盾pro安全快捷,1276,1914000000,0.9894780564263324,0.99818181,CNY
兴达严选-实名收付-资金保障,1245,1867500000,0.9195975903614458,1.0,CNY
