merchant_name,ads_count,total_volume,avg_finish_rate,avg_positive_rate,currency
蜜雪冰城财源广进24H,2111,3166500000,0.9911245855045003,0.9962569194268119,CNY
龙腾大宗理财资金-可查流水-零冻结,2020,3030000000,0.942239603960396,0.991108550019802,CNY
光头强-老牌商家-可验资,1971,2956500000,0.9898878741755454,1.0,CNY
古天乐急速安全-老牌神盾,1542,2313000000,1.0,0.9919433448378729,CNY
老朱-实名收付-金牌神盾,2242,2242000000,0.9424388938447814,0.9963395309901873,CNY
富民资本安全资金,1425,2137500000,0.9292926315789474,0.9819762292842105,CNY
财神-实名收付-老牌神盾,1982,1982000000,0.9588128153380424,1.0,CNY
宏森商贸-诚信安全,1312,1968000000,0.9750701219512194,0.9912893339481708,CNY
coco神盾pro安全快捷,1239,1858500000,0.9895520581113803,0.99818181,CNY
要快乐-股市证券沉淀资金-可验流水零冻结,1230,1845000000,0.9322829268292684,0.9744359939512195,CNY
