merchant_name,ads_count,total_volume,avg_finish_rate,avg_positive_rate,currency
蜜雪冰城财源广进24H,2513,3769500000,0.9906362912853164,0.9962576809669718,CNY
龙腾大宗理财资金-可查流水-零冻结,2411,3616500000,0.9459983409373705,0.990190671667358,CNY
光头强-老牌商家-可验资,2138,3207000000,0.9890645463049579,1.0,CNY
富民资本安全资金,1892,2838000000,0.9276490486257929,0.9819903354598308,CNY
古天乐急速安全-老牌神盾,1824,2736000000,0.9992253289473684,0.9919451375109649,CNY
老朱-实名收付-金牌神盾,2700,2700000000,0.9434188888888888,0.9963471480814815,CNY
宏森商贸-诚信安全,1735,2602500000,0.9759740634005764,0.9912991192795388,CNY
财神-实名收付-老牌神盾,2488,2488000000,0.9582640675241157,1.0,CNY
兴达严选-实名收付-资金保障,1650,2475000000,0.9300545454545454,1.0,CNY
coco神盾pro安全快捷,1510,2265000000,0.9890940397350992,0.99818181,CNY
