merchant_name,ads_count,total_volume,avg_finish_rate,avg_positive_rate,currency
蜜雪冰城财源广进24H,2239,3358500000,0.9909866011612327,0.996257191581063,CNY
龙腾大宗理财资金-可查流水-零冻结,2067,3100500000,0.9426782776971455,0.9909773783309144,CNY
光头强-老牌商家-可验资,1996,2994000000,0.9897565130260522,1.0,CNY
古天乐急速安全-老牌神盾,1706,2559000000,0.9997942555685814,0.9919444594958968,CNY
老朱-实名收付-金牌神盾,2411,2411000000,0.9428647863956864,0.9963422580049772,CNY
富民资本安全资金,1536,2304000000,0.9284361979166667,0.9819797702929688,CNY
宏森商贸-诚信安全,1462,2193000000,0.9754569083447332,0.991293451874145,CNY
财神-实名收付-老牌神盾,2186,2186000000,0.9585393412625799,1.0,CNY
coco神盾pro安全快捷,1358,2037000000,0.9893284241531665,0.99818181,CNY
兴达严选-实名收付-资金保障,1343,2014500000,0.9217848101265823,1.0,CNY
