merchant_name,ads_count,total_volume,avg_finish_rate,avg_positive_rate,currency
光头强-老牌商家-可验资,1804,2706000000,0.9902987804878048,1.0,CNY
龙腾大宗理财资金-可查流水-零冻结,1599,2398500000,0.9394921826141338,0.9920484722076298,CNY
蜜雪冰城财源广进24H,1588,2382000000,0.9918375314861461,0.9962553515554156,CNY
古天乐急速安全-老牌神盾,1226,1839000000,1.0,0.9919403561990213,CNY
老朱-实名收付-金牌神盾,1783,1783000000,0.9413965227145261,0.9963299342063938,CNY
要快乐-股市证券沉淀资金-可验流水零冻结,1055,1582500000,0.9291279620853081,0.9743949318104265,CNY
coco神盾pro安全快捷,1050,1575000000,0.9895485714285714,0.9981818099999998,CNY
财神-实名收付-老牌神盾,1492,1492000000,0.9591407506702413,1.0,CNY
富民资本安全资金,940,1410000000,0.9374787234042553,0.9819732621595745,CNY
宏森商贸-诚信安全,922,1383000000,0.97467136659436,0.991279334186551,CNY
