merchant_name,ads_count,total_volume,avg_finish_rate,avg_positive_rate,currency
蜜雪冰城财源广进24H,2864,4296000000,0.9900879888268157,0.9962581710719274,CNY
龙腾大宗理财资金-可查流水-零冻结,2825,4237500000,0.9495769911504425,0.9895383735362833,CNY
富民资本安全资金,2349,3523500000,0.9244159216687953,0.9819992039719029,CNY
光头强-老牌商家-可验资,2317,3475500000,0.9881558049201553,1.0,CNY
老朱-实名收付-金牌神盾,3226,3226000000,0.9446853688778672,0.996356256100434,CNY
财神-实名收付-老牌神盾,2875,2875000000,0.9594146086956522,1.0,CNY
宏森商贸-诚信安全,1879,2818500000,0.9761293241085683,0.9913014452527941,CNY
古天乐急速安全-老牌神盾,1824,2736000000,0.9992253289473684,0.9919451375109649,CNY
兴达严选-实名收付-资金保障,1769,2653500000,0.9330073487846241,1.0,CNY
coco神盾pro安全快捷,1747,2620500000,0.9888002289639382,0.99818181,CNY
