merchant_name,ads_count,total_volume,avg_finish_rate,avg_positive_rate,currency
蜜雪冰城财源广进24H,2132,3198000000,0.9911003752345215,0.9962569663180113,CNY
龙腾大宗理财资金-可查流水-零冻结,2047,3070500000,0.9424777723497801,0.991031857357108,CNY
光头强-老牌商家-可验资,1971,2956500000,0.9898878741755454,1.0,CNY
古天乐急速安全-老牌神盾,1585,2377500000,1.0,0.9919436594069401,CNY
老朱-实名收付-金牌神盾,2290,2290000000,0.9425633187772925,0.9963403123842796,CNY
富民资本安全资金,1467,2200500000,0.9288459441036128,0.9819771293047034,CNY
财神-实名收付-老牌神盾,2052,2052000000,0.9587051656920078,1.0,CNY
宏森商贸-诚信安全,1361,2041500000,0.9752116091109477,0.991290778963997,CNY
coco神盾pro安全快捷,1256,1884000000,0.989517515923567,0.9981818099999998,CNY
要快乐-股市证券沉淀资金-可验流水零冻结,1230,1845000000,0.9322829268292684,0.9744359939512195,CNY
