merchant_name,ads_count,total_volume,avg_finish_rate,avg_positive_rate,currency
蜜雪冰城财源广进24H,2660,3990000000,0.9904289473684211,0.9962579019661655,CNY
龙腾大宗理财资金-可查流水-零冻结,2624,3936000000,0.9478555640243902,0.9898224852591463,CNY
光头强-老牌商家-可验资,2279,3418500000,0.988341816586222,1.0,CNY
富民资本安全资金,2176,3264000000,0.9254034926470589,0.9819962849126839,CNY
老朱-实名收付-金牌神盾,3008,3008000000,0.9441668882978723,0.996351524581117,CNY
宏森商贸-诚信安全,1879,2818500000,0.9761293241085683,0.9913014452527941,CNY
财神-实名收付-老牌神盾,2761,2761000000,0.9589550887359651,1.0,CNY
古天乐急速安全-老牌神盾,1824,2736000000,0.9992253289473684,0.9919451375109649,CNY
coco神盾pro安全快捷,1746,2619000000,0.9888012600229095,0.99818181,CNY
兴达严选-实名收付-资金保障,1678,2517000000,0.9307878426698452,1.0,CNY
