merchant_name,ads_count,total_volume,avg_finish_rate,avg_positive_rate,currency
蜜雪冰城财源广进24H,2862,4293000000,0.9900915443745631,0.9962581686198463,CNY
龙腾大宗理财资金-可查流水-零冻结,2823,4234500000,0.9495603967410556,0.9895409402267092,CNY
富民资本安全资金,2347,3520500000,0.9244265019173412,0.9819991726842778,CNY
光头强-老牌商家-可验资,2316,3474000000,0.988160621761658,1.0,CNY
老朱-实名收付-金牌神盾,3224,3224000000,0.9446795905707196,0.9963562112406948,CNY
财神-实名收付-老牌神盾,2874,2874000000,0.959410925539318,1.0,CNY
宏森商贸-诚信安全,1879,2818500000,0.9761293241085683,0.9913014452527941,CNY
古天乐急速安全-老牌神盾,1824,2736000000,0.9992253289473684,0.9919451375109649,CNY
兴达严选-实名收付-资金保障,1768,2652000000,0.9329841628959277,1.0,CNY
coco神盾pro安全快捷,1747,2620500000,0.9888002289639382,0.99818181,CNY
