merchant_name,ads_count,total_volume,avg_finish_rate,avg_positive_rate,currency
蜜雪冰城财源广进24H,2617,3925500000,0.9904917844860528,0.996257839889186,CNY
龙腾大宗理财资金-可查流水-零冻结,2600,3900000000,0.9476469230769231,0.989860407153846,CNY
光头强-老牌商家-可验资,2235,3352500000,0.9885651006711408,1.0,CNY
富民资本安全资金,2136,3204000000,0.9256676029962547,0.9819955426825844,CNY
老朱-实名收付-金牌神盾,2960,2960000000,0.9440635135135135,0.9963509024391892,CNY
宏森商贸-诚信安全,1879,2818500000,0.9761293241085683,0.9913014452527941,CNY
古天乐急速安全-老牌神盾,1824,2736000000,0.9992253289473684,0.9919451375109649,CNY
财神-实名收付-老牌神盾,2720,2720000000,0.9587694852941177,1.0,CNY
coco神盾pro安全快捷,1703,2554500000,0.9888567234292425,0.9981818099999998,CNY
兴达严选-实名收付-资金保障,1678,2517000000,0.9307878426698452,1.0,CNY
