merchant_name,ads_count,total_volume,avg_finish_rate,avg_positive_rate,currency
蜜雪冰城财源广进24H,2526,3789000000,0.9906175771971497,0.9962577015479018,CNY
龙腾大宗理财资金-可查流水-零冻结,2475,3712500000,0.9465579797979797,0.9900720082464647,CNY
光头强-老牌商家-可验资,2138,3207000000,0.9890645463049579,1.0,CNY
富民资本安全资金,1971,2956500000,0.926908168442415,0.981992162541857,CNY
老朱-实名收付-金牌神盾,2776,2776000000,0.9436264409221903,0.9963483182492795,CNY
宏森商贸-诚信安全,1824,2736000000,0.9760729166666666,0.9913006002083333,CNY
古天乐急速安全-老牌神盾,1824,2736000000,0.9992253289473684,0.9919451375109649,CNY
财神-实名收付-老牌神盾,2572,2572000000,0.9582414463452565,1.0,CNY
兴达严选-实名收付-资金保障,1650,2475000000,0.9300545454545454,1.0,CNY
coco神盾pro安全快捷,1567,2350500000,0.9890178685386087,0.99818181,CNY
