merchant_name,ads_count,total_volume,avg_finish_rate,avg_positive_rate,currency
龙腾大宗理财资金-可查流水-零冻结,3074,4611000000,0.9514925178919974,0.9892463546844503,CNY
蜜雪冰城财源广进24H,3053,4579500000,0.9897576154602031,0.9962583882967573,CNY
富民资本安全资金,2490,3735000000,0.9237337349397591,0.9820013907630522,CNY
光头强-老牌商家-可验资,2469,3703500000,0.9874293236127988,1.0,CNY
老朱-实名收付-金牌神盾,3516,3516000000,0.9454587599544937,0.9963630122212742,CNY
财神-实名收付-老牌神盾,3242,3242000000,0.9604950647748303,1.0,CNY
宏森商贸-诚信安全,1879,2818500000,0.9761293241085683,0.9913014452527941,CNY
兴达严选-实名收付-资金保障,1867,2800500000,0.9350492769148366,1.0,CNY
古天乐急速安全-老牌神盾,1824,2736000000,0.9992253289473684,0.9919451375109649,CNY
coco神盾pro安全快捷,1753,2629500000,0.9888043354249858,0.99818181,CNY
