merchant_name,ads_count,total_volume,avg_finish_rate,avg_positive_rate,currency
光头强-老牌商家-可验资,1870,2805000000,0.9901438502673796,1.0,CNY
蜜雪冰城财源广进24H,1856,2784000000,0.9914245689655172,0.9962562653609914,CNY
龙腾大宗理财资金-可查流水-零冻结,1801,2701500000,0.9402642976124375,0.9918198750583009,CNY
古天乐急速安全-老牌神盾,1490,2235000000,1.0,0.9919429401744966,CNY
老朱-实名收付-金牌神盾,1981,1981000000,0.941761231701161,0.9963346194194851,CNY
要快乐-股市证券沉淀资金-可验流水零冻结,1190,1785000000,0.9313806722689076,0.9744276730756303,CNY
财神-实名收付-老牌神盾,1722,1722000000,0.9589012775842043,1.0,CNY
富民资本安全资金,1146,1719000000,0.9329991273996509,0.9819748292408378,CNY
coco神盾pro安全快捷,1137,1705500000,0.9896596306068601,0.99818181,CNY
宏森商贸-诚信安全,1048,1572000000,0.9752509541984733,0.991282340610687,CNY
