merchant_name,ads_count,total_volume,avg_finish_rate,avg_positive_rate,currency
蜜雪冰城财源广进24H,2433,3649500000,0.9907394163584052,0.9962575494739004,CNY
龙腾大宗理财资金-可查流水-零冻结,2321,3481500000,0.9452012063765618,0.9903722782378286,CNY
光头强-老牌商家-可验资,2120,3180000000,0.9891415094339623,1.0,CNY
古天乐急速安全-老牌神盾,1824,2736000000,0.9992253289473684,0.9919451375109649,CNY
富民资本安全资金,1802,2703000000,0.9282586015538291,0.9819880587624862,CNY
老朱-实名收付-金牌神盾,2631,2631000000,0.9432729000380082,0.9963460271417712,CNY
宏森商贸-诚信安全,1647,2470500000,0.9758415300546448,0.9912974976259867,CNY
财神-实名收付-老牌神盾,2399,2399000000,0.9583351396415172,1.0,CNY
兴达严选-实名收付-资金保障,1577,2365500000,0.927994927076728,1.0,CNY
coco神盾pro安全快捷,1487,2230500000,0.989126429051782,0.99818181,CNY
