merchant_name,ads_count,total_volume,avg_finish_rate,avg_positive_rate,currency
龙腾大宗理财资金-可查流水-零冻结,2578,3867000000,0.947456167571761,0.9898957891543833,CNY
蜜雪冰城财源广进24H,2573,3859500000,0.9905514963078118,0.996257774220754,CNY
光头强-老牌商家-可验资,2191,3286500000,0.9887973528069375,1.0,CNY
富民资本安全资金,2092,3138000000,0.9259550669216061,0.9819946934464627,CNY
老朱-实名收付-金牌神盾,2916,2916000000,0.9439588477366254,0.9963503141495198,CNY
宏森商贸-诚信安全,1879,2818500000,0.9761293241085683,0.9913014452527941,CNY
古天乐急速安全-老牌神盾,1824,2736000000,0.9992253289473684,0.9919451375109649,CNY
财神-实名收付-老牌神盾,2676,2676000000,0.9585519431988042,1.0,CNY
兴达严选-实名收付-资金保障,1678,2517000000,0.9307878426698452,1.0,CNY
coco神盾pro安全快捷,1659,2488500000,0.9889059674502713,0.9981818099999998,CNY
