merchant_name,ads_count,total_volume,avg_finish_rate,avg_positive_rate,currency
蜜雪冰城财源广进24H,2974,4461000000,0.9898991257565568,0.9962583008574311,CNY
龙腾大宗理财资金-可查流水-零冻结,2933,4399500000,0.9504401636549609,0.9894049703920901,CNY
富民资本安全资金,2459,3688500000,0.9238596990646605,0.9820008464131761,CNY
光头强-老牌商家-可验资,2372,3558000000,0.9878967116357505,1.0,CNY
老朱-实名收付-金牌神盾,3336,3336000000,0.9450140887290168,0.9963588234292566,CNY
财神-实名收付-老牌神盾,2974,2974000000,0.9597663080026899,1.0,CNY
宏森商贸-诚信安全,1879,2818500000,0.9761293241085683,0.9913014452527941,CNY
兴达严选-实名收付-资金保障,1847,2770500000,0.9347379534380076,1.0,CNY
古天乐急速安全-老牌神盾,1824,2736000000,0.9992253289473684,0.9919451375109649,CNY
coco神盾pro安全快捷,1747,2620500000,0.9888002289639382,0.99818181,CNY
