merchant_name,ads_count,total_volume,avg_finish_rate,avg_positive_rate,currency
光头强-老牌商家-可验资,1805,2707500000,0.9902958448753462,1.0,CNY
蜜雪冰城财源广进24H,1752,2628000000,0.991568493150685,0.9962559439440638,CNY
龙腾大宗理财资金-可查流水-零冻结,1739,2608500000,0.9399373202990224,0.9920577547901093,CNY
古天乐急速安全-老牌神盾,1384,2076000000,1.0,0.9919420211127167,CNY
老朱-实名收付-金牌神盾,1929,1929000000,0.9416511145671332,0.9963334820891654,CNY
要快乐-股市证券沉淀资金-可验流水零冻结,1137,1705500000,0.9304661389621812,0.974415746121372,CNY
coco神盾pro安全快捷,1114,1671000000,0.9896319569120288,0.99818181,CNY
财神-实名收付-老牌神盾,1631,1631000000,0.9588969957081546,1.0,CNY
富民资本安全资金,1070,1605000000,0.9343495327102804,0.9819743213364486,CNY
宏森商贸-诚信安全,1004,1506000000,0.9751743027888445,0.9912813764940238,CNY
