merchant_name,ads_count,total_volume,avg_finish_rate,avg_positive_rate,currency
蜜雪冰城财源广进24H,2459,3688500000,0.9907104514030094,0.996257593147621,CNY
龙腾大宗理财资金-可查流水-零冻结,2347,3520500000,0.9454316148274392,0.9903183834810397,CNY
光头强-老牌商家-可验资,2133,3199500000,0.9890857946554148,1.0,CNY
富民资本安全资金,1828,2742000000,0.9282549234135666,0.9819887395021882,CNY
古天乐急速安全-老牌神盾,1824,2736000000,0.9992253289473684,0.9919451375109649,CNY
老朱-实名收付-金牌神盾,2657,2657000000,0.9433191569439217,0.996346456360557,CNY
宏森商贸-诚信安全,1673,2509500000,0.9758906156604901,0.991297994506874,CNY
财神-实名收付-老牌神盾,2425,2425000000,0.9583101030927835,1.0,CNY
兴达严选-实名收付-资金保障,1603,2404500000,0.9287573300062383,1.0,CNY
coco神盾pro安全快捷,1500,2250000000,0.989108,0.9981818099999998,CNY
