merchant_name,ads_count,total_volume,avg_finish_rate,avg_positive_rate,currency
蜜雪冰城财源广进24H,2351,3526500000,0.9908349638451722,0.99625740540621,CNY
龙腾大宗理财资金-可查流水-零冻结,2243,3364500000,0.9444832813196612,0.9905414592376282,CNY
光头强-老牌商家-可验资,2076,3114000000,0.9893420038535644,1.0,CNY
古天乐急速安全-老牌神盾,1824,2736000000,0.9992253289473684,0.9919451375109649,CNY
富民资本安全资金,1720,2580000000,0.9282825581395349,0.981985777005814,CNY
老朱-实名收付-金牌神盾,2575,2575000000,0.9431708737864077,0.996345073231068,CNY
宏森商贸-诚信安全,1586,2379000000,0.9757200504413619,0.9912962679192938,CNY
财神-实名收付-老牌神盾,2321,2321000000,0.9584136148211978,1.0,CNY
兴达严选-实名收付-资金保障,1495,2242500000,0.9254167224080267,1.0,CNY
coco神盾pro安全快捷,1460,2190000000,0.9891657534246575,0.99818181,CNY
