merchant_name,ads_count,total_volume,avg_finish_rate,avg_positive_rate,currency
蜜雪冰城财源广进24H,2327,3490500000,0.9908650623119897,0.9962573613192952,CNY
龙腾大宗理财资金-可查流水-零冻结,2227,3340500000,0.9443358778625954,0.9905776278536148,CNY
光头强-老牌商家-可验资,2072,3108000000,0.9893619691119692,1.0,CNY
古天乐急速安全-老牌神盾,1824,2736000000,0.9992253289473684,0.9919451375109649,CNY
老朱-实名收付-金牌神盾,2552,2552000000,0.9431363636363637,0.9963446693181818,CNY
富民资本安全资金,1699,2548500000,0.9282984108299,0.9819851572277811,CNY
宏森商贸-诚信安全,1570,2355000000,0.9756866242038217,0.9912959295541401,CNY
财神-实名收付-老牌神盾,2297,2297000000,0.958438833260775,1.0,CNY
兴达严选-实名收付-资金保障,1465,2197500000,0.9244095563139931,1.0,CNY
coco神盾pro安全快捷,1460,2190000000,0.9891657534246575,0.99818181,CNY
