merchant_name,ads_count,total_volume,avg_finish_rate,avg_positive_rate,currency
光头强-老牌商家-可验资,1773,2659500000,0.9903384094754653,1.0,CNY
龙腾大宗理财资金-可查流水-零冻结,1544,2316000000,0.9393918393782383,0.9920330576813472,CNY
蜜雪冰城财源广进24H,1484,2226000000,0.9920512129380054,0.9962549080525607,CNY
古天乐急速安全-老牌神盾,1122,1683000000,1.0,0.991939004402852,CNY
老朱-实名收付-金牌神盾,1679,1679000000,0.9411625967837999,0.9963277391721262,CNY
coco神盾pro安全快捷,1048,1572000000,0.9895458015267177,0.9981818099999998,CNY
要快乐-股市证券沉淀资金-可验流水零冻结,1003,1504500000,0.9284366899302093,0.9743799690727817,CNY
财神-实名收付-老牌神盾,1388,1388000000,0.9593443804034582,1.0,CNY
富民资本安全资金,888,1332000000,0.9388592342342342,0.9819727516554054,CNY
宏森商贸-诚信安全,871,1306500000,0.9742422502870264,0.9912790599999999,CNY
