merchant_name,ads_count,total_volume,avg_finish_rate,avg_positive_rate,currency
蜜雪冰城财源广进24H,2463,3694500000,0.9907060495330897,0.9962575997848153,CNY
龙腾大宗理财资金-可查流水-零冻结,2351,3526500000,0.9454666099532114,0.9903101977839217,CNY
光头强-老牌商家-可验资,2135,3202500000,0.9890772833723652,1.0,CNY
富民资本安全资金,1832,2748000000,0.9282543668122271,0.9819888425163755,CNY
古天乐急速安全-老牌神盾,1824,2736000000,0.9992253289473684,0.9919451375109649,CNY
老朱-实名收付-金牌神盾,2661,2661000000,0.943326193160466,0.9963465216497557,CNY
宏森商贸-诚信安全,1677,2515500000,0.9758980322003578,0.9912980695825879,CNY
财神-实名收付-老牌神盾,2429,2429000000,0.9583062988884316,1.0,CNY
兴达严选-实名收付-资金保障,1607,2410500000,0.928872433105165,1.0,CNY
coco神盾pro安全快捷,1502,2253000000,0.9891051930758987,0.99818181,CNY
