merchant_name,ads_count,total_volume,avg_finish_rate,avg_positive_rate,currency
Alice-reliable,1934,193400000,1.0,0.9486241336452947,EUR
Coin_Reserve,3382,189392000,1.0,0.9134563094500296,EUR
PLUMEX,1149,114900000,0.9832471714534378,0.9382164568668409,EUR
Lulucandy,1018,101800000,1.0,1.0,EUR
Safety-SereneLn,1012,101200000,1.0,0.9303559474011858,EUR
CRYPTORIUM_org,989,98900000,1.0,0.9387675955409505,EUR
CoinEx-1,1000,98700000,0.9722999999999999,0.9953165780000001,EUR
XCHAINGER,1631,78075000,0.995928264868179,0.9693969973513182,EUR
CASPER_EX,748,74800000,0.9935521390374332,0.9850215070855615,EUR
FidesCapital,660,66000000,1.0,0.9953317915909091,EUR
