merchant_name,ads_count,total_volume,avg_finish_rate,avg_positive_rate,currency
Coin_Reserve,3577,200312000,1.0,0.913463065518591,EUR
Alice-reliable,1992,199200000,1.0,0.9486359254166666,EUR
PLUMEX,1167,116700000,0.9832587832047986,0.9382880355269921,EUR
Safety-SereneLn,1114,111400000,1.0,0.9298655464721725,EUR
CRYPTORIUM_org,1112,111200000,1.0,0.9375252772302158,EUR
Lulucandy,1074,107400000,1.0,1.0,EUR
CoinEx-1,1045,103200000,0.9723933014354067,0.9953187264593301,EUR
XCHAINGER,1744,83700000,0.9959168577981651,0.9694153203325688,EUR
CASPER_EX,796,79600000,0.9933379396984925,0.9850229731909548,EUR
FidesCapital,703,70300000,1.0,0.9953372665576103,EUR
