merchant_name,ads_count,total_volume,avg_finish_rate,avg_positive_rate,currency
Alice-reliable,1939,193900000,1.0,0.9486251779628675,EUR
Coin_Reserve,3382,189392000,1.0,0.9134563094500296,EUR
PLUMEX,1157,115700000,0.9832523768366466,0.9382485445635265,EUR
Lulucandy,1026,102600000,1.0,1.0,EUR
Safety-SereneLn,1012,101200000,1.0,0.9303559474011858,EUR
CRYPTORIUM_org,993,99300000,1.0,0.9387223533836858,EUR
CoinEx-1,1004,99100000,0.9723027888446215,0.9953167767729084,EUR
XCHAINGER,1635,78255000,0.995925993883792,0.9693976361590214,EUR
CASPER_EX,748,74800000,0.9935521390374332,0.9850215070855615,EUR
FidesCapital,660,66000000,1.0,0.9953317915909091,EUR
