merchant_name,ads_count,total_volume,avg_finish_rate,avg_positive_rate,currency
Coin_Reserve,2211,123816000,1.0,0.9133906727815468,EUR
Alice-reliable,1238,123800000,1.0,0.948480880266559,EUR
Safety-SereneLn,710,71000000,1.0,0.932634110943662,EUR
PLUMEX,689,68900000,0.983166908563135,0.9353303959796806,EUR
Lulucandy,619,61900000,1.0,1.0,EUR
FlavFlav,1034,61305956,0.8560483558994197,0.9554808783752418,EUR
CoinEx-1,550,54600000,0.973421818181818,0.9952926241454545,EUR
XCHAINGER,1053,50100000,0.9961471984805318,0.9693268858309592,EUR
CASPER_EX,478,47800000,0.9957112970711297,0.9850102023221757,EUR
CRYPTORIUM_org,460,46000000,1.0,0.9425284573913044,EUR
