merchant_name,ads_count,total_volume,avg_finish_rate,avg_positive_rate,currency
Coin_Reserve,2981,166936000,1.0,0.9134396384837303,EUR
Alice-reliable,1635,163500000,1.0,0.948555685058104,EUR
PLUMEX,987,98700000,0.9831722391084092,0.9374547641945289,EUR
Safety-SereneLn,946,94600000,1.0,0.9307296181501057,EUR
Lulucandy,885,88500000,1.0,1.0,EUR
CoinEx-1,826,81300000,0.9721440677966101,0.9953069945883778,EUR
CRYPTORIUM_org,717,71700000,1.0,0.9417291560669456,EUR
XCHAINGER,1385,65880000,0.9960931407942237,0.9693596474151623,EUR
CASPER_EX,648,64800000,0.9941003086419753,0.9850177550925927,EUR
FlavFlav,1091,64609836,0.856589367552704,0.955432006315307,EUR
