merchant_name,ads_count,total_volume,avg_finish_rate,avg_positive_rate,currency
Coin_Reserve,2595,145320000,1.0,0.9134187243468209,EUR
Alice-reliable,1346,134600000,1.0,0.9485049194725111,EUR
PLUMEX,884,88400000,0.9831923076923076,0.9368253018552035,EUR
Safety-SereneLn,815,81500000,1.0,0.9316505751779142,EUR
Lulucandy,743,74300000,1.0,1.0,EUR
CRYPTORIUM_org,659,65900000,1.0,0.9418550711684371,EUR
CoinEx-1,659,65500000,0.9723232169954475,0.9952979056600911,EUR
FlavFlav,1091,64609836,0.856589367552704,0.955432006315307,EUR
XCHAINGER,1268,60465000,0.9961222397476341,0.9693449600157727,EUR
FidesCapital,569,56900000,1.0,0.9953191025659051,EUR
