merchant_name,ads_count,total_volume,avg_finish_rate,avg_positive_rate,currency
Coin_Reserve,3592,201152000,1.0,0.9134635548329622,EUR
Alice-reliable,1999,199900000,1.0,0.9486373022861431,EUR
PLUMEX,1167,116700000,0.9832587832047986,0.9382880355269921,EUR
CRYPTORIUM_org,1118,111800000,1.0,0.937471668747764,EUR
Safety-SereneLn,1118,111800000,1.0,0.9298481384347049,EUR
Lulucandy,1086,108600000,1.0,1.0,EUR
CoinEx-1,1051,103800000,0.9724081826831589,0.995318999019981,EUR
XCHAINGER,1750,83970000,0.9959171428571428,0.9694162564,EUR
CASPER_EX,796,79600000,0.9933379396984925,0.9850229731909548,EUR
FidesCapital,709,70900000,1.0,0.9953380244146686,EUR
