merchant_name,ads_count,total_volume,avg_finish_rate,avg_positive_rate,currency
Coin_Reserve,3790,212240000,1.0,0.9134696507862797,EUR
Alice-reliable,2119,211900000,1.0,0.9486594911137329,EUR
CRYPTORIUM_org,1252,125200000,1.0,0.9364082911182109,EUR
Safety-SereneLn,1248,124800000,1.0,0.9293431240144232,EUR
Lulucandy,1184,118400000,1.0,1.0,EUR
PLUMEX,1167,116700000,0.9832587832047986,0.9382880355269921,EUR
CoinEx-1,1101,108800000,0.9725258855585831,0.9953211548319709,EUR
XCHAINGER,1883,90585000,0.9959229952203931,0.9694361448486457,EUR
CASPER_EX,823,82300000,0.993228432563791,0.9850237227217497,EUR
FidesCapital,759,75900000,1.0,0.9953441765349144,EUR
