merchant_name,ads_count,total_volume,avg_finish_rate,avg_positive_rate,currency
Coin_Reserve,3997,223832000,1.0,0.9134835519289468,EUR
Alice-reliable,2216,221600000,1.0,0.9486810731272564,EUR
Safety-SereneLn,1354,135400000,1.0,0.9290031157828657,EUR
Lulucandy,1310,131000000,1.0,1.0,EUR
CRYPTORIUM_org,1310,131000000,1.0,0.9360154823053436,EUR
PLUMEX,1246,124600000,0.9832375601926164,0.938577729951846,EUR
CoinEx-1,1127,111400000,0.9726007098491569,0.9953222002573204,EUR
XCHAINGER,1981,95040000,0.9959268046441192,0.9694350911913175,EUR
CASPER_EX,910,91000000,0.9929197802197802,0.9850258353186814,EUR
FidesCapital,826,82600000,1.0,0.9953520286198547,EUR
