merchant_name,ads_count,total_volume,avg_finish_rate,avg_positive_rate,currency
Alice-reliable,1265,126500000,1.0,0.9484872748853754,EUR
Coin_Reserve,2215,124040000,1.0,0.9133910151151241,EUR
PLUMEX,740,74000000,0.9831554054054054,0.9357333010810811,EUR
Safety-SereneLn,710,71000000,1.0,0.932634110943662,EUR
FlavFlav,1081,64098611,0.8564838112858465,0.9554402075763182,EUR
Lulucandy,637,63700000,1.0,1.0,EUR
CoinEx-1,576,57200000,0.973125,0.9952937346701388,EUR
XCHAINGER,1080,51315000,0.9961435185185186,0.9693286274351852,EUR
CASPER_EX,505,50500000,0.9953366336633663,0.9850117211485149,EUR
CRYPTORIUM_org,487,48700000,1.0,0.9424048252566736,EUR
