merchant_name,ads_count,total_volume,avg_finish_rate,avg_positive_rate,currency
Alice-reliable,1975,197500000,1.0,0.948632540956962,EUR
Coin_Reserve,3403,190568000,1.0,0.9134570742286219,EUR
PLUMEX,1167,116700000,0.9832587832047986,0.9382880355269921,EUR
Lulucandy,1054,105400000,1.0,1.0,EUR
Safety-SereneLn,1012,101200000,1.0,0.9303559474011858,EUR
CRYPTORIUM_org,1010,101000000,1.0,0.93853407209901,EUR
CoinEx-1,1012,99900000,0.972308300395257,0.995317169604743,EUR
XCHAINGER,1650,78930000,0.9959175757575757,0.9694000512666666,EUR
CASPER_EX,761,76100000,0.993491458607096,0.9850219224178711,EUR
FidesCapital,669,66900000,1.0,0.9953329760986547,EUR
