merchant_name,ads_count,total_volume,avg_finish_rate,avg_positive_rate,currency
Alice-reliable,1942,194200000,1.0,0.9486258019721936,EUR
Coin_Reserve,3382,189392000,1.0,0.9134563094500296,EUR
PLUMEX,1159,115900000,0.9832536669542709,0.9382564972735117,EUR
Lulucandy,1028,102800000,1.0,1.0,EUR
Safety-SereneLn,1012,101200000,1.0,0.9303559474011858,EUR
CRYPTORIUM_org,994,99400000,1.0,0.9387110997384306,EUR
CoinEx-1,1005,99200000,0.9723034825870647,0.9953168262189055,EUR
XCHAINGER,1636,78300000,0.9959254278728606,0.9693977953728606,EUR
CASPER_EX,748,74800000,0.9935521390374332,0.9850215070855615,EUR
FidesCapital,660,66000000,1.0,0.9953317915909091,EUR
