merchant_name,ads_count,total_volume,avg_finish_rate,avg_positive_rate,currency
Alice-reliable,1232,123200000,1.0,0.9484794211769481,EUR
Coin_Reserve,2199,123144000,1.0,0.9133896383083221,EUR
Safety-SereneLn,710,71000000,1.0,0.932634110943662,EUR
PLUMEX,680,68000000,0.9831691176470587,0.9352766139117646,EUR
Lulucandy,617,61700000,1.0,1.0,EUR
FlavFlav,1022,60691199,0.8559549902152641,0.9554926500978473,EUR
CoinEx-1,544,54000000,0.9735036764705882,0.995292353639706,EUR
XCHAINGER,1047,49830000,0.996148042024833,0.9693265622540592,EUR
CASPER_EX,472,47200000,0.9958093220338983,0.985009841207627,EUR
CRYPTORIUM_org,454,45400000,1.0,0.9425579281938327,EUR
