merchant_name,ads_count,total_volume,avg_finish_rate,avg_positive_rate,currency
Coin_Reserve,2383,133448000,1.0,0.9134043553503988,EUR
Alice-reliable,1270,127000000,1.0,0.9484884292362205,EUR
Safety-SereneLn,763,76300000,1.0,0.9321038253866317,EUR
PLUMEX,762,76200000,0.9831509186351706,0.9358904529396325,EUR
Lulucandy,674,67400000,1.0,1.0,EUR
FlavFlav,1091,64609836,0.856589367552704,0.955432006315307,EUR
CoinEx-1,598,59400000,0.9728260869565217,0.9952946759698997,EUR
CRYPTORIUM_org,583,58300000,1.0,0.9420579861063465,EUR
XCHAINGER,1176,56175000,0.9961318027210885,0.9693362118962584,EUR
CASPER_EX,528,52800000,0.9950606060606062,0.9850128924431818,EUR
