merchant_name,ads_count,total_volume,avg_finish_rate,avg_positive_rate,currency
Alice-reliable,1235,123500000,1.0,0.9484801524939271,EUR
Coin_Reserve,2205,123480000,1.0,0.913390156952381,EUR
Safety-SereneLn,710,71000000,1.0,0.932634110943662,EUR
PLUMEX,686,68600000,0.9831676384839649,0.9353126254227405,EUR
Lulucandy,618,61800000,1.0,1.0,EUR
FlavFlav,1028,60999221,0.8560019455252919,0.9554864500194552,EUR
CoinEx-1,547,54300000,0.9734625228519196,0.9952924896343692,EUR
XCHAINGER,1050,49965000,0.996147619047619,0.9693267245047619,EUR
CASPER_EX,475,47500000,0.99576,0.9850100229052632,EUR
CRYPTORIUM_org,457,45700000,1.0,0.9425430960612692,EUR
