merchant_name,ads_count,total_volume,avg_finish_rate,avg_positive_rate,currency
Coin_Reserve,3172,177632000,1.0,0.9134481047162674,EUR
Alice-reliable,1757,175700000,1.0,0.9485833353614116,EUR
PLUMEX,1065,106500000,0.9831877934272301,0.9378504311549296,EUR
Safety-SereneLn,946,94600000,1.0,0.9307296181501057,EUR
Lulucandy,924,92400000,1.0,1.0,EUR
CoinEx-1,926,91300000,0.97214686825054,0.995312590950324,EUR
CRYPTORIUM_org,854,85400000,1.0,0.9405605152693209,EUR
XCHAINGER,1499,71520000,0.9960100066711141,0.9693760649899934,EUR
CASPER_EX,679,67900000,0.9939131075110456,0.9850190364064801,EUR
FlavFlav,1091,64609836,0.856589367552704,0.955432006315307,EUR
