merchant_name,ads_count,total_volume,avg_finish_rate,avg_positive_rate,currency
Coin_Reserve,3715,208040000,1.0,0.9134674181641993,EUR
Alice-reliable,2080,208000000,1.0,0.9486525605721154,EUR
Safety-SereneLn,1240,124000000,1.0,0.9293711441693548,EUR
CRYPTORIUM_org,1221,122100000,1.0,0.936633544103194,EUR
PLUMEX,1167,116700000,0.9832587832047986,0.9382880355269921,EUR
Lulucandy,1146,114600000,1.0,1.0,EUR
CoinEx-1,1079,106600000,0.9724754402224282,0.9953202308897127,EUR
XCHAINGER,1852,89100000,0.9959217062634989,0.9694317163174946,EUR
CASPER_EX,823,82300000,0.993228432563791,0.9850237227217497,EUR
FidesCapital,734,73400000,1.0,0.9953411246457766,EUR
