merchant_name,ads_count,total_volume,avg_finish_rate,avg_positive_rate,currency
Alice-reliable,1901,190100000,1.0,0.9486171033719095,EUR
Coin_Reserve,3364,188384000,1.0,0.9134556463258027,EUR
PLUMEX,1111,111100000,0.9832214221422142,0.9380577296309631,EUR
Safety-SereneLn,1005,100500000,1.0,0.9303932525074627,EUR
Lulucandy,986,98600000,1.0,1.0,EUR
CRYPTORIUM_org,969,96900000,1.0,0.9389994090712075,EUR
CoinEx-1,973,96000000,0.9722363823227133,0.9953151935354574,EUR
XCHAINGER,1611,77175000,0.9959397889509621,0.9693937557293606,EUR
CASPER_EX,734,73400000,0.9936198910081744,0.9850210433514986,EUR
FidesCapital,660,66000000,1.0,0.9953317915909091,EUR
