merchant_name,ads_count,total_volume,avg_finish_rate,avg_positive_rate,currency
Coin_Reserve,4386,245616000,1.0,0.9136559485909713,EUR
Alice-reliable,2288,228800000,1.0,0.9486993987019231,EUR
Safety-SereneLn,1463,146300000,1.0,0.928704865871497,EUR
Lulucandy,1414,141400000,1.0,1.0,EUR
CRYPTORIUM_org,1392,139200000,1.0,0.9355591190373562,EUR
PLUMEX,1308,130800000,0.9831483180428136,0.9387805766055045,EUR
CoinEx-1,1148,113500000,0.9726445993031358,0.9953230100696864,EUR
XCHAINGER,2070,99045000,0.9959719806763284,0.9694328731207729,EUR
CASPER_EX,946,94600000,0.9928086680761099,0.9850265958350952,EUR
FidesCapital,921,92100000,1.0,0.9953623702605864,EUR
