merchant_name,ads_count,total_volume,avg_finish_rate,avg_positive_rate,currency
Coin_Reserve,3757,210392000,1.0,0.9134686794144264,EUR
Alice-reliable,2101,210100000,1.0,0.9486563243741076,EUR
Safety-SereneLn,1247,124700000,1.0,0.9293466068724939,EUR
CRYPTORIUM_org,1241,124100000,1.0,0.9364869314665593,EUR
PLUMEX,1167,116700000,0.9832587832047986,0.9382880355269921,EUR
Lulucandy,1162,116200000,1.0,1.0,EUR
CoinEx-1,1090,107700000,0.9725009174311927,0.9953206975229358,EUR
XCHAINGER,1872,90090000,0.9959225427350427,0.9694345501175213,EUR
CASPER_EX,823,82300000,0.993228432563791,0.9850237227217497,EUR
FidesCapital,748,74800000,1.0,0.9953428588368984,EUR
