merchant_name,ads_count,total_volume,avg_finish_rate,avg_positive_rate,currency
Coin_Reserve,2401,134456000,1.0,0.9134056739358601,EUR
Alice-reliable,1278,127800000,1.0,0.9484902574100157,EUR
PLUMEX,780,78000000,0.9831538461538462,0.9360210567692308,EUR
Safety-SereneLn,763,76300000,1.0,0.9321038253866317,EUR
Lulucandy,674,67400000,1.0,1.0,EUR
FlavFlav,1091,64609836,0.856589367552704,0.955432006315307,EUR
CoinEx-1,598,59400000,0.9728260869565217,0.9952946759698997,EUR
CRYPTORIUM_org,592,59200000,1.0,0.9420312371621622,EUR
XCHAINGER,1185,56580000,0.9961308016877637,0.9693368703628691,EUR
CASPER_EX,536,53600000,0.9949701492537313,0.9850132762873134,EUR
