merchant_name,ads_count,total_volume,avg_finish_rate,avg_positive_rate,currency
Alice-reliable,1961,196100000,1.0,0.9486297096940337,EUR
Coin_Reserve,3388,189728000,1.0,0.9134565289256198,EUR
PLUMEX,1167,116700000,0.9832587832047986,0.9382880355269921,EUR
Lulucandy,1046,104600000,1.0,1.0,EUR
Safety-SereneLn,1012,101200000,1.0,0.9303559474011858,EUR
CRYPTORIUM_org,1003,100300000,1.0,0.9386108267298106,EUR
CoinEx-1,1012,99900000,0.972308300395257,0.995317169604743,EUR
XCHAINGER,1645,78705000,0.9959203647416414,0.9693992274711246,EUR
CASPER_EX,756,75600000,0.9935145502645503,0.9850217643650794,EUR
FidesCapital,664,66400000,1.0,0.995332322003012,EUR
