merchant_name,ads_count,total_volume,avg_finish_rate,avg_positive_rate,currency
Coin_Reserve,3064,171584000,1.0,0.9134434472062662,EUR
Alice-reliable,1667,166700000,1.0,0.9485623924835034,EUR
PLUMEX,1005,100500000,0.9831691542288558,0.937551523164179,EUR
Safety-SereneLn,946,94600000,1.0,0.9307296181501057,EUR
Lulucandy,890,89000000,1.0,1.0,EUR
CoinEx-1,846,83300000,0.9720248226950354,0.9953081251773049,EUR
CRYPTORIUM_org,780,78000000,1.0,0.9416136030769231,EUR
XCHAINGER,1438,68505000,0.9960528511821976,0.9693669111752434,EUR
CASPER_EX,672,67200000,0.9939538690476191,0.9850187574107142,EUR
FlavFlav,1091,64609836,0.856589367552704,0.955432006315307,EUR
