merchant_name,ads_count,total_volume,avg_finish_rate,avg_positive_rate,currency
Coin_Reserve,3163,177128000,1.0,0.9134477287385393,EUR
Alice-reliable,1742,174200000,1.0,0.9485794968025258,EUR
PLUMEX,1035,103500000,0.9831642512077294,0.9377053091594203,EUR
Safety-SereneLn,946,94600000,1.0,0.9307296181501057,EUR
Lulucandy,906,90600000,1.0,1.0,EUR
CoinEx-1,907,89400000,0.9721080485115766,0.9953115486108048,EUR
CRYPTORIUM_org,839,83900000,1.0,0.9408124211442194,EUR
XCHAINGER,1484,70845000,0.9960202156334232,0.969373739231806,EUR
CASPER_EX,672,67200000,0.9939538690476191,0.9850187574107142,EUR
FlavFlav,1091,64609836,0.856589367552704,0.955432006315307,EUR
