merchant_name,ads_count,total_volume,avg_finish_rate,avg_positive_rate,currency
Alice-reliable,1914,191400000,1.0,0.9486199018129572,EUR
Coin_Reserve,3382,189392000,1.0,0.9134563094500296,EUR
PLUMEX,1125,112500000,0.9832311111111111,0.9381174556266667,EUR
Safety-SereneLn,1010,101000000,1.0,0.9303665532376237,EUR
Lulucandy,992,99200000,1.0,1.0,EUR
CRYPTORIUM_org,976,97600000,1.0,0.938917193647541,EUR
CoinEx-1,980,96700000,0.9722530612244897,0.9953155597959183,EUR
XCHAINGER,1618,77490000,0.9959357231149567,0.9693948994128554,EUR
CASPER_EX,740,74000000,0.9935905405405405,0.9850212442432432,EUR
FidesCapital,660,66000000,1.0,0.9953317915909091,EUR
