merchant_name,ads_count,total_volume,avg_finish_rate,avg_positive_rate,currency
Coin_Reserve,4564,255584000,0.9999355828220859,0.9137634696647678,EUR
Alice-reliable,2315,231500000,1.0,0.948706116177106,EUR
CRYPTORIUM_org,1481,148100000,1.0,0.9351391965428764,EUR
Safety-SereneLn,1463,146300000,1.0,0.928704865871497,EUR
Lulucandy,1440,144000000,1.0,1.0,EUR
PLUMEX,1356,135600000,0.9832536873156341,0.9389611675663716,EUR
CoinEx-1,1148,113500000,0.9726445993031358,0.9953230100696864,EUR
XCHAINGER,2180,104550000,0.9960238532110092,0.9694348878944954,EUR
CASPER_EX,982,98200000,0.9927057026476578,0.9850273005906314,EUR
FidesCapital,964,96400000,1.0,0.9953672571991701,EUR
