merchant_name,ads_count,total_volume,avg_finish_rate,avg_positive_rate,currency
Coin_Reserve,3010,168560000,1.0,0.913440993116279,EUR
Alice-reliable,1648,164800000,1.0,0.9485584413652913,EUR
PLUMEX,1005,100500000,0.9831691542288558,0.937551523164179,EUR
Safety-SereneLn,946,94600000,1.0,0.9307296181501057,EUR
Lulucandy,890,89000000,1.0,1.0,EUR
CoinEx-1,846,83300000,0.9720248226950354,0.9953081251773049,EUR
CRYPTORIUM_org,741,74100000,1.0,0.9416828190283402,EUR
XCHAINGER,1404,66735000,0.9960783475783476,0.969362129002849,EUR
CASPER_EX,667,66700000,0.993983508245877,0.9850185545427287,EUR
FlavFlav,1091,64609836,0.856589367552704,0.955432006315307,EUR
