merchant_name,ads_count,total_volume,avg_finish_rate,avg_positive_rate,currency
Coin_Reserve,2942,164752000,1.0,0.9134377746295038,EUR
Alice-reliable,1598,159800000,1.0,0.9485483745744681,EUR
Safety-SereneLn,946,94600000,1.0,0.9307296181501057,EUR
PLUMEX,916,91600000,0.9831855895196506,0.937036021091703,EUR
Lulucandy,869,86900000,1.0,1.0,EUR
CoinEx-1,803,79900000,0.9722627646326276,0.9953056984557908,EUR
CRYPTORIUM_org,680,68000000,1.0,0.9418070005882353,EUR
FlavFlav,1091,64609836,0.856589367552704,0.955432006315307,EUR
XCHAINGER,1348,64215000,0.9961149851632047,0.9693548161721067,EUR
CASPER_EX,622,62200000,0.9942717041800643,0.9850167790192925,EUR
