merchant_name,ads_count,total_volume,avg_finish_rate,avg_positive_rate,currency
Coin_Reserve,4202,235312000,1.0,0.9135680778010471,EUR
Alice-reliable,2247,224700000,1.0,0.9486888893947486,EUR
Safety-SereneLn,1414,141400000,1.0,0.9288332523125884,EUR
Lulucandy,1352,135200000,1.0,1.0,EUR
CRYPTORIUM_org,1341,134100000,1.0,0.9358248704548844,EUR
PLUMEX,1250,125000000,0.9832368,0.9385914240640001,EUR
CoinEx-1,1148,113500000,0.9726445993031358,0.9953230100696864,EUR
XCHAINGER,2016,96615000,0.9959444444444445,0.9694339462698413,EUR
CASPER_EX,923,92300000,0.992878656554713,0.9850261167930661,EUR
FidesCapital,869,86900000,1.0,0.9953568430494822,EUR
