merchant_name,ads_count,total_volume,avg_finish_rate,avg_positive_rate,currency
Coin_Reserve,2966,166096000,1.0,0.9134389274173972,EUR
Alice-reliable,1610,161000000,1.0,0.9485502593602485,EUR
Safety-SereneLn,946,94600000,1.0,0.9307296181501057,EUR
PLUMEX,939,93900000,0.9831810436634718,0.9371786044089456,EUR
Lulucandy,870,87000000,1.0,1.0,EUR
CoinEx-1,808,80150000,0.9722363861386139,0.9953059653589109,EUR
CRYPTORIUM_org,692,69200000,1.0,0.9417808416184972,EUR
XCHAINGER,1360,64755000,0.9961132352941175,0.9693563432941177,EUR
FlavFlav,1091,64609836,0.856589367552704,0.955432006315307,EUR
CASPER_EX,627,62700000,0.9942376395534289,0.9850169531100479,EUR
