merchant_name,ads_count,total_volume,avg_finish_rate,avg_positive_rate,currency
Alice-reliable,1207,120700000,1.0,0.9484731854929578,EUR
Coin_Reserve,2049,114744000,1.0,0.9133756850366033,EUR
Safety-SereneLn,710,71000000,1.0,0.932634110943662,EUR
PLUMEX,654,65400000,0.9831911314984708,0.9351418877370031,EUR
Lulucandy,587,58700000,1.0,1.0,EUR
FlavFlav,983,57718908,0.8558280773143438,0.9555359719938962,EUR
CoinEx-1,510,50600000,0.973956862745098,0.9952907005490196,EUR
CASPER_EX,455,45500000,0.996134065934066,0.9850091635824176,EUR
XCHAINGER,957,45240000,0.9961619644723093,0.9693212217136886,EUR
FidesCapital,421,42100000,1.0,0.9952984442042756,EUR
