merchant_name,ads_count,total_volume,avg_finish_rate,avg_positive_rate,currency
Alice-reliable,2821,282100000,1.0,0.9485624344913152,GBP
Safety-SereneLn,2441,244100000,1.0,0.9322108014952889,GBP
EDENSERVICES,1438,143800000,0.7571481223922114,0.9447694483031989,GBP
CcccometoC,1430,143000000,0.9891657342657343,0.8269724272097903,GBP
siumeng,1430,143000000,0.9695132867132867,0.9875719031188812,GBP
CryptoMaxTraderr,1224,122400000,0.9636397058823528,0.9902495724754902,GBP
Lulucandy,1133,113300000,1.0,1.0,GBP
INSIDERS,1095,109500000,0.9063835616438356,0.9802001588584476,GBP
PLUMEX,1072,107200000,0.9832639925373134,0.9365250302985074,GBP
GBP-store,917,90338361,0.8400152671755725,0.9967427545256271,GBP
