merchant_name,ads_count,total_volume,avg_finish_rate,avg_positive_rate,currency
Alice-reliable,3701,370100000,1.0,0.9486689897541206,GBP
Safety-SereneLn,3254,325400000,1.0,0.9304092091118623,GBP
siumeng,1870,187000000,0.9690438502673796,0.9876259550962567,GBP
CcccometoC,1870,187000000,0.989088770053476,0.8281402087165776,GBP
EDENSERVICES,1849,184900000,0.7550708491076258,0.9448883233315305,GBP
Lulucandy,1574,157400000,1.0,1.0,GBP
CryptoMaxTraderr,1552,155200000,0.9638073453608247,0.9902633492203609,GBP
INSIDERS,1388,138800000,0.9085482708933718,0.9802164245677233,GBP
PLUMEX,1322,132200000,0.9833139183055976,0.9377224791830561,GBP
GBP-store,1325,131138361,0.8290513207547169,0.996747674264151,GBP
