merchant_name,ads_count,total_volume,avg_finish_rate,avg_positive_rate,currency
Alice-reliable,3755,375500000,1.0,0.9486759436058588,GBP
Safety-SereneLn,3435,343500000,1.0,0.9301241823726346,GBP
siumeng,1933,193300000,0.9688841179513709,0.9876412496223487,GBP
CcccometoC,1933,193300000,0.9890237972064149,0.8283094620227626,GBP
EDENSERVICES,1912,191200000,0.754711820083682,0.944905746082636,GBP
Lulucandy,1626,162600000,1.0,1.0,GBP
CryptoMaxTraderr,1582,158200000,0.9638704171934259,0.9902643241403287,GBP
INSIDERS,1451,145100000,0.9083721571330117,0.9802196025913162,GBP
GBP-store,1426,141238361,0.8254438990182329,0.9967486729663394,GBP
PLUMEX,1372,137200000,0.9832981049562682,0.9379096023906704,GBP
