merchant_name,ads_count,total_volume,avg_finish_rate,avg_positive_rate,currency
Alice-reliable,4015,401500000,1.0,0.9487132305952678,GBP
Safety-SereneLn,3732,373200000,1.0,0.9297163897240086,GBP
siumeng,2162,216200000,0.9678903792784458,0.987689335425532,GBP
CcccometoC,2162,216200000,0.988845513413506,0.8288415923496762,GBP
EDENSERVICES,2087,208700000,0.7510459990416867,0.9449093777671298,GBP
Lulucandy,1846,184600000,1.0,1.0,GBP
CryptoMaxTraderr,1745,174500000,0.9644538681948424,0.9902690353409742,GBP
GBP-store,1660,164638361,0.8188530120481928,0.9967506528012049,GBP
INSIDERS,1633,163300000,0.9068940600122475,0.9802275128230251,GBP
PLUMEX,1510,151000000,0.9831701986754967,0.9383722733774835,GBP
