merchant_name,ads_count,total_volume,avg_finish_rate,avg_positive_rate,currency
Alice-reliable,2824,282400000,1.0,0.9485626661260624,GBP
Safety-SereneLn,2444,244400000,1.0,0.9322019502659574,GBP
EDENSERVICES,1439,143900000,0.7571299513551077,0.9447697808130646,GBP
CcccometoC,1431,143100000,0.9891649196366177,0.8269758415863033,GBP
siumeng,1431,143100000,0.969512928022362,0.9875719607127882,GBP
CryptoMaxTraderr,1224,122400000,0.9636397058823528,0.9902495724754902,GBP
Lulucandy,1135,113500000,1.0,1.0,GBP
INSIDERS,1096,109600000,0.9063996350364963,0.9802002114963505,GBP
PLUMEX,1074,107400000,0.9832635009310988,0.9365368219366852,GBP
GBP-store,918,90438361,0.8399716775599128,0.9967427716775599,GBP
