merchant_name,ads_count,total_volume,avg_finish_rate,avg_positive_rate,currency
Alice-reliable,2788,278800000,1.0,0.9485598536083214,GBP
Safety-SereneLn,2408,240800000,1.0,0.9323096206187709,GBP
EDENSERVICES,1427,142700000,0.7573559915907498,0.9447657599369306,GBP
CcccometoC,1419,141900000,0.9891761804087386,0.8269345514517266,GBP
siumeng,1419,141900000,0.9695172656800563,0.9875712642283299,GBP
CryptoMaxTraderr,1224,122400000,0.9636397058823528,0.9902495724754902,GBP
Lulucandy,1111,111100000,1.0,1.0,GBP
INSIDERS,1091,109100000,0.9063189734188818,0.9801999473418883,GBP
PLUMEX,1066,106600000,0.983265478424015,0.9364893899061913,GBP
GBP-store,906,89238361,0.8405209713024282,0.9967425633554083,GBP
