merchant_name,ads_count,total_volume,avg_finish_rate,avg_positive_rate,currency
Alice-reliable,3285,328500000,1.0,0.9486195519999999,GBP
Safety-SereneLn,2726,272600000,1.0,0.9314569209280998,GBP
EDENSERVICES,1627,162700000,0.755481868469576,0.9448263158758452,GBP
CcccometoC,1619,161900000,0.9890574428659665,0.8275428094564546,GBP
siumeng,1619,161900000,0.9695386040765905,0.9875815243607166,GBP
CryptoMaxTraderr,1376,137600000,0.9633808139534883,0.9902567734229651,GBP
Lulucandy,1318,131800000,1.0,1.0,GBP
INSIDERS,1263,126300000,0.9081718131433095,0.9802095759224069,GBP
PLUMEX,1254,125400000,0.9832767145135566,0.9374440446251994,GBP
GBP-store,1074,106038361,0.8351862197392924,0.9967450562383613,GBP
