merchant_name,ads_count,total_volume,avg_finish_rate,avg_positive_rate,currency
Alice-reliable,3476,347600000,1.0,0.9486420570310702,GBP
Safety-SereneLn,2922,292200000,1.0,0.9310238078199863,GBP
EDENSERVICES,1743,174300000,0.7553849684452094,0.9448583941078601,GBP
CcccometoC,1735,173500000,0.9891204610951009,0.8278313446167148,GBP
siumeng,1735,173500000,0.9693948126801152,0.9875894409106628,GBP
CryptoMaxTraderr,1443,144300000,0.9634733194733194,0.9902594658004158,GBP
Lulucandy,1402,140200000,1.0,1.0,GBP
INSIDERS,1326,132600000,0.908711161387632,0.9802130021568627,GBP
PLUMEX,1322,132200000,0.9833139183055976,0.9377224791830561,GBP
GBP-store,1151,113738361,0.8336516072980017,0.9967459556038228,GBP
