merchant_name,ads_count,total_volume,avg_finish_rate,avg_positive_rate,currency
Alice-reliable,3156,315600000,1.0,0.9486028111026616,GBP
Safety-SereneLn,2663,266300000,1.0,0.931609675722869,GBP
EDENSERVICES,1571,157100000,0.7555722469764481,0.9448099563017186,GBP
CcccometoC,1563,156300000,0.9890505438259757,0.8273881881701856,GBP
siumeng,1563,156300000,0.9695220729366603,0.9875789161996161,GBP
CryptoMaxTraderr,1350,135000000,0.963442962962963,0.9902556566444444,GBP
Lulucandy,1284,128400000,1.0,1.0,GBP
PLUMEX,1236,123600000,0.9832661812297735,0.9373652131391585,GBP
INSIDERS,1207,120700000,0.9076561723280862,0.9802062630074564,GBP
GBP-store,1018,100438361,0.836516699410609,0.9967443166994107,GBP
