merchant_name,ads_count,total_volume,avg_finish_rate,avg_positive_rate,currency
Alice-reliable,3105,310500000,1.0,0.9485958089275364,GBP
Safety-SereneLn,2612,261200000,1.0,0.9317387314127106,GBP
EDENSERVICES,1554,155400000,0.7557097812097813,0.9448051650836551,GBP
CcccometoC,1546,154600000,0.9890620957309184,0.8273390331888746,GBP
siumeng,1546,154600000,0.9695168175937905,0.9875780870504528,GBP
CryptoMaxTraderr,1322,132200000,0.9634500756429653,0.9902544048335855,GBP
Lulucandy,1251,125100000,1.0,1.0,GBP
PLUMEX,1202,120200000,0.9832454242928451,0.9372098674542428,GBP
INSIDERS,1190,119000000,0.907473949579832,0.9802052989075631,GBP
GBP-store,1001,98738361,0.83696003996004,0.9967440758241758,GBP
