merchant_name,ads_count,total_volume,avg_finish_rate,avg_positive_rate,currency
Alice-reliable,3294,329400000,1.0,0.9486206710382514,GBP
Safety-SereneLn,2726,272600000,1.0,0.9314569209280998,GBP
EDENSERVICES,1630,163000000,0.7554846625766871,0.9448271958404907,GBP
siumeng,1622,162200000,0.9695394574599259,0.9875816590012331,GBP
CcccometoC,1622,162200000,0.989059186189889,0.8275507914364982,GBP
CryptoMaxTraderr,1378,137800000,0.9633817126269956,0.9902568575834542,GBP
Lulucandy,1323,132300000,1.0,1.0,GBP
INSIDERS,1266,126600000,0.9081951026856241,0.9802097468088468,GBP
PLUMEX,1254,125400000,0.9832767145135566,0.9374440446251994,GBP
GBP-store,1077,106338361,0.8351188486536676,0.9967450936861653,GBP
