merchant_name,ads_count,total_volume,avg_finish_rate,avg_positive_rate,currency
Alice-reliable,3372,337200000,1.0,0.9486301191459076,GBP
Safety-SereneLn,2774,277400000,1.0,0.9313451933850035,GBP
EDENSERVICES,1656,165600000,0.7555084541062802,0.9448346886473431,GBP
siumeng,1648,164800000,0.9695163834951456,0.9875828053519418,GBP
CcccometoC,1648,164800000,0.9890740291262136,0.8276187512803398,GBP
CryptoMaxTraderr,1392,139200000,0.9633879310344828,0.9902574399353449,GBP
Lulucandy,1337,133700000,1.0,1.0,GBP
INSIDERS,1292,129200000,0.9084133126934985,0.9802111945820434,GBP
PLUMEX,1292,129200000,0.9832979876160991,0.9376032533126936,GBP
GBP-store,1103,108938361,0.8345503173164098,0.996745409700816,GBP
