merchant_name,ads_count,total_volume,avg_finish_rate,avg_positive_rate,currency
Alice-reliable,1996,199600000,1.0,0.9484723104709419,GBP
Safety-SereneLn,1884,188400000,1.0,0.9343426573513801,GBP
CcccometoC,978,97800000,0.98870245398773,0.8253559312781186,GBP
siumeng,978,97800000,0.9680061349693251,0.9875338126993866,GBP
EDENSERVICES,963,96300000,0.7683509865005193,0.9446669332398754,GBP
INSIDERS,848,84800000,0.905375,0.9801865933962264,GBP
PLUMEX,778,77800000,0.9833071979434448,0.9347371928534703,GBP
UK-Mate,764,73682000,0.8804332460732983,1.0,GBP
CryptoMaxTraderr,730,73000000,0.9679369863013698,0.9902054592739726,GBP
Lulucandy,651,65100000,1.0,1.0,GBP
