merchant_name,ads_count,total_volume,avg_finish_rate,avg_positive_rate,currency
Alice-reliable,3369,336900000,1.0,0.9486297638468388,GBP
Safety-SereneLn,2771,277100000,1.0,0.9313520629556118,GBP
EDENSERVICES,1655,165500000,0.7555075528700906,0.94483440481571,GBP
siumeng,1647,164700000,0.9695173041894353,0.9875827619307833,GBP
CcccometoC,1647,164700000,0.9890734669095325,0.8276161771159685,GBP
CryptoMaxTraderr,1391,139100000,0.9633874910136592,0.9902573987275342,GBP
Lulucandy,1336,133600000,1.0,1.0,GBP
INSIDERS,1291,129100000,0.9084043377226956,0.9802111399767622,GBP
PLUMEX,1290,129000000,0.9832968992248062,0.937595107751938,GBP
GBP-store,1102,108838361,0.8345716878402903,0.9967453978221414,GBP
