merchant_name,ads_count,total_volume,avg_finish_rate,avg_positive_rate,currency
Alice-reliable,3560,356000000,1.0,0.9486511899775281,GBP
Safety-SereneLn,3133,313300000,1.0,0.930618118879668,GBP
CcccometoC,1815,181500000,0.9891349862258954,0.8280088456804408,GBP
siumeng,1815,181500000,0.9691790633608816,0.987611734644628,GBP
EDENSERVICES,1794,179400000,0.7552564102564103,0.9448726771181717,GBP
CryptoMaxTraderr,1497,149700000,0.9636366065464261,0.9902614603807615,GBP
Lulucandy,1478,147800000,1.0,1.0,GBP
INSIDERS,1333,133300000,0.908694673668417,0.9802134045011253,GBP
PLUMEX,1322,132200000,0.9833139183055976,0.9377224791830561,GBP
GBP-store,1269,125538361,0.8311276595744681,0.9967471220646178,GBP
