merchant_name,ads_count,total_volume,avg_finish_rate,avg_positive_rate,currency
Alice-reliable,3255,325500000,1.0,0.9486157771797236,GBP
Safety-SereneLn,2724,272400000,1.0,0.9314616616923641,GBP
EDENSERVICES,1617,161700000,0.7554557823129252,0.9448233590785405,GBP
siumeng,1609,160900000,0.9695357364822871,0.9875810719328776,GBP
CcccometoC,1609,160900000,0.9890515848353014,0.8275159878868863,GBP
CryptoMaxTraderr,1370,137000000,0.963378102189781,0.9902565194671532,GBP
Lulucandy,1304,130400000,1.0,1.0,GBP
PLUMEX,1254,125400000,0.9832767145135566,0.9374440446251994,GBP
INSIDERS,1253,125300000,0.9080933758978452,0.9802090003910615,GBP
GBP-store,1064,105038361,0.8354135338345865,0.9967449298872182,GBP
