merchant_name,ads_count,total_volume,avg_finish_rate,avg_positive_rate,currency
Alice-reliable,3632,363200000,1.0,0.9486598033645374,GBP
Safety-SereneLn,3187,318700000,1.0,0.9305229264041418,GBP
CcccometoC,1839,183900000,0.9891071234366504,0.8280590845622621,GBP
siumeng,1839,183900000,0.9691120174007612,0.9876180445350734,GBP
EDENSERVICES,1818,181800000,0.7551573157315732,0.9448793069581958,GBP
Lulucandy,1526,152600000,1.0,1.0,GBP
CryptoMaxTraderr,1521,152100000,0.9637054569362262,0.9902623014003944,GBP
INSIDERS,1357,135700000,0.908629329403095,0.9802147524539426,GBP
PLUMEX,1322,132200000,0.9833139183055976,0.9377224791830561,GBP
GBP-store,1293,127938361,0.8302505800464036,0.9967473332559937,GBP
