merchant_name,ads_count,total_volume,avg_finish_rate,avg_positive_rate,currency
Alice-reliable,2494,249400000,1.0,0.9485338455252607,GBP
Safety-SereneLn,2175,217500000,1.0,0.9330926742298851,GBP
EDENSERVICES,1294,129400000,0.7600540958268933,0.9447234302627512,GBP
CcccometoC,1286,128600000,0.9891399688958008,0.8265537324339036,GBP
siumeng,1286,128600000,0.9691648522550544,0.9875626744790046,GBP
CryptoMaxTraderr,1084,108400000,0.9641761992619925,0.9902411534225093,GBP
PLUMEX,1066,106600000,0.983265478424015,0.9364893899061913,GBP
Lulucandy,1031,103100000,1.0,1.0,GBP
INSIDERS,1024,102400000,0.9053466796875,0.9801966796093751,GBP
Your_Fast_P2Pal,917,80110000,0.9690163576881133,1.0,GBP
