merchant_name,ads_count,total_volume,avg_finish_rate,avg_positive_rate,currency
Alice-reliable,2719,271900000,1.0,0.9485542547774918,GBP
Safety-SereneLn,2323,232300000,1.0,0.932577084136892,GBP
EDENSERVICES,1396,139600000,0.7579548710601719,0.944755052722063,GBP
CcccometoC,1388,138800000,0.9892031700288184,0.8268332335662825,GBP
siumeng,1388,138800000,0.9695230547550431,0.9875694092363112,GBP
CryptoMaxTraderr,1224,122400000,0.9636397058823528,0.9902495724754902,GBP
INSIDERS,1091,109100000,0.9063189734188818,0.9801999473418883,GBP
PLUMEX,1066,106600000,0.983265478424015,0.9364893899061913,GBP
Lulucandy,1061,106100000,1.0,1.0,GBP
Your_Fast_P2Pal,1027,86170000,0.9688003894839338,1.0,GBP
