merchant_name,ads_count,total_volume,avg_finish_rate,avg_positive_rate,currency
Alice-reliable,3963,396300000,1.0,0.948705854685844,GBP
Safety-SereneLn,3732,373200000,1.0,0.9297163897240086,GBP
siumeng,2124,212400000,0.9681238229755179,0.987682073658192,GBP
CcccometoC,2124,212400000,0.9888785310734464,0.8287612316949152,GBP
EDENSERVICES,2087,208700000,0.7510459990416867,0.9449093777671298,GBP
Lulucandy,1804,180400000,1.0,1.0,GBP
CryptoMaxTraderr,1713,171300000,0.964333917104495,0.99026818117338,GBP
GBP-store,1619,160538361,0.8199512044471896,0.9967503211241507,GBP
INSIDERS,1595,159500000,0.9072551724137932,0.9802259239122257,GBP
PLUMEX,1464,146400000,0.9832110655737705,0.9382205132240437,GBP
