merchant_name,ads_count,total_volume,avg_finish_rate,avg_positive_rate,currency
Alice-reliable,3474,347400000,1.0,0.9486418341968912,GBP
Safety-SereneLn,2919,291900000,1.0,0.9310299987838301,GBP
EDENSERVICES,1742,174200000,0.7553880597014925,0.9448581056888633,GBP
CcccometoC,1734,173400000,0.9891199538638985,0.8278290222087659,GBP
siumeng,1734,173400000,0.9693979238754324,0.9875891492214532,GBP
CryptoMaxTraderr,1442,144200000,0.9634701803051317,0.9902594274549237,GBP
Lulucandy,1400,140000000,1.0,1.0,GBP
INSIDERS,1326,132600000,0.908711161387632,0.9802130021568627,GBP
PLUMEX,1322,132200000,0.9833139183055976,0.9377224791830561,GBP
GBP-store,1150,113638361,0.8336660869565218,0.9967459446956523,GBP
