merchant_name,ads_count,total_volume,avg_finish_rate,avg_positive_rate,currency
Alice-reliable,3918,391800000,1.0,0.9486993136600307,GBP
Safety-SereneLn,3684,368400000,1.0,0.9297778410559174,GBP
siumeng,2062,206200000,0.9684631425800194,0.9876696509165859,GBP
CcccometoC,2062,206200000,0.9889340446168768,0.8286237583220175,GBP
EDENSERVICES,2041,204100000,0.7523792258696718,0.9449185696031357,GBP
Lulucandy,1760,176000000,1.0,1.0,GBP
CryptoMaxTraderr,1681,168100000,0.9642260559190958,0.9902672944854253,GBP
GBP-store,1595,158138361,0.8206163009404389,0.9967501388087774,GBP
INSIDERS,1575,157500000,0.9074742857142857,0.9802251150730158,GBP
PLUMEX,1414,141400000,0.9832892503536067,0.9380565589533238,GBP
