merchant_name,ads_count,total_volume,avg_finish_rate,avg_positive_rate,currency
Alice-reliable,2202,220200000,1.0,0.9485011401362399,GBP
Safety-SereneLn,1918,191800000,1.0,0.934177041944734,GBP
CcccometoC,1087,108700000,0.9889107635694572,0.8258574324287028,GBP
siumeng,1087,108700000,0.9683238270469181,0.9875458966881324,GBP
EDENSERVICES,1072,107200000,0.7646837686567164,0.944680901539179,GBP
INSIDERS,957,95700000,0.9050929989550679,0.9801929543260188,GBP
PLUMEX,900,90000000,0.9832544444444444,0.9353709161111111,GBP
CryptoMaxTraderr,835,83500000,0.9665640718562875,0.9902192036766467,GBP
Lulucandy,805,80500000,1.0,1.0,GBP
UK-Mate,814,78557000,0.8803869778869778,1.0,GBP
