merchant_name,ads_count,total_volume,avg_finish_rate,avg_positive_rate,currency
Alice-reliable,3969,396900000,1.0,0.9487067156160242,GBP
Safety-SereneLn,3732,373200000,1.0,0.9297163897240086,GBP
CcccometoC,2127,212700000,0.9888758815232722,0.8287676803526094,GBP
siumeng,2127,212700000,0.9681053126469205,0.9876826563892807,GBP
EDENSERVICES,2087,208700000,0.7510459990416867,0.9449093777671298,GBP
Lulucandy,1810,181000000,1.0,1.0,GBP
CryptoMaxTraderr,1716,171600000,0.9643438228438228,0.9902682626048951,GBP
GBP-store,1622,160838361,0.8198680641183724,0.9967503459617756,GBP
INSIDERS,1598,159800000,0.9072227784730913,0.9802260434918648,GBP
PLUMEX,1470,147000000,0.9832020408163266,0.9382394382312925,GBP
