merchant_name,ads_count,total_volume,avg_finish_rate,avg_positive_rate,currency
Alice-reliable,3809,380900000,1.0,0.9486828292675243,GBP
Safety-SereneLn,3597,359700000,1.0,0.9298934018487629,GBP
CcccometoC,1996,199600000,0.9889774549098197,0.828468031002004,GBP
siumeng,1996,199600000,0.9687204408817636,0.9876555786623246,GBP
EDENSERVICES,1975,197500000,0.7538116455696202,0.9449236496911392,GBP
Lulucandy,1680,168000000,1.0,1.0,GBP
CryptoMaxTraderr,1616,161600000,0.9639535891089109,0.9902653852908416,GBP
INSIDERS,1514,151400000,0.9079517833553501,0.9802225161294584,GBP
GBP-store,1523,150938361,0.8225443204202232,0.9967495160210113,GBP
PLUMEX,1414,141400000,0.9832892503536067,0.9380565589533238,GBP
