merchant_name,ads_count,total_volume,avg_finish_rate,avg_positive_rate,currency
Alice-reliable,2077,207700000,1.0,0.9484843286374579,GBP
Safety-SereneLn,1903,190300000,1.0,0.9342493780609563,GBP
CcccometoC,1045,104500000,0.9888267942583733,0.8256765829377991,GBP
siumeng,1045,104500000,0.9682162679425836,0.9875415390047847,GBP
EDENSERVICES,1030,103000000,0.7661485436893204,0.9446750465339806,GBP
INSIDERS,915,91500000,0.9051868852459016,0.9801906453661202,GBP
PLUMEX,816,81600000,0.9832879901960784,0.934865852990196,GBP
CryptoMaxTraderr,784,78400000,0.9672142857142856,0.9902129876403061,GBP
UK-Mate,798,76997000,0.8805125313283209,1.0,GBP
Lulucandy,721,72100000,1.0,1.0,GBP
