merchant_name,ads_count,total_volume,avg_finish_rate,avg_positive_rate,currency
Alice-reliable,2020,202000000,1.0,0.9484759718910891,GBP
Safety-SereneLn,1899,189900000,1.0,0.9342688606898368,GBP
siumeng,986,98600000,0.9680385395537525,0.9875347904462475,GBP
CcccometoC,986,98600000,0.9887210953346857,0.8253965090365112,GBP
EDENSERVICES,971,97100000,0.7681029866117405,0.9446679608547889,GBP
INSIDERS,856,85600000,0.9053528037383177,0.9801871105607477,GBP
PLUMEX,794,79400000,0.983301007556675,0.9347928665491183,GBP
UK-Mate,776,74852000,0.8804420103092783,1.0,GBP
CryptoMaxTraderr,738,73800000,0.9678292682926828,0.990206644105691,GBP
Lulucandy,667,66700000,1.0,1.0,GBP
