merchant_name,ads_count,total_volume,avg_finish_rate,avg_positive_rate,currency
Alice-reliable,3426,342600000,1.0,0.9486364081260945,GBP
Safety-SereneLn,2777,277700000,1.0,0.9313383386568239,GBP
EDENSERVICES,1674,167400000,0.7555334528076463,0.9448397396296296,GBP
CcccometoC,1666,166600000,0.9890840336134454,0.8276645578091236,GBP
siumeng,1666,166600000,0.9694999999999999,0.9875835780192077,GBP
CryptoMaxTraderr,1410,141000000,0.963395744680851,0.9902581716808511,GBP
Lulucandy,1355,135500000,1.0,1.0,GBP
PLUMEX,1322,132200000,0.9833139183055976,0.9377224791830561,GBP
INSIDERS,1310,131000000,0.9085770992366413,0.980212163221374,GBP
GBP-store,1121,110738361,0.8341721677074041,0.9967456198929527,GBP
