merchant_name,ads_count,total_volume,avg_finish_rate,avg_positive_rate,currency
Alice-reliable,2349,234900000,1.0,0.9485186211749682,GBP
Safety-SereneLn,2123,212300000,1.0,0.9332908932878002,GBP
CcccometoC,1202,120200000,0.9890798668885191,0.8262879368968387,GBP
siumeng,1202,120200000,0.9688269550748752,0.9875562699667222,GBP
EDENSERVICES,1187,118700000,0.7621027801179444,0.9446997079528223,GBP
PLUMEX,984,98400000,0.9832876016260162,0.9359587440650406,GBP
CryptoMaxTraderr,984,98400000,0.9650721544715447,0.9902336730792682,GBP
INSIDERS,972,97200000,0.905045267489712,0.9801938329629629,GBP
Lulucandy,925,92500000,1.0,1.0,GBP
UK-Mate,822,79337000,0.8803345498783455,1.0,GBP
