merchant_name,ads_count,total_volume,avg_finish_rate,avg_positive_rate,currency
Alice-reliable,3225,322500000,1.0,0.9486119321302326,GBP
Safety-SereneLn,2704,270400000,1.0,0.9315094550480769,GBP
EDENSERVICES,1607,160700000,0.7554287492221531,0.944820365482265,GBP
siumeng,1599,159900000,0.9695328330206379,0.9875806138461539,GBP
CcccometoC,1599,159900000,0.9890456535334584,0.8274888308380238,GBP
CryptoMaxTraderr,1370,137000000,0.963378102189781,0.9902565194671532,GBP
Lulucandy,1304,130400000,1.0,1.0,GBP
PLUMEX,1254,125400000,0.9832767145135566,0.9374440446251994,GBP
INSIDERS,1243,124300000,0.9080136765888979,0.9802084155993565,GBP
GBP-store,1054,104038361,0.8356451612903225,0.9967448011385199,GBP
