merchant_name,ads_count,total_volume,avg_finish_rate,avg_positive_rate,currency
Alice-reliable,3918,391800000,1.0,0.9486993136600307,GBP
Safety-SereneLn,3732,373200000,1.0,0.9297163897240086,GBP
siumeng,2092,209200000,0.9682997131931166,0.9876757538671128,GBP
CcccometoC,2092,209200000,0.9889072657743785,0.8286912952007648,GBP
EDENSERVICES,2071,207100000,0.7515398358281024,0.9449125286141961,GBP
Lulucandy,1760,176000000,1.0,1.0,GBP
CryptoMaxTraderr,1687,168700000,0.9642465915826911,0.990267463301719,GBP
GBP-store,1608,159438361,0.8202587064676616,0.9967502292599503,GBP
INSIDERS,1575,157500000,0.9074742857142857,0.9802251150730158,GBP
PLUMEX,1414,141400000,0.9832892503536067,0.9380565589533238,GBP
