merchant_name,ads_count,total_volume,avg_finish_rate,avg_positive_rate,currency
Alice-reliable,3809,380900000,1.0,0.9486828292675243,GBP
Safety-SereneLn,3597,359700000,1.0,0.9298934018487629,GBP
siumeng,2005,200500000,0.9686857855361596,0.9876575521596009,GBP
CcccometoC,2005,200500000,0.988968578553616,0.8284898702493766,GBP
EDENSERVICES,1984,198400000,0.7536335685483871,0.9449261428377016,GBP
Lulucandy,1680,168000000,1.0,1.0,GBP
CryptoMaxTraderr,1625,162500000,0.9639926153846154,0.9902656587507692,GBP
GBP-store,1538,152438361,0.8221098829648894,0.9967496343628088,GBP
INSIDERS,1523,152300000,0.907887065003283,0.9802229126723572,GBP
PLUMEX,1414,141400000,0.9832892503536067,0.9380565589533238,GBP
