merchant_name,ads_count,total_volume,avg_finish_rate,avg_positive_rate,currency
Alice-reliable,2349,234900000,1.0,0.9485186211749682,GBP
Safety-SereneLn,2125,212500000,1.0,0.9332830900941177,GBP
CcccometoC,1203,120300000,0.9890806317539484,0.826291319443059,GBP
siumeng,1203,120300000,0.9688312551953449,0.9875563514713216,GBP
EDENSERVICES,1189,118900000,0.7620857863751052,0.9447001519259882,GBP
CryptoMaxTraderr,984,98400000,0.9650721544715447,0.9902336730792682,GBP
PLUMEX,984,98400000,0.9832876016260162,0.9359587440650406,GBP
INSIDERS,972,97200000,0.905045267489712,0.9801938329629629,GBP
Lulucandy,925,92500000,1.0,1.0,GBP
UK-Mate,822,79337000,0.8803345498783455,1.0,GBP
