merchant_name,ads_count,total_volume,avg_finish_rate,avg_positive_rate,currency
Alice-reliable,2127,212700000,1.0,0.9484912903526094,GBP
Safety-SereneLn,1903,190300000,1.0,0.9342493780609563,GBP
CcccometoC,1062,106200000,0.988861581920904,0.825751507109228,GBP
siumeng,1062,106200000,0.9682608286252353,0.9875433443502826,GBP
EDENSERVICES,1047,104700000,0.7654985673352436,0.9446769399713467,GBP
INSIDERS,932,93200000,0.9051351931330472,0.9801915808154507,GBP
PLUMEX,850,85000000,0.9832694117647058,0.9350336071529411,GBP
CryptoMaxTraderr,803,80300000,0.9669489414694893,0.9902153957036115,GBP
UK-Mate,812,78362000,0.8804002463054187,1.0,GBP
Lulucandy,755,75500000,1.0,1.0,GBP
