merchant_name,ads_count,total_volume,avg_finish_rate,avg_positive_rate,currency
Alice-reliable,2569,256900000,1.0,0.9485410458310627,GBP
Safety-SereneLn,2233,223300000,1.0,0.9328824748992388,GBP
EDENSERVICES,1334,133400000,0.7593178410794603,0.9447354169715143,GBP
siumeng,1326,132600000,0.9693107088989442,0.9875654390497738,GBP
CcccometoC,1326,132600000,0.9891659125188537,0.8266684656938159,GBP
CryptoMaxTraderr,1104,110400000,0.9640353260869566,0.990242486875,GBP
PLUMEX,1066,106600000,0.983265478424015,0.9364893899061913,GBP
Lulucandy,1043,104300000,1.0,1.0,GBP
INSIDERS,1033,103300000,0.9053959341723137,0.9801971432042594,GBP
GBP-store,821,80738361,0.8427600487210718,0.9967415870889159,GBP
