merchant_name,ads_count,total_volume,avg_finish_rate,avg_positive_rate,currency
Alice-reliable,3931,393100000,1.0,0.9487012186720936,GBP
Safety-SereneLn,3732,373200000,1.0,0.9297163897240086,GBP
CcccometoC,2108,210800000,0.988892789373814,0.82872652886148,GBP
siumeng,2108,210800000,0.9682139468690701,0.9876789377466794,GBP
EDENSERVICES,2087,208700000,0.7510459990416867,0.9449093777671298,GBP
Lulucandy,1772,177200000,1.0,1.0,GBP
CryptoMaxTraderr,1703,170300000,0.9643006459189665,0.9902679076629477,GBP
GBP-store,1608,159438361,0.8202587064676616,0.9967502292599503,GBP
INSIDERS,1579,157900000,0.9074300189993667,0.9802252784800507,GBP
PLUMEX,1432,143200000,0.9832604748603352,0.9381169014525139,GBP
