merchant_name,ads_count,total_volume,avg_finish_rate,avg_positive_rate,currency
Alice-reliable,3686,368600000,1.0,0.9486670219696148,GBP
Safety-SereneLn,3241,324100000,1.0,0.9304309060320889,GBP
siumeng,1857,185700000,0.9690721593968767,0.9876226699192245,GBP
CcccometoC,1857,185700000,0.9890963920301561,0.8281038540710824,GBP
EDENSERVICES,1836,183600000,0.7551067538126361,0.9448845793409586,GBP
Lulucandy,1562,156200000,1.0,1.0,GBP
CryptoMaxTraderr,1539,153900000,0.9637634827810266,0.990262914951267,GBP
INSIDERS,1375,137500000,0.9085818181818182,0.9802157325381818,GBP
PLUMEX,1322,132200000,0.9833139183055976,0.9377224791830561,GBP
GBP-store,1311,129738361,0.8295644546147979,0.9967475065980168,GBP
