merchant_name,ads_count,total_volume,avg_finish_rate,avg_positive_rate,currency
Alice-reliable,2719,271900000,1.0,0.9485542547774918,GBP
Safety-SereneLn,2330,233000000,1.0,0.9325543203648069,GBP
EDENSERVICES,1401,140100000,0.7578636688079943,0.9447568117416131,GBP
siumeng,1393,139300000,0.969526920315865,0.9875697140129217,GBP
CcccometoC,1393,139300000,0.989205312275664,0.826845882189519,GBP
CryptoMaxTraderr,1224,122400000,0.9636397058823528,0.9902495724754902,GBP
INSIDERS,1091,109100000,0.9063189734188818,0.9801999473418883,GBP
PLUMEX,1066,106600000,0.983265478424015,0.9364893899061913,GBP
Lulucandy,1061,106100000,1.0,1.0,GBP
GBP-store,880,86638361,0.8414784090909091,0.9967421283636364,GBP
