merchant_name,ads_count,total_volume,avg_finish_rate,avg_positive_rate,currency
Alice-reliable,4019,401900000,1.0,0.9487137900671809,GBP
Safety-SereneLn,3732,373200000,1.0,0.9297163897240086,GBP
CcccometoC,2201,220100000,0.9888128123580191,0.8289211824307133,GBP
siumeng,2201,220100000,0.9676110858700591,0.9876965275601999,GBP
EDENSERVICES,2110,211000000,0.7502644549763033,0.9449049321421802,GBP
Lulucandy,1854,185400000,1.0,1.0,GBP
CryptoMaxTraderr,1764,176400000,0.9645028344671202,0.990269527840136,GBP
GBP-store,1674,166038361,0.8185280764635603,0.9967507623357228,GBP
INSIDERS,1633,163300000,0.9068940600122475,0.9802275128230251,GBP
PLUMEX,1520,152000000,0.9832217105263158,0.9384122218421053,GBP
