merchant_name,ads_count,total_volume,avg_finish_rate,avg_positive_rate,currency
Alice-reliable,3447,344700000,1.0,0.948638800626632,GBP
Safety-SereneLn,2868,286800000,1.0,0.9311372267956765,GBP
EDENSERVICES,1725,172500000,0.7554533333333333,0.9448534783014493,GBP
CcccometoC,1717,171700000,0.9891112405358183,0.8277891273791498,GBP
siumeng,1717,171700000,0.9694338963308096,0.9875856792661618,GBP
CryptoMaxTraderr,1425,142500000,0.9634161403508772,0.9902587673473684,GBP
Lulucandy,1367,136700000,1.0,1.0,GBP
INSIDERS,1326,132600000,0.908711161387632,0.9802130021568627,GBP
PLUMEX,1322,132200000,0.9833139183055976,0.9377224791830561,GBP
GBP-store,1141,112738361,0.8337975460122699,0.9967458456617002,GBP
