merchant_name,ads_count,total_volume,avg_finish_rate,avg_positive_rate,currency
Alice-reliable,3650,365000000,1.0,0.9486622332986302,GBP
Safety-SereneLn,3205,320500000,1.0,0.9304919084087364,GBP
CcccometoC,1845,184500000,0.9891035230352303,0.8280714400596206,GBP
siumeng,1845,184500000,0.9690986449864498,0.9876195963577237,GBP
EDENSERVICES,1824,182400000,0.755140350877193,0.9448810759813597,GBP
Lulucandy,1538,153800000,1.0,1.0,GBP
CryptoMaxTraderr,1527,152700000,0.9637223313686968,0.9902625075245579,GBP
INSIDERS,1363,136300000,0.9086133528980191,0.9802150820249449,GBP
PLUMEX,1322,132200000,0.9833139183055976,0.9377224791830561,GBP
GBP-store,1299,128538361,0.8300461893764435,0.9967473848344881,GBP
