merchant_name,ads_count,total_volume,avg_finish_rate,avg_positive_rate,currency
Alice-reliable,2644,264400000,1.0,0.9485478376475037,GBP
Safety-SereneLn,2267,226700000,1.0,0.9327642551610057,GBP
EDENSERVICES,1364,136400000,0.7586011730205279,0.9447441959970675,GBP
CcccometoC,1356,135600000,0.989184365781711,0.8267500735324483,GBP
siumeng,1356,135600000,0.9694144542772862,0.9875674054424779,GBP
CryptoMaxTraderr,1160,116000000,0.9638405172413793,0.9902459759224138,GBP
PLUMEX,1066,106600000,0.983265478424015,0.9364893899061913,GBP
INSIDERS,1062,106200000,0.9058634651600753,0.9801985835593221,GBP
Lulucandy,1055,105500000,1.0,1.0,GBP
Your_Fast_P2Pal,986,83970000,0.9688752535496956,1.0,GBP
