merchant_name,ads_count,total_volume,avg_finish_rate,avg_positive_rate,currency
Alice-reliable,2389,238900000,1.0,0.9485230055839263,GBP
Safety-SereneLn,2157,215700000,1.0,0.9331602069772833,GBP
EDENSERVICES,1258,125800000,0.7607265500794913,0.9447149221939587,GBP
CcccometoC,1250,125000000,0.9891152,0.826444194296,GBP
siumeng,1250,125000000,0.9690255999999999,0.987560035088,GBP
CryptoMaxTraderr,1012,101200000,0.9647934782608696,0.990235916590909,GBP
PLUMEX,1010,101000000,0.9832801980198019,0.9361363265346535,GBP
INSIDERS,988,98800000,0.9051406882591093,0.9801947407692309,GBP
Lulucandy,959,95900000,1.0,1.0,GBP
UK-Mate,822,79337000,0.8803345498783455,1.0,GBP
