merchant_name,ads_count,total_volume,avg_finish_rate,avg_positive_rate,currency
Alice-reliable,3393,339300000,1.0,0.9486325886472149,GBP
Safety-SereneLn,2777,277700000,1.0,0.9313383386568239,GBP
EDENSERVICES,1663,166300000,0.7555171377029465,0.9448366659110042,GBP
siumeng,1655,165500000,0.9695099697885197,0.9875831078308157,GBP
CcccometoC,1655,165500000,0.9890779456193354,0.8276366833293052,GBP
CryptoMaxTraderr,1399,139900000,0.9633909935668333,0.9902577267405289,GBP
Lulucandy,1344,134400000,1.0,1.0,GBP
PLUMEX,1306,130600000,0.9833055130168452,0.9376595736906586,GBP
INSIDERS,1299,129900000,0.9084757505773673,0.9802115744649731,GBP
GBP-store,1110,109638361,0.8344018018018018,0.9967454922522522,GBP
