merchant_name,ads_count,total_volume,avg_finish_rate,avg_positive_rate,currency
Alice-reliable,3003,300300000,1.0,0.9485822061338662,GBP
Safety-SereneLn,2577,257700000,1.0,0.931830254734187,GBP
EDENSERVICES,1516,151600000,0.7560758575197889,0.9447940667546174,GBP
CcccometoC,1508,150800000,0.989092175066313,0.8272251499403183,GBP
siumeng,1508,150800000,0.9695119363395225,0.9875761660610078,GBP
CryptoMaxTraderr,1307,130700000,0.9634506503442999,0.9902537121576128,GBP
Lulucandy,1211,121100000,1.0,1.0,GBP
PLUMEX,1160,116000000,0.9832439655172412,0.9370053972413792,GBP
INSIDERS,1152,115200000,0.9070729166666668,0.9802030409722222,GBP
GBP-store,978,96438361,0.8377648261758691,0.996743736605317,GBP
