merchant_name,ads_count,total_volume,avg_finish_rate,avg_positive_rate,currency
Alice-reliable,3267,326700000,1.0,0.9486172954269974,GBP
Safety-SereneLn,2726,272600000,1.0,0.9314569209280998,GBP
EDENSERVICES,1621,162100000,0.7554669956816781,0.9448245461752005,GBP
CcccometoC,1613,161300000,0.9890539367637942,0.8275267564228147,GBP
siumeng,1613,161300000,0.9695368877867329,0.9875812535771854,GBP
CryptoMaxTraderr,1373,137300000,0.9633794610342317,0.9902566467225054,GBP
Lulucandy,1307,130700000,1.0,1.0,GBP
INSIDERS,1257,125700000,0.9081249005568816,0.9802092317024663,GBP
PLUMEX,1254,125400000,0.9832767145135566,0.9374440446251994,GBP
GBP-store,1068,105438361,0.8353220973782772,0.9967449807116106,GBP
