merchant_name,ads_count,total_volume,avg_finish_rate,avg_positive_rate,currency
Alice-reliable,2596,259600000,1.0,0.9485435360939909,GBP
Safety-SereneLn,2251,225100000,1.0,0.9328194431141716,GBP
EDENSERVICES,1348,134800000,0.7589851632047477,0.9447395624777447,GBP
CcccometoC,1340,134000000,0.9891746268656716,0.8267070040820896,GBP
siumeng,1340,134000000,0.9693597014925374,0.9875663676567163,GBP
CryptoMaxTraderr,1128,112800000,0.9639494680851064,0.9902440246010639,GBP
PLUMEX,1066,106600000,0.983265478424015,0.9364893899061913,GBP
Lulucandy,1055,105500000,1.0,1.0,GBP
INSIDERS,1046,104600000,0.9056022944550669,0.9801977987571703,GBP
Your_Fast_P2Pal,954,82290000,0.9689381551362684,1.0,GBP
