merchant_name,ads_count,total_volume,avg_finish_rate,avg_positive_rate,currency
Alice-reliable,2818,281800000,1.0,0.9485622023633783,GBP
Safety-SereneLn,2438,243800000,1.0,0.9322196745077933,GBP
EDENSERVICES,1437,143700000,0.7571663187195546,0.9447691153305497,GBP
CcccometoC,1429,142900000,0.9891665500349895,0.8269690080545835,GBP
siumeng,1429,142900000,0.9695136459062281,0.9875718454443667,GBP
CryptoMaxTraderr,1224,122400000,0.9636397058823528,0.9902495724754902,GBP
Lulucandy,1131,113100000,1.0,1.0,GBP
INSIDERS,1094,109400000,0.9063674588665448,0.9802001061243144,GBP
PLUMEX,1070,107000000,0.9832644859813084,0.9365131945794392,GBP
GBP-store,916,90238361,0.8400589519650655,0.9967427373362445,GBP
