merchant_name,ads_count,total_volume,avg_finish_rate,avg_positive_rate,currency
Alice-reliable,2304,230400000,1.0,0.9485135067447916,GBP
Safety-SereneLn,2086,208600000,1.0,0.9334379513183125,GBP
CcccometoC,1177,117700000,0.9890407816482581,0.8262015052251487,GBP
siumeng,1177,117700000,0.9687170773152082,0.9875541873406967,GBP
EDENSERVICES,1162,116200000,0.762461273666093,0.944694472444062,GBP
INSIDERS,972,97200000,0.905045267489712,0.9801938329629629,GBP
PLUMEX,968,96800000,0.983275826446281,0.9358447209917354,GBP
CryptoMaxTraderr,940,94000000,0.96545,0.9902298775212766,GBP
Lulucandy,891,89100000,1.0,1.0,GBP
UK-Mate,822,79337000,0.8803345498783455,1.0,GBP
