merchant_name,ads_count,total_volume,avg_finish_rate,avg_positive_rate,currency
Alice-reliable,3991,399100000,1.0,0.9487098502129793,GBP
Safety-SereneLn,3732,373200000,1.0,0.9297163897240086,GBP
CcccometoC,2138,213800000,0.9888662301216089,0.8287911705986905,GBP
siumeng,2138,213800000,0.9680378858746492,0.9876847790785781,GBP
EDENSERVICES,2087,208700000,0.7510459990416867,0.9449093777671298,GBP
Lulucandy,1832,183200000,1.0,1.0,GBP
CryptoMaxTraderr,1727,172700000,0.9643856398378691,0.9902685587666473,GBP
GBP-store,1633,161938361,0.8195658297611756,0.9967504362522964,GBP
INSIDERS,1609,160900000,0.9071143567433189,0.9802264781354879,GBP
PLUMEX,1492,149200000,0.9831843163538875,0.9383075276675603,GBP
