merchant_name,ads_count,total_volume,avg_finish_rate,avg_positive_rate,currency
Alice-reliable,2349,234900000,1.0,0.9485186211749682,GBP
Safety-SereneLn,2157,215700000,1.0,0.9331602069772833,GBP
EDENSERVICES,1227,122700000,0.7613871230643846,0.944708312420538,GBP
CcccometoC,1222,122200000,0.9890949263502454,0.8263545359656301,GBP
siumeng,1222,122200000,0.968911620294599,0.9875578747135844,GBP
CryptoMaxTraderr,984,98400000,0.9650721544715447,0.9902336730792682,GBP
PLUMEX,984,98400000,0.9832876016260162,0.9359587440650406,GBP
INSIDERS,972,97200000,0.905045267489712,0.9801938329629629,GBP
Lulucandy,925,92500000,1.0,1.0,GBP
UK-Mate,822,79337000,0.8803345498783455,1.0,GBP
