merchant_name,ads_count,total_volume,avg_finish_rate,avg_positive_rate,currency
Alice-reliable,3945,394500000,1.0,0.9487032561825095,GBP
Safety-SereneLn,3732,373200000,1.0,0.9297163897240086,GBP
CcccometoC,2115,211500000,0.988886524822695,0.8287417759574469,GBP
siumeng,2115,211500000,0.9681768321513002,0.9876803155460993,GBP
EDENSERVICES,2087,208700000,0.7510459990416867,0.9449093777671298,GBP
Lulucandy,1786,178600000,1.0,1.0,GBP
CryptoMaxTraderr,1710,171000000,0.9643239766081871,0.9902680994561402,GBP
GBP-store,1610,159638361,0.8202024844720497,0.9967502460559007,GBP
INSIDERS,1586,158600000,0.9073530895334175,0.9802255624590164,GBP
PLUMEX,1446,144600000,0.9832385892116182,0.9381627958782849,GBP
