merchant_name,ads_count,total_volume,avg_finish_rate,avg_positive_rate,currency
Alice-reliable,4025,402500000,1.0,0.9487146271900622,GBP
Safety-SereneLn,3732,373200000,1.0,0.9297163897240086,GBP
CcccometoC,2204,220400000,0.9888103448275863,0.828927188076225,GBP
siumeng,2204,220400000,0.9675911978221415,0.9876970702586206,GBP
EDENSERVICES,2110,211000000,0.7502644549763033,0.9449049321421802,GBP
Lulucandy,1856,185600000,1.0,1.0,GBP
CryptoMaxTraderr,1767,176700000,0.9645104697226938,0.9902696046349746,GBP
GBP-store,1675,166138361,0.8185050746268657,0.9967507700895522,GBP
INSIDERS,1633,163300000,0.9068940600122475,0.9802275128230251,GBP
PLUMEX,1526,152600000,0.9832522935779816,0.9384359396068153,GBP
