merchant_name,ads_count,total_volume,avg_finish_rate,avg_positive_rate,currency
Alice-reliable,4015,401500000,1.0,0.9487132305952678,GBP
Safety-SereneLn,3732,373200000,1.0,0.9297163897240086,GBP
siumeng,2197,219700000,0.967637687756031,0.9876958016568047,GBP
CcccometoC,2197,219700000,0.9888161128812016,0.8289131493900773,GBP
EDENSERVICES,2110,211000000,0.7502644549763033,0.9449049321421802,GBP
Lulucandy,1854,185400000,1.0,1.0,GBP
CryptoMaxTraderr,1760,176000000,0.9644926136363635,0.9902694250397727,GBP
GBP-store,1674,166038361,0.8185280764635603,0.9967507623357228,GBP
INSIDERS,1633,163300000,0.9068940600122475,0.9802275128230251,GBP
PLUMEX,1512,151200000,0.9831805555555555,0.9383803053439154,GBP
