merchant_name,ads_count,total_volume,avg_finish_rate,avg_positive_rate,currency
Alice-reliable,2953,295300000,1.0,0.9485767389163563,GBP
Safety-SereneLn,2522,252200000,1.0,0.9319792095360825,GBP
EDENSERVICES,1482,148200000,0.7564568151147099,0.9447836542375169,GBP
CcccometoC,1474,147400000,0.9891309362279512,0.8271182771438262,GBP
siumeng,1474,147400000,0.9695142469470827,0.9875743633242877,GBP
CryptoMaxTraderr,1255,125500000,0.9635362549800798,0.990251182685259,GBP
Lulucandy,1211,121100000,1.0,1.0,GBP
PLUMEX,1160,116000000,0.9832439655172412,0.9370053972413792,GBP
INSIDERS,1139,113900000,0.9069385425812115,0.9802023874890254,GBP
GBP-store,961,94738361,0.8383454734651404,0.9967434754422477,GBP
