merchant_name,ads_count,total_volume,avg_finish_rate,avg_positive_rate,currency
Alice-reliable,2349,234900000,1.0,0.9485186211749682,GBP
Safety-SereneLn,2157,215700000,1.0,0.9331602069772833,GBP
EDENSERVICES,1221,122100000,0.7615020475020475,0.9447070576904176,GBP
siumeng,1219,121900000,0.9688990976210008,0.9875576373584906,GBP
CcccometoC,1219,121900000,0.989092698933552,0.8263446854224775,GBP
PLUMEX,984,98400000,0.9832876016260162,0.9359587440650406,GBP
CryptoMaxTraderr,984,98400000,0.9650721544715447,0.9902336730792682,GBP
INSIDERS,972,97200000,0.905045267489712,0.9801938329629629,GBP
Lulucandy,925,92500000,1.0,1.0,GBP
UK-Mate,822,79337000,0.8803345498783455,1.0,GBP
