merchant_name,ads_count,total_volume,avg_finish_rate,avg_positive_rate,currency
Alice-reliable,2572,257200000,1.0,0.9485413251088648,GBP
Safety-SereneLn,2243,224300000,1.0,0.9328473323450737,GBP
EDENSERVICES,1340,134000000,0.7591820895522388,0.9447372042238805,GBP
siumeng,1332,133200000,0.9693318318318317,0.9875658394144144,GBP
CcccometoC,1332,133200000,0.9891696696696697,0.8266850813438438,GBP
CryptoMaxTraderr,1116,111600000,0.963991935483871,0.9902432640053763,GBP
PLUMEX,1066,106600000,0.983265478424015,0.9364893899061913,GBP
Lulucandy,1055,105500000,1.0,1.0,GBP
INSIDERS,1038,103800000,0.90547591522158,0.9801973972832371,GBP
Your_Fast_P2Pal,938,81450000,0.9689712153518123,1.0,GBP
