merchant_name,ads_count,total_volume,avg_finish_rate,avg_positive_rate,currency
Alice-reliable,3542,354200000,1.0,0.9486492693845285,GBP
Safety-SereneLn,3130,313000000,1.0,0.9306235036581469,GBP
CcccometoC,1807,180700000,0.9891383508577754,0.8279918028278916,GBP
siumeng,1807,180700000,0.9692019922523519,0.9876095941007194,GBP
EDENSERVICES,1788,178800000,0.7552740492170023,0.9448710390548098,GBP
CryptoMaxTraderr,1489,148900000,0.9636131631967764,0.9902611740161182,GBP
Lulucandy,1466,146600000,1.0,1.0,GBP
INSIDERS,1326,132600000,0.908711161387632,0.9802130021568627,GBP
PLUMEX,1322,132200000,0.9833139183055976,0.9377224791830561,GBP
GBP-store,1260,124638361,0.831442857142857,0.9967470407936508,GBP
