merchant_name,ads_count,total_volume,avg_finish_rate,avg_positive_rate,currency
Alice-reliable,2422,242200000,1.0,0.948526513699422,GBP
Safety-SereneLn,2157,215700000,1.0,0.9331602069772833,GBP
EDENSERVICES,1270,127000000,0.7604929133858268,0.9447178118110237,GBP
siumeng,1262,126200000,0.9690729001584786,0.9875609316164817,GBP
CcccometoC,1262,126200000,0.9891236133122028,0.8264814013866879,GBP
CryptoMaxTraderr,1036,103600000,0.9645666023166023,0.9902377430791507,GBP
PLUMEX,1034,103400000,0.9832736943907157,0.936292322205029,GBP
INSIDERS,1000,100000000,0.905211,0.98019540256,GBP
Lulucandy,983,98300000,1.0,1.0,GBP
UK-Mate,822,79337000,0.8803345498783455,1.0,GBP
