merchant_name,ads_count,total_volume,avg_finish_rate,avg_positive_rate,currency
Alice-reliable,3885,388500000,1.0,0.9486944206023166,GBP
Safety-SereneLn,3678,367800000,1.0,0.929785635250136,GBP
CcccometoC,2046,204600000,0.9889413489736071,0.8285869288269795,GBP
siumeng,2046,204600000,0.9685317693059629,0.9876663228299121,GBP
EDENSERVICES,2025,202500000,0.7527634567901235,0.9449218646518518,GBP
Lulucandy,1736,173600000,1.0,1.0,GBP
CryptoMaxTraderr,1666,166600000,0.9641650660264105,0.9902668671248499,GBP
GBP-store,1579,156538361,0.8210177327422419,0.9967500008866371,GBP
INSIDERS,1564,156400000,0.9075549872122762,0.9802246613938619,GBP
PLUMEX,1414,141400000,0.9832892503536067,0.9380565589533238,GBP
