merchant_name,ads_count,total_volume,avg_finish_rate,avg_positive_rate,currency
Alice-reliable,3859,385900000,1.0,0.9486905065250064,GBP
Safety-SereneLn,3678,367800000,1.0,0.929785635250136,GBP
CcccometoC,2036,203600000,0.9889459724950884,0.8285636164440078,GBP
siumeng,2036,203600000,0.9685687622789784,0.987664216213163,GBP
EDENSERVICES,2015,201500000,0.7529826302729529,0.944923950630273,GBP
Lulucandy,1716,171600000,1.0,1.0,GBP
CryptoMaxTraderr,1656,165600000,0.9641237922705314,0.9902665779166666,GBP
GBP-store,1569,155538361,0.8212727852135118,0.9967499132568516,GBP
INSIDERS,1554,155400000,0.9076351351351353,0.9802242433848133,GBP
PLUMEX,1414,141400000,0.9832892503536067,0.9380565589533238,GBP
