merchant_name,ads_count,total_volume,avg_finish_rate,avg_positive_rate,currency
Alice-reliable,2280,228000000,1.0,0.9485106965,GBP
Safety-SereneLn,2062,206200000,1.0,0.9335361621968962,GBP
CcccometoC,1169,116900000,0.989027373823781,0.8261730663216424,GBP
siumeng,1169,116900000,0.9686809238665526,0.9875535020872541,GBP
EDENSERVICES,1154,115400000,0.7625961871750434,0.9446930029982669,GBP
INSIDERS,972,97200000,0.905045267489712,0.9801938329629629,GBP
PLUMEX,954,95400000,0.9832651991614255,0.935741813375262,GBP
CryptoMaxTraderr,924,92400000,0.9655963203463204,0.9902284076948051,GBP
Lulucandy,875,87500000,1.0,1.0,GBP
UK-Mate,822,79337000,0.8803345498783455,1.0,GBP
