merchant_name,ads_count,total_volume,avg_finish_rate,avg_positive_rate,currency
Alice-reliable,2599,259900000,1.0,0.9485438095959985,GBP
Safety-SereneLn,2252,225200000,1.0,0.93281597089254,GBP
EDENSERVICES,1349,134900000,0.7589599703484062,0.9447398552928096,GBP
CcccometoC,1341,134100000,0.9891752423564504,0.8267097260328113,GBP
siumeng,1341,134100000,0.9693631618195376,0.9875664332438479,GBP
CryptoMaxTraderr,1130,113000000,0.9639424778761061,0.9902441497964601,GBP
PLUMEX,1066,106600000,0.983265478424015,0.9364893899061913,GBP
Lulucandy,1055,105500000,1.0,1.0,GBP
INSIDERS,1047,104700000,0.9056179560649474,0.9801978485100287,GBP
Your_Fast_P2Pal,956,82395000,0.96893410041841,1.0,GBP
