merchant_name,ads_count,total_volume,avg_finish_rate,avg_positive_rate,currency
Alice-reliable,3845,384500000,1.0,0.9486883770195058,GBP
Safety-SereneLn,3663,366300000,1.0,0.9298052324460825,GBP
CcccometoC,2029,202900000,0.9889492360768851,0.8285471610497782,GBP
siumeng,2029,202900000,0.9685948743223263,0.9876627292262198,GBP
EDENSERVICES,2008,200800000,0.753128984063745,0.9449254231772908,GBP
Lulucandy,1702,170200000,1.0,1.0,GBP
CryptoMaxTraderr,1649,164900000,0.9640946027895694,0.990266373383869,GBP
GBP-store,1562,154838361,0.8214532650448143,0.9967498512483995,GBP
INSIDERS,1547,154700000,0.9076923076923077,0.9802239475630252,GBP
PLUMEX,1414,141400000,0.9832892503536067,0.9380565589533238,GBP
