merchant_name,ads_count,total_volume,avg_finish_rate,avg_positive_rate,currency
Alice-reliable,2289,228900000,1.0,0.9485117572477064,GBP
Safety-SereneLn,2071,207100000,1.0,0.9334990663689039,GBP
CcccometoC,1172,117200000,0.9890324232081911,0.8261837764078499,GBP
siumeng,1172,117200000,0.9686945392491467,0.9875537601535836,GBP
EDENSERVICES,1157,115700000,0.7625453759723423,0.9446935564217804,GBP
INSIDERS,972,97200000,0.905045267489712,0.9801938329629629,GBP
PLUMEX,960,96000000,0.9832697916666666,0.9357862841666666,GBP
CryptoMaxTraderr,930,93000000,0.9655408602150537,0.9902289648064516,GBP
Lulucandy,881,88100000,1.0,1.0,GBP
UK-Mate,822,79337000,0.8803345498783455,1.0,GBP
