merchant_name,ads_count,total_volume,avg_finish_rate,avg_positive_rate,currency
Alice-reliable,2226,222600000,1.0,0.9485041518867926,GBP
Safety-SereneLn,1974,197400000,1.0,0.9339167003292808,GBP
CcccometoC,1139,113900000,0.9889754170324846,0.8260628624495171,GBP
siumeng,1139,113900000,0.9685408252853379,0.9875508466549605,GBP
EDENSERVICES,1124,112400000,0.7632971530249111,0.9446886834252669,GBP
INSIDERS,972,97200000,0.905045267489712,0.9801938329629629,GBP
PLUMEX,904,90400000,0.9832533185840708,0.9353966044026548,GBP
CryptoMaxTraderr,875,87500000,0.9661177142857142,0.9902235719657143,GBP
Lulucandy,845,84500000,1.0,1.0,GBP
UK-Mate,822,79337000,0.8803345498783455,1.0,GBP
