merchant_name,ads_count,total_volume,avg_finish_rate,avg_positive_rate,currency
Alice-reliable,2719,271900000,1.0,0.9485542547774918,GBP
Safety-SereneLn,2317,231700000,1.0,0.9325967054164869,GBP
EDENSERVICES,1389,138900000,0.7580878329733621,0.9447525688192945,GBP
CcccometoC,1381,138100000,0.9891991310644461,0.8268153716220131,GBP
siumeng,1381,138100000,0.9695155684286749,0.9875689788414193,GBP
CryptoMaxTraderr,1210,121000000,0.9636818181818182,0.9902488182396695,GBP
INSIDERS,1087,108700000,0.9062575896964121,0.9801997635602575,GBP
PLUMEX,1066,106600000,0.983265478424015,0.9364893899061913,GBP
Lulucandy,1055,105500000,1.0,1.0,GBP
Your_Fast_P2Pal,1018,85650000,0.9688163064833006,1.0,GBP
