merchant_name,ads_count,total_volume,avg_finish_rate,avg_positive_rate,currency
Alice-reliable,3701,370100000,1.0,0.9486689897541206,GBP
Safety-SereneLn,3274,327400000,1.0,0.9303761656841784,GBP
CcccometoC,1879,187900000,0.9890798296966471,0.8281650826343799,GBP
siumeng,1879,187900000,0.9690207557211282,0.9876282028206493,GBP
EDENSERVICES,1858,185800000,0.7550473627556512,0.944890884634015,GBP
Lulucandy,1574,157400000,1.0,1.0,GBP
CryptoMaxTraderr,1555,155500000,0.963816077170418,0.9902634484051447,GBP
INSIDERS,1397,139700000,0.9085368647100931,0.9802168961202576,GBP
GBP-store,1343,132938361,0.8283760238272524,0.9967478545420699,GBP
PLUMEX,1322,132200000,0.9833139183055976,0.9377224791830561,GBP
