merchant_name,ads_count,total_volume,avg_finish_rate,avg_positive_rate,currency
Alice-reliable,3698,369800000,1.0,0.9486685974743104,GBP
Safety-SereneLn,3245,324500000,1.0,0.9304242115408321,GBP
siumeng,1861,186100000,0.9690634067705535,0.987623685631381,GBP
CcccometoC,1861,186100000,0.9890940354648038,0.8281150942127888,GBP
EDENSERVICES,1840,184000000,0.7550956521739131,0.9448857369728261,GBP
Lulucandy,1570,157000000,1.0,1.0,GBP
CryptoMaxTraderr,1543,154300000,0.9637770576798445,0.9902630493519119,GBP
INSIDERS,1379,137900000,0.9085714285714286,0.9802159468600435,GBP
PLUMEX,1322,132200000,0.9833139183055976,0.9377224791830561,GBP
GBP-store,1315,130138361,0.8294167300380229,0.9967475560076047,GBP
