merchant_name,ads_count,total_volume,avg_finish_rate,avg_positive_rate,currency
Alice-reliable,3729,372900000,1.0,0.948672620595334,GBP
Safety-SereneLn,3397,339700000,1.0,0.9301815032234324,GBP
CcccometoC,1920,192000000,0.9890354166666667,0.82827544625,GBP
siumeng,1920,192000000,0.9689135416666665,0.987638175796875,GBP
EDENSERVICES,1899,189900000,0.754839915745129,0.9449022455713533,GBP
Lulucandy,1600,160000000,1.0,1.0,GBP
CryptoMaxTraderr,1569,156900000,0.9638444869343531,0.99026390625239,GBP
INSIDERS,1438,143800000,0.9084116828929069,0.9802189696105702,GBP
GBP-store,1413,139938361,0.8258803963198869,0.9967485342533617,GBP
PLUMEX,1346,134600000,0.9833038632986627,0.9378140333135216,GBP
