merchant_name,ads_count,total_volume,avg_finish_rate,avg_positive_rate,currency
Alice-reliable,2665,266500000,1.0,0.9485496708517824,GBP
Safety-SereneLn,2281,228100000,1.0,0.9327166008110479,GBP
EDENSERVICES,1371,137100000,0.7584398249452954,0.9447461891539023,GBP
CcccometoC,1363,136300000,0.9891885546588407,0.8267685984519442,GBP
siumeng,1363,136300000,0.9694431401320616,0.987567851812179,GBP
CryptoMaxTraderr,1174,117400000,0.9637947189097102,0.9902467961754684,GBP
INSIDERS,1069,106900000,0.905975678203929,0.9801989195229187,GBP
PLUMEX,1066,106600000,0.983265478424015,0.9364893899061913,GBP
Lulucandy,1055,105500000,1.0,1.0,GBP
Your_Fast_P2Pal,1000,84705000,0.968849,1.0,GBP
