merchant_name,ads_count,total_volume,avg_finish_rate,avg_positive_rate,currency
Alice-reliable,3447,344700000,1.0,0.948638800626632,GBP
Safety-SereneLn,2815,281500000,1.0,0.931252776714032,GBP
EDENSERVICES,1701,170100000,0.7555420340975896,0.9448471156672545,GBP
siumeng,1693,169300000,0.969468399291199,0.9875847062138216,GBP
CcccometoC,1693,169300000,0.9890986414648554,0.8277314412935617,GBP
CryptoMaxTraderr,1420,142000000,0.9634,0.9902585701901409,GBP
Lulucandy,1361,136100000,1.0,1.0,GBP
INSIDERS,1326,132600000,0.908711161387632,0.9802130021568627,GBP
PLUMEX,1322,132200000,0.9833139183055976,0.9377224791830561,GBP
GBP-store,1141,112738361,0.8337975460122699,0.9967458456617002,GBP
