merchant_name,ads_count,total_volume,avg_finish_rate,avg_positive_rate,currency
Alice-reliable,3516,351600000,1.0,0.9486464604778158,GBP
Safety-SereneLn,2982,298200000,1.0,0.9309026044433266,GBP
EDENSERVICES,1763,176300000,0.7553250141803743,0.9448640937776518,GBP
CcccometoC,1755,175500000,0.9891304843304843,0.827877236985755,GBP
siumeng,1755,175500000,0.9693441595441594,0.9875952048888889,GBP
CryptoMaxTraderr,1463,146300000,0.9635352016404648,0.9902602217019822,GBP
Lulucandy,1440,144000000,1.0,1.0,GBP
INSIDERS,1326,132600000,0.908711161387632,0.9802130021568627,GBP
PLUMEX,1322,132200000,0.9833139183055976,0.9377224791830561,GBP
GBP-store,1171,115738361,0.8333672075149444,0.9967461698548249,GBP
