merchant_name,ads_count,total_volume,avg_finish_rate,avg_positive_rate,currency
Alice-reliable,2349,234900000,1.0,0.9485186211749682,GBP
Safety-SereneLn,2143,214300000,1.0,0.9332135167755483,GBP
CcccometoC,1212,121200000,0.9890874587458744,0.826321511179868,GBP
siumeng,1212,121200000,0.9688696369636963,0.9875570789603961,GBP
EDENSERVICES,1207,120700000,0.761774647887324,0.9447040814747308,GBP
CryptoMaxTraderr,984,98400000,0.9650721544715447,0.9902336730792682,GBP
PLUMEX,984,98400000,0.9832876016260162,0.9359587440650406,GBP
INSIDERS,972,97200000,0.905045267489712,0.9801938329629629,GBP
Lulucandy,925,92500000,1.0,1.0,GBP
UK-Mate,822,79337000,0.8803345498783455,1.0,GBP
