merchant_name,ads_count,total_volume,avg_finish_rate,avg_positive_rate,currency
Alice-reliable,2854,285400000,1.0,0.9485653486755431,GBP
Safety-SereneLn,2474,247400000,1.0,0.9321146186135812,GBP
EDENSERVICES,1449,144900000,0.7569510006901312,0.9447730806694272,GBP
CcccometoC,1441,144100000,0.9891568355308813,0.8270097247120055,GBP
siumeng,1441,144100000,0.9695093684941012,0.9875725322553781,GBP
CryptoMaxTraderr,1224,122400000,0.9636397058823528,0.9902495724754902,GBP
Lulucandy,1155,115500000,1.0,1.0,GBP
INSIDERS,1106,110600000,0.9065587703435805,0.9802007326401447,GBP
PLUMEX,1094,109400000,0.9832586837294333,0.9366523670566729,GBP
GBP-store,928,91438361,0.839540948275862,0.9967429411637931,GBP
