merchant_name,ads_count,total_volume,avg_finish_rate,avg_positive_rate,currency
Alice-reliable,4015,401500000,1.0,0.9487132305952678,GBP
Safety-SereneLn,3732,373200000,1.0,0.9297163897240086,GBP
siumeng,2156,215600000,0.9679290352504638,0.987688205848794,GBP
CcccometoC,2156,215600000,0.9888506493506494,0.8288290921521336,GBP
EDENSERVICES,2087,208700000,0.7510459990416867,0.9449093777671298,GBP
Lulucandy,1846,184600000,1.0,1.0,GBP
CryptoMaxTraderr,1745,174500000,0.9644538681948424,0.9902690353409742,GBP
GBP-store,1651,163738361,0.8190799515445184,0.996750581405209,GBP
INSIDERS,1627,162700000,0.9069471419791026,0.9802272545789796,GBP
PLUMEX,1510,151000000,0.9831701986754967,0.9383722733774835,GBP
