merchant_name,ads_count,total_volume,avg_finish_rate,avg_positive_rate,currency
Alice-reliable,3454,345400000,1.0,0.9486395916618414,GBP
Safety-SereneLn,2889,288900000,1.0,0.931092615593631,GBP
EDENSERVICES,1732,173200000,0.7554209006928406,0.9448553008545034,GBP
CcccometoC,1724,172400000,0.989114849187935,0.8278056499477958,GBP
siumeng,1724,172400000,0.9694240139211137,0.9875862137180974,GBP
CryptoMaxTraderr,1432,143200000,0.9634385474860335,0.9902590410544692,GBP
Lulucandy,1380,138000000,1.0,1.0,GBP
INSIDERS,1326,132600000,0.908711161387632,0.9802130021568627,GBP
PLUMEX,1322,132200000,0.9833139183055976,0.9377224791830561,GBP
GBP-store,1141,112738361,0.8337975460122699,0.9967458456617002,GBP
