merchant_name,ads_count,total_volume,avg_finish_rate,avg_positive_rate,currency
Alice-reliable,2605,260500000,1.0,0.9485443547101728,GBP
Safety-SereneLn,2254,225400000,1.0,0.9328090356921028,GBP
EDENSERVICES,1351,135100000,0.7589096965210955,0.9447404396225018,GBP
CcccometoC,1343,134300000,0.9891764705882352,0.826715157773641,GBP
siumeng,1343,134300000,0.9693700670141474,0.9875665641250931,GBP
CryptoMaxTraderr,1134,113400000,0.9639285714285715,0.9902443988624338,GBP
PLUMEX,1066,106600000,0.983265478424015,0.9364893899061913,GBP
Lulucandy,1055,105500000,1.0,1.0,GBP
INSIDERS,1049,104900000,0.9056510962821736,0.9801979477311725,GBP
Your_Fast_P2Pal,960,82605000,0.9689260416666666,1.0,GBP
