merchant_name,ads_count,total_volume,avg_finish_rate,avg_positive_rate,currency
賣幣的小仙迪,2043,45967500000,0.9434444444444444,0.9605581374987763,JPY
会ABEYARATNE-TRADERS会,1232,2929000000,1.0,1.0,JPY
WiseXpressPay_GlobalTrade,672,1381500000,0.9836696428571428,0.9810915931249999,JPY
VnBoy,1523,1142250000,0.9980787918581747,1.0,JPY
幣爺,1471,1018740000,0.9831651937457511,0.9828265353569,JPY
CalioTrade,1325,993750000,0.956423396226415,1.0,JPY
SHOPUSDT_247,1713,868896000,0.9670443666082895,1.0,JPY
Fast_trading247,1088,816000000,1.0,0.97938144,JPY
URAllCryptoDeals,386,772000000,0.9804300518134714,0.9718525239896373,JPY
BBBBBBBBBBBBBBBBBBB,974,730500000,0.8096858316221766,1.0,JPY
