merchant_name,ads_count,total_volume,avg_finish_rate,avg_positive_rate,currency
賣幣的小仙迪,2782,62595000000,0.9423680805176132,0.9605309572789361,JPY
会ABEYARATNE-TRADERS会,2175,5292000000,1.0,1.0,JPY
WiseXpressPay_GlobalTrade,950,1977000000,0.9825463157894737,0.9812529734315789,JPY
VnBoy,2185,1638750000,0.9968256292906178,1.0,JPY
CalioTrade,2130,1597500000,0.9419178403755869,1.0,JPY
SHOPUSDT_247,2444,1213549000,0.9744631751227495,1.0,JPY
Fast_trading247,1564,1173000000,1.0,0.9793971913363171,JPY
BBBBBBBBBBBBBBBBBBB,1396,1047000000,0.6858409742120344,1.0,JPY
幣爺,1471,1018740000,0.9831651937457511,0.9828265353569,JPY
BlakApolCrib2Xchange,465,930000000,0.9747462365591398,0.9718521531397849,JPY
