merchant_name,ads_count,total_volume,avg_finish_rate,avg_positive_rate,currency
賣幣的小仙迪,2254,50715000000,0.9427409050576753,0.96049020566992,JPY
会ABEYARATNE-TRADERS会,1519,3650000000,1.0,1.0,JPY
WiseXpressPay_GlobalTrade,758,1570500000,0.9833562005277044,0.9811438350527705,JPY
VnBoy,1743,1307250000,0.9975639701663798,1.0,JPY
CalioTrade,1510,1132500000,0.9521807947019867,1.0,JPY
幣爺,1471,1018740000,0.9831651937457511,0.9828265353569,JPY
SHOPUSDT_247,1931,972580000,0.9698042465044019,1.0,JPY
Fast_trading247,1234,925500000,1.0,0.9793814399999999,JPY
URAllCryptoDeals,431,862000000,0.9803178654292344,0.9718547067517401,JPY
BBBBBBBBBBBBBBBBBBB,1100,825000000,0.7627581818181818,1.0,JPY
