merchant_name,ads_count,total_volume,avg_finish_rate,avg_positive_rate,currency
賣幣的小仙迪,2140,48150000000,0.9430785046728971,0.9605163194299067,JPY
会ABEYARATNE-TRADERS会,1383,3310000000,1.0,1.0,JPY
WiseXpressPay_GlobalTrade,730,1507500000,0.9834575342465753,0.9811275755753425,JPY
VnBoy,1657,1242750000,0.9977489438744719,1.0,JPY
CalioTrade,1406,1054500000,0.9544061166429587,1.0,JPY
幣爺,1471,1018740000,0.9831651937457511,0.9828265353569,JPY
SHOPUSDT_247,1850,925700000,0.9688859459459459,1.0,JPY
Fast_trading247,1166,874500000,1.0,0.9793814400000002,JPY
URAllCryptoDeals,431,862000000,0.9803178654292344,0.9718547067517401,JPY
BBBBBBBBBBBBBBBBBBB,1033,774750000,0.7862865440464666,1.0,JPY
