merchant_name,ads_count,total_volume,avg_finish_rate,avg_positive_rate,currency
賣幣的小仙迪,2729,61402500000,0.9424052766581166,0.960526036907292,JPY
会ABEYARATNE-TRADERS会,2129,5177000000,1.0,1.0,JPY
WiseXpressPay_GlobalTrade,919,1914000000,0.9826322089227421,0.9812364919368879,JPY
VnBoy,2167,1625250000,0.9968823257960314,1.0,JPY
CalioTrade,2084,1563000000,0.942887236084453,1.0,JPY
SHOPUSDT_247,2413,1195499000,0.9742378781599668,1.0,JPY
Fast_trading247,1541,1155750000,1.0,0.9793958483711875,JPY
BBBBBBBBBBBBBBBBBBB,1374,1030500000,0.6904177583697234,1.0,JPY
幣爺,1471,1018740000,0.9831651937457511,0.9828265353569,JPY
BlakApolCrib2Xchange,442,884000000,0.9748891402714932,0.9718495775113122,JPY
