merchant_name,ads_count,total_volume,avg_finish_rate,avg_positive_rate,currency
賣幣的小仙迪,3155,70987500000,0.9422367670364501,0.9605609099144214,JPY
会ABEYARATNE-TRADERS会,3357,8255000000,1.0,1.0,JPY
WiseXpressPay_GlobalTrade,1319,2742000000,0.9811432903714935,0.9811062680894618,JPY
CalioTrade,3112,2334000000,0.9313393316195373,1.0,JPY
VnBoy,2957,2217750000,0.9946039905309435,1.0,JPY
Fast_trading247,2163,1622250000,1.0,0.9794221091447064,JPY
BlakApolCrib2Xchange,741,1482000000,0.9730634278002699,0.9718944539271255,JPY
SHOPUSDT_247,2958,1480869000,0.9776663286004057,1.0,JPY
BBBBBBBBBBBBBBBBBBB,1923,1442250000,0.5938554342173686,1.0,JPY
tonyC98,3139,1112130000,0.951475310608474,0.9785916274163746,JPY
