merchant_name,ads_count,total_volume,avg_finish_rate,avg_positive_rate,currency
賣幣的小仙迪,3155,70987500000,0.9422367670364501,0.9605609099144214,JPY
会ABEYARATNE-TRADERS会,3077,7555000000,1.0,1.0,JPY
WiseXpressPay_GlobalTrade,1244,2592000000,0.9814172025723473,0.9811225524196141,JPY
CalioTrade,2882,2161500000,0.9329708535739071,1.0,JPY
VnBoy,2805,2103750000,0.994964705882353,1.0,JPY
Fast_trading247,2023,1517250000,1.0,0.9794176066633713,JPY
SHOPUSDT_247,2958,1480869000,0.9776663286004057,1.0,JPY
BBBBBBBBBBBBBBBBBBB,1783,1337250000,0.6208547392035895,1.0,JPY
BlakApolCrib2Xchange,641,1282000000,0.9726911076443058,0.9718747150702028,JPY
TokyoVN,1362,1021500000,0.9884728340675477,0.9879526424669605,JPY
