merchant_name,ads_count,total_volume,avg_finish_rate,avg_positive_rate,currency
賣幣的小仙迪,2710,60975000000,0.9424221402214021,0.9605242261365313,JPY
会ABEYARATNE-TRADERS会,2063,5012000000,1.0,1.0,JPY
WiseXpressPay_GlobalTrade,880,1831500000,0.9827488636363636,0.9812151875227272,JPY
VnBoy,2101,1575750000,0.9970023798191336,1.0,JPY
CalioTrade,2018,1513500000,0.9443761149653122,1.0,JPY
SHOPUSDT_247,2360,1168749000,0.9738389830508474,1.0,JPY
Fast_trading247,1508,1131000000,1.0,0.9793938499535809,JPY
幣爺,1471,1018740000,0.9831651937457511,0.9828265353569,JPY
BBBBBBBBBBBBBBBBBBB,1350,1012500000,0.6955807407407407,1.0,JPY
URAllCryptoDeals,431,862000000,0.9803178654292344,0.9718547067517401,JPY
