merchant_name,ads_count,total_volume,avg_finish_rate,avg_positive_rate,currency
賣幣的小仙迪,2899,65227500000,0.9423128665056916,0.9605411822766471,JPY
会ABEYARATNE-TRADERS会,2329,5677000000,1.0,1.0,JPY
WiseXpressPay_GlobalTrade,1047,2176500000,0.9823094555873926,0.9812343271060172,JPY
CalioTrade,2284,1713000000,0.9390232049036776,1.0,JPY
VnBoy,2281,1710750000,0.9965015344147303,1.0,JPY
SHOPUSDT_247,2579,1276519000,0.9754129507561071,1.0,JPY
Fast_trading247,1641,1230750000,1.0,0.9794014133698964,JPY
BBBBBBBBBBBBBBBBBBB,1471,1103250000,0.6712671651937457,1.0,JPY
幣爺,1471,1018740000,0.9831651937457511,0.9828265353569,JPY
BlakApolCrib2Xchange,471,942000000,0.9747112526539278,0.9718527836730362,JPY
