merchant_name,ads_count,total_volume,avg_finish_rate,avg_positive_rate,currency
賣幣的小仙迪,2803,63067500000,0.9423578308954692,0.9605328553906529,JPY
会ABEYARATNE-TRADERS会,2189,5327000000,1.0,1.0,JPY
WiseXpressPay_GlobalTrade,950,1977000000,0.9825463157894737,0.9812529734315789,JPY
VnBoy,2185,1638750000,0.9968256292906178,1.0,JPY
CalioTrade,2144,1608000000,0.9416310634328358,1.0,JPY
SHOPUSDT_247,2451,1218799000,0.9745132598939209,1.0,JPY
Fast_trading247,1571,1178250000,1.0,0.9793975922597072,JPY
BBBBBBBBBBBBBBBBBBB,1403,1052250000,0.6844148253741982,1.0,JPY
幣爺,1471,1018740000,0.9831651937457511,0.9828265353569,JPY
BlakApolCrib2Xchange,471,942000000,0.9747112526539278,0.9718527836730362,JPY
