merchant_name,ads_count,total_volume,avg_finish_rate,avg_positive_rate,currency
賣幣的小仙迪,3155,70987500000,0.9422367670364501,0.9605609099144214,JPY
会ABEYARATNE-TRADERS会,3363,8270000000,1.0,1.0,JPY
WiseXpressPay_GlobalTrade,1326,2757000000,0.9811266968325791,0.9811053187179487,JPY
CalioTrade,3118,2338500000,0.9312905708787684,1.0,JPY
VnBoy,2963,2222250000,0.9945885926425919,1.0,JPY
Fast_trading247,2166,1624500000,1.0,0.9794221992566943,JPY
BlakApolCrib2Xchange,744,1488000000,0.9730793010752689,0.971894992298387,JPY
SHOPUSDT_247,2958,1480869000,0.9776663286004057,1.0,JPY
BBBBBBBBBBBBBBBBBBB,1926,1444500000,0.593319833852544,1.0,JPY
tonyC98,3145,1115130000,0.9514648648648648,0.9785835523942766,JPY
