merchant_name,ads_count,total_volume,avg_finish_rate,avg_positive_rate,currency
賣幣的小仙迪,3155,70987500000,0.9422367670364501,0.9605609099144214,JPY
会ABEYARATNE-TRADERS会,3567,8780000000,1.0,1.0,JPY
WiseXpressPay_GlobalTrade,1467,3042000000,0.9810449897750512,0.9810083312201772,JPY
CalioTrade,3304,2478000000,0.9298123486682809,1.0,JPY
VnBoy,3103,2327250000,0.9942462133419272,1.0,JPY
Fast_trading247,2268,1701000000,1.0,0.9794251212213405,JPY
BBBBBBBBBBBBBBBBBBB,2028,1521000000,0.5760522682445759,1.0,JPY
BlakApolCrib2Xchange,747,1494000000,0.9730950468540829,0.9718955263453816,JPY
SHOPUSDT_247,2958,1480869000,0.9776663286004057,1.0,JPY
tonyC98,3277,1181130000,0.9513375038144645,0.9784258826914861,JPY
