merchant_name,ads_count,total_volume,avg_finish_rate,avg_positive_rate,currency
賣幣的小仙迪,2558,57555000000,0.9425824863174354,0.9605087715832682,JPY
会ABEYARATNE-TRADERS会,1839,4450000000,1.0,1.0,JPY
WiseXpressPay_GlobalTrade,772,1600500000,0.9832746113989637,0.9811519957642487,JPY
VnBoy,1935,1451250000,0.9972103359173127,1.0,JPY
CalioTrade,1790,1342500000,0.9479659217877094,1.0,JPY
SHOPUSDT_247,2164,1079022000,0.9721940850277264,1.0,JPY
Fast_trading247,1394,1045500000,1.0,0.9793862183285509,JPY
幣爺,1471,1018740000,0.9831651937457511,0.9828265353569,JPY
BBBBBBBBBBBBBBBBBBB,1253,939750000,0.718462889066241,1.0,JPY
URAllCryptoDeals,431,862000000,0.9803178654292344,0.9718547067517401,JPY
