merchant_name,ads_count,total_volume,avg_finish_rate,avg_positive_rate,currency
賣幣的小仙迪,2711,60997500000,0.9424212467724087,0.9605243220730357,JPY
会ABEYARATNE-TRADERS会,2065,5017000000,1.0,1.0,JPY
WiseXpressPay_GlobalTrade,883,1837500000,0.9827395243488108,0.9812168886636466,JPY
VnBoy,2103,1577250000,0.9970004755111745,1.0,JPY
CalioTrade,2020,1515000000,0.9443292079207921,1.0,JPY
SHOPUSDT_247,2362,1169599000,0.9738543607112617,1.0,JPY
Fast_trading247,1509,1131750000,1.0,0.9793939117958914,JPY
幣爺,1471,1018740000,0.9831651937457511,0.9828265353569,JPY
BBBBBBBBBBBBBBBBBBB,1351,1013250000,0.6953619541080681,1.0,JPY
URAllCryptoDeals,431,862000000,0.9803178654292344,0.9718547067517401,JPY
