merchant_name,ads_count,total_volume,avg_finish_rate,avg_positive_rate,currency
賣幣的小仙迪,2867,64507500000,0.9423275200558074,0.9605384686083014,JPY
会ABEYARATNE-TRADERS会,2271,5532000000,1.0,1.0,JPY
WiseXpressPay_GlobalTrade,1000,2082000000,0.9824189999999999,0.9812726202200001,JPY
CalioTrade,2226,1669500000,0.9400399820305481,1.0,JPY
VnBoy,2223,1667250000,0.9966972559604138,1.0,JPY
SHOPUSDT_247,2521,1252469000,0.9750083300277668,1.0,JPY
Fast_trading247,1612,1209000000,1.0,0.979399870601737,JPY
BBBBBBBBBBBBBBBBBBB,1442,1081500000,0.6767226074895978,1.0,JPY
幣爺,1471,1018740000,0.9831651937457511,0.9828265353569,JPY
BlakApolCrib2Xchange,471,942000000,0.9747112526539278,0.9718527836730362,JPY
