merchant_name,ads_count,total_volume,avg_finish_rate,avg_positive_rate,currency
賣幣的小仙迪,2255,50737500000,0.9427383592017738,0.9604899882838137,JPY
会ABEYARATNE-TRADERS会,1521,3655000000,1.0,1.0,JPY
WiseXpressPay_GlobalTrade,758,1570500000,0.9833562005277044,0.9811438350527705,JPY
VnBoy,1745,1308750000,0.9975598853868195,1.0,JPY
CalioTrade,1512,1134000000,0.952140873015873,1.0,JPY
幣爺,1471,1018740000,0.9831651937457511,0.9828265353569,JPY
SHOPUSDT_247,1932,972700000,0.969815734989648,1.0,JPY
Fast_trading247,1235,926250000,1.0,0.9793814399999999,JPY
URAllCryptoDeals,431,862000000,0.9803178654292344,0.9718547067517401,JPY
BBBBBBBBBBBBBBBBBBB,1101,825750000,0.7624287011807448,1.0,JPY
