merchant_name,ads_count,total_volume,avg_finish_rate,avg_positive_rate,currency
賣幣的小仙迪,2268,51030000000,0.9427067901234569,0.9604871797089947,JPY
会ABEYARATNE-TRADERS会,1549,3725000000,1.0,1.0,JPY
WiseXpressPay_GlobalTrade,758,1570500000,0.9833562005277044,0.9811438350527705,JPY
VnBoy,1773,1329750000,0.997503666102651,1.0,JPY
CalioTrade,1540,1155000000,0.9516032467532468,1.0,JPY
幣爺,1471,1018740000,0.9831651937457511,0.9828265353569,JPY
SHOPUSDT_247,1950,975580000,0.9700205128205128,1.0,JPY
Fast_trading247,1249,936750000,1.0,0.9793814400000002,JPY
URAllCryptoDeals,431,862000000,0.9803178654292344,0.9718547067517401,JPY
BBBBBBBBBBBBBBBBBBB,1115,836250000,0.7578780269058296,1.0,JPY
