merchant_name,ads_count,total_volume,avg_finish_rate,avg_positive_rate,currency
賣幣的小仙迪,2237,50332500000,0.9427845328565042,0.9604939309700492,JPY
会ABEYARATNE-TRADERS会,1449,3475000000,1.0,1.0,JPY
WiseXpressPay_GlobalTrade,730,1507500000,0.9834575342465753,0.9811275755753425,JPY
VnBoy,1673,1254750000,0.9977130902570233,1.0,JPY
CalioTrade,1440,1080000000,0.9536854166666667,1.0,JPY
幣爺,1471,1018740000,0.9831651937457511,0.9828265353569,JPY
SHOPUSDT_247,1883,950450000,0.9692384492830589,1.0,JPY
Fast_trading247,1199,899250000,1.0,0.97938144,JPY
URAllCryptoDeals,431,862000000,0.9803178654292344,0.9718547067517401,JPY
BBBBBBBBBBBBBBBBBBB,1066,799500000,0.7743283302063789,1.0,JPY
