merchant_name,ads_count,total_volume,avg_finish_rate,avg_positive_rate,currency
賣幣的小仙迪,2426,54585000000,0.9426389117889531,0.9604937793858203,JPY
会ABEYARATNE-TRADERS会,1697,4095000000,1.0,1.0,JPY
WiseXpressPay_GlobalTrade,770,1596000000,0.9832883116883117,0.9811507998051948,JPY
VnBoy,1859,1394250000,0.9973415814954276,1.0,JPY
CalioTrade,1648,1236000000,0.9498076456310679,1.0,JPY
幣爺,1471,1018740000,0.9831651937457511,0.9828265353569,JPY
SHOPUSDT_247,2051,1016872000,0.9711028766455387,1.0,JPY
Fast_trading247,1323,992250000,1.0,0.9793814400000002,JPY
BBBBBBBBBBBBBBBBBBB,1189,891750000,0.7356047098402019,1.0,JPY
URAllCryptoDeals,431,862000000,0.9803178654292344,0.9718547067517401,JPY
