merchant_name,ads_count,total_volume,avg_finish_rate,avg_positive_rate,currency
賣幣的小仙迪,2425,54562500000,0.942639175257732,0.9604936595793815,JPY
会ABEYARATNE-TRADERS会,1695,4090000000,1.0,1.0,JPY
WiseXpressPay_GlobalTrade,770,1596000000,0.9832883116883117,0.9811507998051948,JPY
VnBoy,1857,1392750000,0.9973451803984922,1.0,JPY
CalioTrade,1646,1234500000,0.9498377885783718,1.0,JPY
幣爺,1471,1018740000,0.9831651937457511,0.9828265353569,JPY
SHOPUSDT_247,2049,1015872000,0.9710824792581747,1.0,JPY
Fast_trading247,1322,991500000,1.0,0.9793814399999999,JPY
BBBBBBBBBBBBBBBBBBB,1188,891000000,0.7358872053872054,1.0,JPY
URAllCryptoDeals,431,862000000,0.9803178654292344,0.9718547067517401,JPY
