merchant_name,ads_count,total_volume,avg_finish_rate,avg_positive_rate,currency
賣幣的小仙迪,2788,62730000000,0.9423651362984218,0.9605315025143473,JPY
会ABEYARATNE-TRADERS会,2179,5302000000,1.0,1.0,JPY
WiseXpressPay_GlobalTrade,950,1977000000,0.9825463157894737,0.9812529734315789,JPY
VnBoy,2185,1638750000,0.9968256292906178,1.0,JPY
CalioTrade,2134,1600500000,0.9418355201499531,1.0,JPY
SHOPUSDT_247,2446,1215049000,0.9744775143090761,1.0,JPY
Fast_trading247,1566,1174500000,1.0,0.9793973062515965,JPY
BBBBBBBBBBBBBBBBBBB,1398,1048500000,0.6854320457796853,1.0,JPY
幣爺,1471,1018740000,0.9831651937457511,0.9828265353569,JPY
BlakApolCrib2Xchange,467,934000000,0.9747344753747322,0.9718523651177731,JPY
