merchant_name,ads_count,total_volume,avg_finish_rate,avg_positive_rate,currency
賣幣的小仙迪,2208,49680000000,0.9428913043478261,0.9605004182880434,JPY
会ABEYARATNE-TRADERS会,1429,3425000000,1.0,1.0,JPY
WiseXpressPay_GlobalTrade,730,1507500000,0.9834575342465753,0.9811275755753425,JPY
VnBoy,1669,1251750000,0.9977219892150989,1.0,JPY
CalioTrade,1429,1071750000,0.9539167249825052,1.0,JPY
幣爺,1471,1018740000,0.9831651937457511,0.9828265353569,JPY
SHOPUSDT_247,1873,942950000,0.9691329418045915,1.0,JPY
Fast_trading247,1189,891750000,1.0,0.97938144,JPY
URAllCryptoDeals,431,862000000,0.9803178654292344,0.9718547067517401,JPY
BBBBBBBBBBBBBBBBBBB,1056,792000000,0.777873106060606,1.0,JPY
