merchant_name,ads_count,total_volume,avg_finish_rate,avg_positive_rate,currency
賣幣的小仙迪,2107,47407500000,0.94318794494542,0.9605289111105838,JPY
会ABEYARATNE-TRADERS会,1276,3039000000,1.0,1.0,JPY
WiseXpressPay_GlobalTrade,672,1381500000,0.9836696428571428,0.9810915931249999,JPY
VnBoy,1545,1158750000,0.99802071197411,1.0,JPY
幣爺,1471,1018740000,0.9831651937457511,0.9828265353569,JPY
CalioTrade,1350,1012500000,0.9557918518518518,1.0,JPY
SHOPUSDT_247,1746,885786000,0.9675229095074457,1.0,JPY
Fast_trading247,1110,832500000,1.0,0.97938144,JPY
URAllCryptoDeals,408,816000000,0.9803921568627451,0.9718536512745098,JPY
BBBBBBBBBBBBBBBBBBB,996,747000000,0.8006365461847389,1.0,JPY
