merchant_name,ads_count,total_volume,avg_finish_rate,avg_positive_rate,currency
賣幣的小仙迪,1968,44280000000,0.9437479674796748,0.9605948062296749,JPY
会ABEYARATNE-TRADERS会,1176,2789000000,1.0,1.0,JPY
WiseXpressPay_GlobalTrade,672,1381500000,0.9836696428571428,0.9810915931249999,JPY
VnBoy,1489,1116750000,0.9981719274680995,1.0,JPY
幣爺,1471,1018740000,0.9831651937457511,0.9828265353569,JPY
CalioTrade,1269,951750000,0.9565933806146572,1.0,JPY
SHOPUSDT_247,1677,847496000,0.9664657125819917,1.0,JPY
Fast_trading247,1060,795000000,1.0,0.9793814399999999,JPY
URAllCryptoDeals,361,722000000,0.9805124653739612,0.9718510762049861,JPY
BBBBBBBBBBBBBBBBBBB,946,709500000,0.8218118393234672,1.0,JPY
