merchant_name,ads_count,total_volume,avg_finish_rate,avg_positive_rate,currency
賣幣的小仙迪,3050,68625000000,0.9422478688524589,0.9605532190918034,JPY
会ABEYARATNE-TRADERS会,2523,6162000000,1.0,1.0,JPY
WiseXpressPay_GlobalTrade,1111,2314500000,0.982016201620162,0.9811873929792979,JPY
VnBoy,2405,1803750000,0.9961147609147609,1.0,JPY
CalioTrade,2390,1792500000,0.9373669456066944,1.0,JPY
SHOPUSDT_247,2745,1361269000,0.9764765027322404,1.0,JPY
Fast_trading247,1738,1303500000,1.0,0.9794061995569621,JPY
BBBBBBBBBBBBBBBBBBB,1550,1162500000,0.6574412903225806,1.0,JPY
幣爺,1471,1018740000,0.9831651937457511,0.9828265353569,JPY
BlakApolCrib2Xchange,481,962000000,0.9746133056133056,0.9718537996049895,JPY
