merchant_name,ads_count,total_volume,avg_finish_rate,avg_positive_rate,currency
賣幣的小仙迪,3044,68490000000,0.9422503285151117,0.9605527635906702,JPY
会ABEYARATNE-TRADERS会,2517,6147000000,1.0,1.0,JPY
WiseXpressPay_GlobalTrade,1108,2308500000,0.9820324909747291,0.9811894718953069,JPY
VnBoy,2399,1799250000,0.9961325552313465,1.0,JPY
CalioTrade,2384,1788000000,0.9374534395973155,1.0,JPY
SHOPUSDT_247,2740,1358619000,0.9764463503649634,1.0,JPY
Fast_trading247,1735,1301250000,1.0,0.9794060595504323,JPY
BBBBBBBBBBBBBBBBBBB,1547,1160250000,0.6579405300581772,1.0,JPY
幣爺,1471,1018740000,0.9831651937457511,0.9828265353569,JPY
BlakApolCrib2Xchange,478,956000000,0.9746422594142259,0.971853499288703,JPY
