merchant_name,ads_count,total_volume,avg_finish_rate,avg_positive_rate,currency
賣幣的小仙迪,3014,67815000000,0.9422627737226278,0.9605504588818845,JPY
会ABEYARATNE-TRADERS会,2411,5882000000,1.0,1.0,JPY
WiseXpressPay_GlobalTrade,1047,2176500000,0.9823094555873926,0.9812343271060172,JPY
VnBoy,2305,1728750000,0.9964234273318872,1.0,JPY
CalioTrade,2286,1714500000,0.9389890638670166,1.0,JPY
SHOPUSDT_247,2634,1308619000,0.9757801822323462,1.0,JPY
Fast_trading247,1682,1261500000,1.0,0.9794035037514863,JPY
BBBBBBBBBBBBBBBBBBB,1512,1134000000,0.6639113756613757,1.0,JPY
幣爺,1471,1018740000,0.9831651937457511,0.9828265353569,JPY
BlakApolCrib2Xchange,471,942000000,0.9747112526539278,0.9718527836730362,JPY
