merchant_name,ads_count,total_volume,avg_finish_rate,avg_positive_rate,currency
賣幣的小仙迪,3037,68332500000,0.942253210405005,0.9605522298979257,JPY
会ABEYARATNE-TRADERS会,2463,6012000000,1.0,1.0,JPY
WiseXpressPay_GlobalTrade,1068,2221500000,0.9822247191011236,0.9812183067977529,JPY
VnBoy,2345,1758750000,0.9962968017057569,1.0,JPY
CalioTrade,2330,1747500000,0.9382630901287553,1.0,JPY
SHOPUSDT_247,2686,1332969000,0.9761135517498138,1.0,JPY
Fast_trading247,1708,1281000000,1.0,0.9794047773594847,JPY
BBBBBBBBBBBBBBBBBBB,1536,1152000000,0.6597877604166666,1.0,JPY
幣爺,1471,1018740000,0.9831651937457511,0.9828265353569,JPY
BlakApolCrib2Xchange,471,942000000,0.9747112526539278,0.9718527836730362,JPY
