merchant_name,ads_count,total_volume,avg_finish_rate,avg_positive_rate,currency
賣幣的小仙迪,2420,54450000000,0.9426404958677687,0.9604930590619835,JPY
会ABEYARATNE-TRADERS会,1685,4065000000,1.0,1.0,JPY
WiseXpressPay_GlobalTrade,770,1596000000,0.9832883116883117,0.9811507998051948,JPY
VnBoy,1847,1385250000,0.9973632918245805,1.0,JPY
CalioTrade,1636,1227000000,0.9499896088019559,1.0,JPY
幣爺,1471,1018740000,0.9831651937457511,0.9828265353569,JPY
SHOPUSDT_247,2039,1010872000,0.9709798921039725,1.0,JPY
Fast_trading247,1317,987750000,1.0,0.9793814399999999,JPY
BBBBBBBBBBBBBBBBBBB,1183,887250000,0.7373068469991547,1.0,JPY
URAllCryptoDeals,431,862000000,0.9803178654292344,0.9718547067517401,JPY
