merchant_name,ads_count,total_volume,avg_finish_rate,avg_positive_rate,currency
賣幣的小仙迪,2004,45090000000,0.9436087824351297,0.9605768627045909,JPY
会ABEYARATNE-TRADERS会,1206,2864000000,1.0,1.0,JPY
WiseXpressPay_GlobalTrade,672,1381500000,0.9836696428571428,0.9810915931249999,JPY
VnBoy,1519,1139250000,0.9980895325872284,1.0,JPY
幣爺,1471,1018740000,0.9831651937457511,0.9828265353569,JPY
CalioTrade,1299,974250000,0.9567875288683603,1.0,JPY
SHOPUSDT_247,1700,859146000,0.9668382352941176,1.0,JPY
Fast_trading247,1075,806250000,1.0,0.9793814400000002,JPY
URAllCryptoDeals,373,746000000,0.9804638069705093,0.9718517953619303,JPY
BBBBBBBBBBBBBBBBBBB,961,720750000,0.8152278876170655,1.0,JPY
