merchant_name,ads_count,total_volume,avg_finish_rate,avg_positive_rate,currency
賣幣的小仙迪,2257,50782500000,0.9427332742578644,0.9604895540894993,JPY
会ABEYARATNE-TRADERS会,1527,3670000000,1.0,1.0,JPY
WiseXpressPay_GlobalTrade,758,1570500000,0.9833562005277044,0.9811438350527705,JPY
VnBoy,1751,1313250000,0.9975476870359794,1.0,JPY
CalioTrade,1518,1138500000,0.9520217391304346,1.0,JPY
幣爺,1471,1018740000,0.9831651937457511,0.9828265353569,JPY
SHOPUSDT_247,1935,973060000,0.9698501291989663,1.0,JPY
Fast_trading247,1238,928500000,1.0,0.9793814400000002,JPY
URAllCryptoDeals,431,862000000,0.9803178654292344,0.9718547067517401,JPY
BBBBBBBBBBBBBBBBBBB,1104,828000000,0.7614438405797102,1.0,JPY
