merchant_name,ads_count,total_volume,avg_finish_rate,avg_positive_rate,currency
賣幣的小仙迪,3155,70987500000,0.9422367670364501,0.9605609099144214,JPY
会ABEYARATNE-TRADERS会,3215,7900000000,1.0,1.0,JPY
WiseXpressPay_GlobalTrade,1256,2616000000,0.9813558917197452,0.9811191133359873,JPY
CalioTrade,2970,2227500000,0.9323218855218856,1.0,JPY
VnBoy,2875,2156250000,0.9947951304347826,1.0,JPY
Fast_trading247,2092,1569000000,1.0,0.9794199010564053,JPY
SHOPUSDT_247,2958,1480869000,0.9776663286004057,1.0,JPY
BBBBBBBBBBBBBBBBBBB,1852,1389000000,0.6070377969762418,1.0,JPY
BlakApolCrib2Xchange,687,1374000000,0.9727540029112082,0.9718840406113537,JPY
tonyC98,3061,1073130000,0.951654688010454,0.9787024441163019,JPY
