merchant_name,ads_count,total_volume,avg_finish_rate,avg_positive_rate,currency
賣幣的小仙迪,1908,42930000000,0.9439135220125786,0.960626216802935,JPY
会ABEYARATNE-TRADERS会,1120,2628000000,1.0,1.0,JPY
WiseXpressPay_GlobalTrade,663,1363500000,0.9837058823529412,0.9810855863800906,JPY
VnBoy,1391,1043250000,0.9984658519051043,1.0,JPY
幣爺,1471,1018740000,0.9831651937457511,0.9828265353569,JPY
CalioTrade,1171,878250000,0.9557736976942784,1.0,JPY
SHOPUSDT_247,1581,808386000,0.9647938013915243,1.0,JPY
Fast_trading247,1011,758250000,1.0,0.97938144,JPY
BBBBBBBBBBBBBBBBBBB,897,672750000,0.8448539576365662,1.0,JPY
URAllCryptoDeals,323,646000000,0.9806904024767801,0.9718484463467492,JPY
