merchant_name,ads_count,total_volume,avg_finish_rate,avg_positive_rate,currency
賣幣的小仙迪,2566,57735000000,0.9425713172252533,0.9605096306274358,JPY
会ABEYARATNE-TRADERS会,1857,4495000000,1.0,1.0,JPY
WiseXpressPay_GlobalTrade,785,1629000000,0.9831872611464968,0.981159620955414,JPY
VnBoy,1949,1461750000,0.9971872755259107,1.0,JPY
CalioTrade,1808,1356000000,0.9477671460176991,1.0,JPY
SHOPUSDT_247,2181,1086372000,0.9723484640073361,1.0,JPY
Fast_trading247,1403,1052250000,1.0,0.9793868659158945,JPY
幣爺,1471,1018740000,0.9831651937457511,0.9828265353569,JPY
BBBBBBBBBBBBBBBBBBB,1262,946500000,0.7161917591125199,1.0,JPY
URAllCryptoDeals,431,862000000,0.9803178654292344,0.9718547067517401,JPY
