merchant_name,ads_count,total_volume,avg_finish_rate,avg_positive_rate,currency
賣幣的小仙迪,3155,70987500000,0.9422367670364501,0.9605609099144214,JPY
会ABEYARATNE-TRADERS会,3427,8430000000,1.0,1.0,JPY
WiseXpressPay_GlobalTrade,1401,2910000000,0.981051391862955,0.9810678039543184,JPY
CalioTrade,3182,2386500000,0.9308026398491515,1.0,JPY
VnBoy,3027,2270250000,0.9944281466798811,1.0,JPY
Fast_trading247,2198,1648500000,1.0,0.979423145145587,JPY
BlakApolCrib2Xchange,747,1494000000,0.9730950468540829,0.9718955263453816,JPY
SHOPUSDT_247,2958,1480869000,0.9776663286004057,1.0,JPY
BBBBBBBBBBBBBBBBBBB,1958,1468500000,0.5877088866189989,1.0,JPY
tonyC98,3207,1146130000,0.951386030558154,0.9785052459869037,JPY
