merchant_name,ads_count,total_volume,avg_finish_rate,avg_positive_rate,currency
賣幣的小仙迪,3042,68445000000,0.9422511505588429,0.9605526113576595,JPY
会ABEYARATNE-TRADERS会,2501,6107000000,1.0,1.0,JPY
WiseXpressPay_GlobalTrade,1106,2304000000,0.9820433996383362,0.9811908641048825,JPY
VnBoy,2383,1787250000,0.996180444817457,1.0,JPY
CalioTrade,2368,1776000000,0.9376862331081081,1.0,JPY
SHOPUSDT_247,2724,1351019000,0.9763491189427312,1.0,JPY
Fast_trading247,1727,1295250000,1.0,0.979405683821656,JPY
BBBBBBBBBBBBBBBBBBB,1544,1158000000,0.6584417098445596,1.0,JPY
幣爺,1471,1018740000,0.9831651937457511,0.9828265353569,JPY
BlakApolCrib2Xchange,475,950000000,0.9746715789473684,0.9718531951789474,JPY
