merchant_name,ads_count,total_volume,avg_finish_rate,avg_positive_rate,currency
賣幣的小仙迪,2842,63945000000,0.9423391977480648,0.9605363060344828,JPY
会ABEYARATNE-TRADERS会,2217,5397000000,1.0,1.0,JPY
WiseXpressPay_GlobalTrade,950,1977000000,0.9825463157894737,0.9812529734315789,JPY
VnBoy,2201,1650750000,0.9967741935483871,1.0,JPY
CalioTrade,2172,1629000000,0.9410686003683241,1.0,JPY
SHOPUSDT_247,2467,1229499000,0.9746266720713417,1.0,JPY
Fast_trading247,1585,1188750000,1.0,0.97939838348265,JPY
BBBBBBBBBBBBBBBBBBB,1417,1062750000,0.681604798870854,1.0,JPY
幣爺,1471,1018740000,0.9831651937457511,0.9828265353569,JPY
BlakApolCrib2Xchange,471,942000000,0.9747112526539278,0.9718527836730362,JPY
