merchant_name,ads_count,total_volume,avg_finish_rate,avg_positive_rate,currency
賣幣的小仙迪,3077,69232500000,0.9422427689307767,0.9605552468638284,JPY
会ABEYARATNE-TRADERS会,2541,6207000000,1.0,1.0,JPY
WiseXpressPay_GlobalTrade,1136,2365500000,0.9818838028169015,0.9811715533362677,JPY
VnBoy,2411,1808250000,0.9960970551638325,1.0,JPY
CalioTrade,2408,1806000000,0.9371100498338871,1.0,JPY
SHOPUSDT_247,2754,1368019000,0.9765305010893245,1.0,JPY
Fast_trading247,1747,1310250000,1.0,0.9794066166914711,JPY
BBBBBBBBBBBBBBBBBBB,1559,1169250000,0.6559550994227069,1.0,JPY
幣爺,1471,1018740000,0.9831651937457511,0.9828265353569,JPY
BlakApolCrib2Xchange,489,978000000,0.9745378323108383,0.971854582433538,JPY
