merchant_name,ads_count,total_volume,avg_finish_rate,avg_positive_rate,currency
賣幣的小仙迪,1824,41040000000,0.9442779605263159,0.9606736633004386,JPY
会ABEYARATNE-TRADERS会,1086,2526000000,1.0,1.0,JPY
WiseXpressPay_GlobalTrade,663,1363500000,0.9837058823529412,0.9810855863800906,JPY
VnBoy,1377,1032750000,0.9985112563543936,1.0,JPY
幣爺,1457,1008030000,0.9831187371310913,0.9828262750102952,JPY
CalioTrade,1103,827250000,0.955716228467815,1.0,JPY
SHOPUSDT_247,1536,782446000,0.9640983072916667,1.0,JPY
Fast_trading247,977,732750000,1.0,0.97938144,JPY
BBBBBBBBBBBBBBBBBBB,863,647250000,0.8623800695249131,1.0,JPY
URAllCryptoDeals,289,578000000,0.9807820069204152,0.9718455070934257,JPY
