merchant_name,ads_count,total_volume,avg_finish_rate,avg_positive_rate,currency
賣幣的小仙迪,2704,60840000000,0.9424275147928994,0.9605236490273669,JPY
会ABEYARATNE-TRADERS会,2043,4962000000,1.0,1.0,JPY
WiseXpressPay_GlobalTrade,866,1801500000,0.9828060046189376,0.9812073011662817,JPY
VnBoy,2081,1560750000,0.9970216242191254,1.0,JPY
CalioTrade,1998,1498500000,0.9448503503503504,1.0,JPY
SHOPUSDT_247,2341,1160742000,0.9736915847928235,1.0,JPY
Fast_trading247,1498,1123500000,1.0,0.9793932269893192,JPY
幣爺,1471,1018740000,0.9831651937457511,0.9828265353569,JPY
BBBBBBBBBBBBBBBBBBB,1340,1005000000,0.6977865671641791,1.0,JPY
URAllCryptoDeals,431,862000000,0.9803178654292344,0.9718547067517401,JPY
