merchant_name,ads_count,total_volume,avg_finish_rate,avg_positive_rate,currency
賣幣的小仙迪,3155,70987500000,0.9422367670364501,0.9605609099144214,JPY
会ABEYARATNE-TRADERS会,3269,8035000000,1.0,1.0,JPY
WiseXpressPay_GlobalTrade,1289,2682000000,0.9812280837858804,0.9811117281613653,JPY
CalioTrade,3024,2268000000,0.9320072751322751,1.0,JPY
VnBoy,2929,2196750000,0.9946698531922158,1.0,JPY
Fast_trading247,2119,1589250000,1.0,0.9794207581878245,JPY
SHOPUSDT_247,2958,1480869000,0.9776663286004057,1.0,JPY
BBBBBBBBBBBBBBBBBBB,1879,1409250000,0.6019073975518893,1.0,JPY
BlakApolCrib2Xchange,700,1400000000,0.972832857142857,0.9718866337000001,JPY
tonyC98,3108,1096630000,0.951533462033462,0.9786338450418275,JPY
