merchant_name,ads_count,total_volume,avg_finish_rate,avg_positive_rate,currency
賣幣的小仙迪,2724,61290000000,0.9424096916299559,0.9605255628377387,JPY
会ABEYARATNE-TRADERS会,2099,5102000000,1.0,1.0,JPY
WiseXpressPay_GlobalTrade,900,1872000000,0.9826877777777777,0.9812263142444445,JPY
VnBoy,2137,1602750000,0.9969686476368741,1.0,JPY
CalioTrade,2054,1540500000,0.94354576436222,1.0,JPY
SHOPUSDT_247,2396,1184049000,0.9741118530884807,1.0,JPY
Fast_trading247,1526,1144500000,1.0,0.9793949507142858,JPY
BBBBBBBBBBBBBBBBBBB,1368,1026000000,0.6916915204678363,1.0,JPY
幣爺,1471,1018740000,0.9831651937457511,0.9828265353569,JPY
URAllCryptoDeals,431,862000000,0.9803178654292344,0.9718547067517401,JPY
