merchant_name,ads_count,total_volume,avg_finish_rate,avg_positive_rate,currency
賣幣的小仙迪,3155,70987500000,0.9422367670364501,0.9605609099144214,JPY
会ABEYARATNE-TRADERS会,3407,8380000000,1.0,1.0,JPY
WiseXpressPay_GlobalTrade,1374,2856000000,0.981056768558952,0.9810950574599708,JPY
CalioTrade,3162,2371500000,0.9309500316255536,1.0,JPY
VnBoy,3007,2255250000,0.9944775523777851,1.0,JPY
Fast_trading247,2188,1641000000,1.0,0.9794228525274222,JPY
BlakApolCrib2Xchange,747,1494000000,0.9730950468540829,0.9718955263453816,JPY
SHOPUSDT_247,2958,1480869000,0.9776663286004057,1.0,JPY
BBBBBBBBBBBBBBBBBBB,1948,1461000000,0.5894425051334702,1.0,JPY
tonyC98,3189,1137130000,0.9514026340545625,0.9785262168391345,JPY
