merchant_name,ads_count,total_volume,avg_finish_rate,avg_positive_rate,currency
賣幣的小仙迪,2849,64102500000,0.9423359073359074,0.9605369153808354,JPY
会ABEYARATNE-TRADERS会,2223,5412000000,1.0,1.0,JPY
WiseXpressPay_GlobalTrade,950,1977000000,0.9825463157894737,0.9812529734315789,JPY
VnBoy,2201,1650750000,0.9967741935483871,1.0,JPY
CalioTrade,2178,1633500000,0.9409499540863178,1.0,JPY
SHOPUSDT_247,2473,1232049000,0.9746688232915486,1.0,JPY
Fast_trading247,1588,1191000000,1.0,0.9793985512153653,JPY
BBBBBBBBBBBBBBBBBBB,1420,1065000000,0.6810098591549296,1.0,JPY
幣爺,1471,1018740000,0.9831651937457511,0.9828265353569,JPY
BlakApolCrib2Xchange,471,942000000,0.9747112526539278,0.9718527836730362,JPY
