merchant_name,ads_count,total_volume,avg_finish_rate,avg_positive_rate,currency
賣幣的小仙迪,3155,70987500000,0.9422367670364501,0.9605609099144214,JPY
会ABEYARATNE-TRADERS会,3335,8200000000,1.0,1.0,JPY
WiseXpressPay_GlobalTrade,1304,2712000000,0.9811817484662577,0.9811087563880367,JPY
CalioTrade,3090,2317500000,0.9315197411003237,1.0,JPY
VnBoy,2939,2204250000,0.9946471588975843,1.0,JPY
Fast_trading247,2152,1614000000,1.0,0.9794217765845725,JPY
SHOPUSDT_247,2958,1480869000,0.9776663286004057,1.0,JPY
BlakApolCrib2Xchange,730,1460000000,0.9730041095890412,0.9718924420410959,JPY
BBBBBBBBBBBBBBBBBBB,1912,1434000000,0.5958336820083682,1.0,JPY
tonyC98,3121,1103130000,0.9515068888176865,0.9786160387696251,JPY
