merchant_name,ads_count,total_volume,avg_finish_rate,avg_positive_rate,currency
賣幣的小仙迪,2519,56677500000,0.9426379515680826,0.960504505605399,JPY
会ABEYARATNE-TRADERS会,1809,4375000000,1.0,1.0,JPY
WiseXpressPay_GlobalTrade,770,1596000000,0.9832883116883117,0.9811507998051948,JPY
VnBoy,1921,1440750000,0.9972337324310254,1.0,JPY
CalioTrade,1760,1320000000,0.9483232954545454,1.0,JPY
SHOPUSDT_247,2143,1066872000,0.9720000000000001,1.0,JPY
Fast_trading247,1379,1034250000,1.0,0.9793851202320523,JPY
幣爺,1471,1018740000,0.9831651937457511,0.9828265353569,JPY
BBBBBBBBBBBBBBBBBBB,1238,928500000,0.7223214862681745,1.0,JPY
URAllCryptoDeals,431,862000000,0.9803178654292344,0.9718547067517401,JPY
