merchant_name,ads_count,total_volume,avg_finish_rate,avg_positive_rate,currency
賣幣的小仙迪,3155,70987500000,0.9422367670364501,0.9605609099144214,JPY
会ABEYARATNE-TRADERS会,3343,8220000000,1.0,1.0,JPY
WiseXpressPay_GlobalTrade,1304,2712000000,0.9811817484662577,0.9811087563880367,JPY
CalioTrade,3098,2323500000,0.9314538411878632,1.0,JPY
VnBoy,2943,2207250000,0.9946381243628949,1.0,JPY
Fast_trading247,2156,1617000000,1.0,0.9794218979081633,JPY
SHOPUSDT_247,2958,1480869000,0.9776663286004057,1.0,JPY
BlakApolCrib2Xchange,734,1468000000,0.9730258855585832,0.971893180613079,JPY
BBBBBBBBBBBBBBBBBBB,1916,1437000000,0.5951116910229645,1.0,JPY
tonyC98,3125,1105130000,0.95149984,0.9786105897216,JPY
