merchant_name,ads_count,total_volume,avg_finish_rate,avg_positive_rate,currency
賣幣的小仙迪,2690,60525000000,0.9424401486988847,0.9605222924275092,JPY
会ABEYARATNE-TRADERS会,2019,4902000000,1.0,1.0,JPY
WiseXpressPay_GlobalTrade,844,1756500000,0.9829016587677725,0.9811947153199052,JPY
VnBoy,2061,1545750000,0.997041242115478,1.0,JPY
CalioTrade,1974,1480500000,0.9454488348530902,1.0,JPY
SHOPUSDT_247,2317,1151046000,0.9735019421665947,1.0,JPY
Fast_trading247,1486,1114500000,1.0,0.9793924683647376,JPY
幣爺,1471,1018740000,0.9831651937457511,0.9828265353569,JPY
BBBBBBBBBBBBBBBBBBB,1328,996000000,0.7004774096385542,1.0,JPY
URAllCryptoDeals,431,862000000,0.9803178654292344,0.9718547067517401,JPY
