merchant_name,ads_count,total_volume,avg_finish_rate,avg_positive_rate,currency
賣幣的小仙迪,3143,70717500000,0.9422376710149538,0.9605600569710468,JPY
会ABEYARATNE-TRADERS会,2585,6317000000,1.0,1.0,JPY
WiseXpressPay_GlobalTrade,1139,2371500000,0.9818683055311677,0.9811697165583846,JPY
CalioTrade,2452,1839000000,0.936519168026101,1.0,JPY
VnBoy,2413,1809750000,0.9960911728139247,1.0,JPY
SHOPUSDT_247,2776,1384519000,0.976661023054755,1.0,JPY
Fast_trading247,1769,1326750000,1.0,0.9794076184850199,JPY
BBBBBBBBBBBBBBBBBBB,1581,1185750000,0.6523934218848829,1.0,JPY
幣爺,1471,1018740000,0.9831651937457511,0.9828265353569,JPY
BlakApolCrib2Xchange,489,978000000,0.9745378323108383,0.971854582433538,JPY
