merchant_name,ads_count,total_volume,avg_finish_rate,avg_positive_rate,currency
賣幣的小仙迪,2169,48802500000,0.942997233748271,0.9605094161272475,JPY
会ABEYARATNE-TRADERS会,1403,3360000000,1.0,1.0,JPY
WiseXpressPay_GlobalTrade,730,1507500000,0.9834575342465753,0.9811275755753425,JPY
VnBoy,1669,1251750000,0.9977219892150989,1.0,JPY
CalioTrade,1416,1062000000,0.954191384180791,1.0,JPY
幣爺,1471,1018740000,0.9831651937457511,0.9828265353569,JPY
SHOPUSDT_247,1860,933200000,0.9689940860215054,1.0,JPY
Fast_trading247,1176,882000000,1.0,0.97938144,JPY
URAllCryptoDeals,431,862000000,0.9803178654292344,0.9718547067517401,JPY
BBBBBBBBBBBBBBBBBBB,1043,782250000,0.7825829338446788,1.0,JPY
