merchant_name,ads_count,total_volume,avg_finish_rate,avg_positive_rate,currency
賣幣的小仙迪,2833,63742500000,0.9423434521708437,0.9605355181644899,JPY
会ABEYARATNE-TRADERS会,2209,5377000000,1.0,1.0,JPY
WiseXpressPay_GlobalTrade,950,1977000000,0.9825463157894737,0.9812529734315789,JPY
VnBoy,2193,1644750000,0.9968007295941632,1.0,JPY
CalioTrade,2164,1623000000,0.9412278188539741,1.0,JPY
SHOPUSDT_247,2461,1226299000,0.9745843153189759,1.0,JPY
Fast_trading247,1581,1185750000,1.0,0.9793981588488299,JPY
BBBBBBBBBBBBBBBBBBB,1413,1059750000,0.6824019815994339,1.0,JPY
幣爺,1471,1018740000,0.9831651937457511,0.9828265353569,JPY
BlakApolCrib2Xchange,471,942000000,0.9747112526539278,0.9718527836730362,JPY
