merchant_name,ads_count,total_volume,avg_finish_rate,avg_positive_rate,currency
賣幣的小仙迪,3155,70987500000,0.9422367670364501,0.9605609099144214,JPY
会ABEYARATNE-TRADERS会,2745,6721000000,1.0,1.0,JPY
WiseXpressPay_GlobalTrade,1200,2503500000,0.9816083333333334,0.9811386493916666,JPY
CalioTrade,2607,1955250000,0.9349532029152281,1.0,JPY
VnBoy,2553,1914750000,0.9956521739130435,1.0,JPY
SHOPUSDT_247,2925,1460519000,0.9774933333333333,1.0,JPY
Fast_trading247,1853,1389750000,1.0,0.9794112247058824,JPY
BBBBBBBBBBBBBBBBBBB,1638,1228500000,0.6436105006105005,1.0,JPY
BlakApolCrib2Xchange,553,1106000000,0.9735497287522603,0.971860055153707,JPY
幣爺,1471,1018740000,0.9831651937457511,0.9828265353569,JPY
