merchant_name,ads_count,total_volume,avg_finish_rate,avg_positive_rate,currency
賣幣的小仙迪,3155,70987500000,0.9422367670364501,0.9605609099144214,JPY
会ABEYARATNE-TRADERS会,2751,6736000000,1.0,1.0,JPY
WiseXpressPay_GlobalTrade,1200,2503500000,0.9816083333333334,0.9811386493916666,JPY
CalioTrade,2610,1957500000,0.9349268199233717,1.0,JPY
VnBoy,2553,1914750000,0.9956521739130435,1.0,JPY
SHOPUSDT_247,2928,1462769000,0.9775092213114754,1.0,JPY
Fast_trading247,1856,1392000000,1.0,0.9794113474622845,JPY
BBBBBBBBBBBBBBBBBBB,1641,1230750000,0.6431651432053626,1.0,JPY
BlakApolCrib2Xchange,555,1110000000,0.9735225225225225,0.9718602558198197,JPY
幣爺,1471,1018740000,0.9831651937457511,0.9828265353569,JPY
