merchant_name,ads_count,total_volume,avg_finish_rate,avg_positive_rate,currency
賣幣的小仙迪,3155,70987500000,0.9422367670364501,0.9605609099144214,JPY
会ABEYARATNE-TRADERS会,3431,8440000000,1.0,1.0,JPY
WiseXpressPay_GlobalTrade,1401,2910000000,0.981051391862955,0.9810678039543184,JPY
CalioTrade,3186,2389500000,0.930774011299435,1.0,JPY
VnBoy,3031,2273250000,0.9944183437809303,1.0,JPY
Fast_trading247,2200,1650000000,1.0,0.97942320335,JPY
BlakApolCrib2Xchange,747,1494000000,0.9730950468540829,0.9718955263453816,JPY
SHOPUSDT_247,2958,1480869000,0.9776663286004057,1.0,JPY
BBBBBBBBBBBBBBBBBBB,1960,1470000000,0.5873642857142857,1.0,JPY
tonyC98,3209,1147130000,0.9513845434714864,0.9785029304144592,JPY
