merchant_name,ads_count,total_volume,avg_finish_rate,avg_positive_rate,currency
賣幣的小仙迪,2436,54810000000,0.942636288998358,0.9604949720402299,JPY
会ABEYARATNE-TRADERS会,1717,4145000000,1.0,1.0,JPY
WiseXpressPay_GlobalTrade,770,1596000000,0.9832883116883117,0.9811507998051948,JPY
VnBoy,1879,1409250000,0.9973060138371475,1.0,JPY
CalioTrade,1668,1251000000,0.9495113908872901,1.0,JPY
SHOPUSDT_247,2071,1026872000,0.9713046837276678,1.0,JPY
幣爺,1471,1018740000,0.9831651937457511,0.9828265353569,JPY
Fast_trading247,1333,999750000,1.0,0.9793815986346588,JPY
BBBBBBBBBBBBBBBBBBB,1199,899250000,0.7328056713928274,1.0,JPY
URAllCryptoDeals,431,862000000,0.9803178654292344,0.9718547067517401,JPY
