merchant_name,ads_count,total_volume,avg_finish_rate,avg_positive_rate,currency
賣幣的小仙迪,3155,70987500000,0.9422367670364501,0.9605609099144214,JPY
会ABEYARATNE-TRADERS会,3225,7925000000,1.0,1.0,JPY
WiseXpressPay_GlobalTrade,1256,2616000000,0.9813558917197452,0.9811191133359873,JPY
CalioTrade,2980,2235000000,0.9322543624161074,1.0,JPY
VnBoy,2885,2163750000,0.9947715771230503,1.0,JPY
Fast_trading247,2097,1572750000,1.0,0.97942006144969,JPY
SHOPUSDT_247,2958,1480869000,0.9776663286004057,1.0,JPY
BBBBBBBBBBBBBBBBBBB,1857,1392750000,0.6060764674205708,1.0,JPY
BlakApolCrib2Xchange,691,1382000000,0.9727785817655571,0.9718847928509408,JPY
tonyC98,3066,1075630000,0.9516405740378343,0.978695000355512,JPY
