merchant_name,ads_count,total_volume,avg_finish_rate,avg_positive_rate,currency
賣幣的小仙迪,2758,62055000000,0.9423799854967367,0.9605287526142132,JPY
会ABEYARATNE-TRADERS会,2159,5252000000,1.0,1.0,JPY
WiseXpressPay_GlobalTrade,950,1977000000,0.9825463157894737,0.9812529734315789,JPY
VnBoy,2185,1638750000,0.9968256292906178,1.0,JPY
CalioTrade,2114,1585500000,0.9422502365184484,1.0,JPY
SHOPUSDT_247,2436,1207549000,0.9744055829228243,1.0,JPY
Fast_trading247,1556,1167000000,1.0,0.9793967287210796,JPY
BBBBBBBBBBBBBBBBBBB,1388,1041000000,0.6874884726224784,1.0,JPY
幣爺,1471,1018740000,0.9831651937457511,0.9828265353569,JPY
BlakApolCrib2Xchange,457,914000000,0.9747943107221007,0.9718512866739606,JPY
