merchant_name,ads_count,total_volume,avg_finish_rate,avg_positive_rate,currency
賣幣的小仙迪,2249,50602500000,0.942753668297021,0.9604912955002224,JPY
会ABEYARATNE-TRADERS会,1509,3625000000,1.0,1.0,JPY
WiseXpressPay_GlobalTrade,758,1570500000,0.9833562005277044,0.9811438350527705,JPY
VnBoy,1733,1299750000,0.9975845354875938,1.0,JPY
CalioTrade,1500,1125000000,0.952382,1.0,JPY
幣爺,1471,1018740000,0.9831651937457511,0.9828265353569,JPY
SHOPUSDT_247,1926,972020000,0.9697466251298027,1.0,JPY
Fast_trading247,1229,921750000,1.0,0.9793814399999999,JPY
URAllCryptoDeals,431,862000000,0.9803178654292344,0.9718547067517401,JPY
BBBBBBBBBBBBBBBBBBB,1095,821250000,0.7644146118721461,1.0,JPY
