merchant_name,ads_count,total_volume,avg_finish_rate,avg_positive_rate,currency
賣幣的小仙迪,3155,70987500000,0.9422367670364501,0.9605609099144214,JPY
会ABEYARATNE-TRADERS会,3281,8065000000,1.0,1.0,JPY
WiseXpressPay_GlobalTrade,1304,2712000000,0.9811817484662577,0.9811087563880367,JPY
CalioTrade,3036,2277000000,0.9319466403162054,1.0,JPY
VnBoy,2939,2204250000,0.9946471588975843,1.0,JPY
Fast_trading247,2125,1593750000,1.0,0.9794209457035294,JPY
SHOPUSDT_247,2958,1480869000,0.9776663286004057,1.0,JPY
BBBBBBBBBBBBBBBBBBB,1885,1413750000,0.6007872679045092,1.0,JPY
BlakApolCrib2Xchange,703,1406000000,0.972850640113798,0.9718872368421053,JPY
tonyC98,3115,1100130000,0.9515174959871588,0.9786242385810594,JPY
