merchant_name,ads_count,total_volume,avg_finish_rate,avg_positive_rate,currency
賣幣的小仙迪,2528,56880000000,0.942625,0.960505501744462,JPY
会ABEYARATNE-TRADERS会,1815,4390000000,1.0,1.0,JPY
WiseXpressPay_GlobalTrade,770,1596000000,0.9832883116883117,0.9811507998051948,JPY
VnBoy,1921,1440750000,0.9972337324310254,1.0,JPY
CalioTrade,1766,1324500000,0.9482508493771233,1.0,JPY
SHOPUSDT_247,2146,1068972000,0.9720279589934762,1.0,JPY
Fast_trading247,1382,1036500000,1.0,0.9793853417583214,JPY
幣爺,1471,1018740000,0.9831651937457511,0.9828265353569,JPY
BBBBBBBBBBBBBBBBBBB,1241,930750000,0.7215423045930701,1.0,JPY
URAllCryptoDeals,431,862000000,0.9803178654292344,0.9718547067517401,JPY
