merchant_name,ads_count,total_volume,avg_finish_rate,avg_positive_rate,currency
賣幣的小仙迪,1964,44190000000,0.9437576374745418,0.9605968405600815,JPY
会ABEYARATNE-TRADERS会,1170,2774000000,1.0,1.0,JPY
WiseXpressPay_GlobalTrade,672,1381500000,0.9836696428571428,0.9810915931249999,JPY
VnBoy,1483,1112250000,0.9981888064733648,1.0,JPY
幣爺,1471,1018740000,0.9831651937457511,0.9828265353569,JPY
CalioTrade,1263,947250000,0.9565344418052255,1.0,JPY
SHOPUSDT_247,1671,845096000,0.9663668461998803,1.0,JPY
Fast_trading247,1057,792750000,1.0,0.9793814399999999,JPY
URAllCryptoDeals,361,722000000,0.9805124653739612,0.9718510762049861,JPY
BBBBBBBBBBBBBBBBBBB,943,707250000,0.8231537645811241,1.0,JPY
