merchant_name,ads_count,total_volume,avg_finish_rate,avg_positive_rate,currency
賣幣的小仙迪,2562,57645000000,0.942576893052303,0.9605092017759563,JPY
会ABEYARATNE-TRADERS会,1849,4475000000,1.0,1.0,JPY
WiseXpressPay_GlobalTrade,783,1624500000,0.9832005108556833,0.9811584643295019,JPY
VnBoy,1941,1455750000,0.9972004121586812,1.0,JPY
CalioTrade,1800,1350000000,0.9478549999999999,1.0,JPY
SHOPUSDT_247,2174,1083272000,0.9722851885924563,1.0,JPY
Fast_trading247,1399,1049250000,1.0,0.9793865791279485,JPY
幣爺,1471,1018740000,0.9831651937457511,0.9828265353569,JPY
BBBBBBBBBBBBBBBBBBB,1258,943500000,0.7171971383147854,1.0,JPY
URAllCryptoDeals,431,862000000,0.9803178654292344,0.9718547067517401,JPY
