merchant_name,ads_count,total_volume,avg_finish_rate,avg_positive_rate,currency
賣幣的小仙迪,2729,61402500000,0.9424052766581166,0.960526036907292,JPY
会ABEYARATNE-TRADERS会,2131,5182000000,1.0,1.0,JPY
WiseXpressPay_GlobalTrade,921,1918500000,0.9826264929424539,0.9812375887404995,JPY
VnBoy,2169,1626750000,0.9968759797141541,1.0,JPY
CalioTrade,2086,1564500000,0.9428441994247363,1.0,JPY
SHOPUSDT_247,2415,1196349000,0.9742525879917185,1.0,JPY
Fast_trading247,1542,1156500000,1.0,0.9793959075940338,JPY
BBBBBBBBBBBBBBBBBBB,1374,1030500000,0.6904177583697234,1.0,JPY
幣爺,1471,1018740000,0.9831651937457511,0.9828265353569,JPY
BlakApolCrib2Xchange,443,886000000,0.974882618510158,0.9718496950564335,JPY
