merchant_name,ads_count,total_volume,avg_finish_rate,avg_positive_rate,currency
賣幣的小仙迪,3155,70987500000,0.9422367670364501,0.9605609099144214,JPY
会ABEYARATNE-TRADERS会,3555,8750000000,1.0,1.0,JPY
WiseXpressPay_GlobalTrade,1449,3006000000,0.9810455486542443,0.9810238747135955,JPY
CalioTrade,3292,2469000000,0.929906439854192,1.0,JPY
VnBoy,3091,2318250000,0.9942743448722097,1.0,JPY
Fast_trading247,2262,1696500000,1.0,0.9794249566357207,JPY
BBBBBBBBBBBBBBBBBBB,2022,1516500000,0.5770197823936696,1.0,JPY
BlakApolCrib2Xchange,747,1494000000,0.9730950468540829,0.9718955263453816,JPY
SHOPUSDT_247,2958,1480869000,0.9776663286004057,1.0,JPY
tonyC98,3271,1178130000,0.9513399571996332,0.9784325521614186,JPY
