merchant_name,ads_count,total_volume,avg_finish_rate,avg_positive_rate,currency
賣幣的小仙迪,3155,70987500000,0.9422367670364501,0.9605609099144214,JPY
会ABEYARATNE-TRADERS会,2713,6641000000,1.0,1.0,JPY
WiseXpressPay_GlobalTrade,1200,2503500000,0.9816083333333334,0.9811386493916666,JPY
CalioTrade,2588,1941000000,0.9351240340030912,1.0,JPY
VnBoy,2549,1911750000,0.9956641820321694,1.0,JPY
SHOPUSDT_247,2909,1448519000,0.9774080440013749,1.0,JPY
Fast_trading247,1837,1377750000,1.0,0.979410563233533,JPY
BBBBBBBBBBBBBBBBBBB,1622,1216500000,0.6460135635018496,1.0,JPY
BlakApolCrib2Xchange,538,1076000000,0.9737602230483272,0.9718588692565056,JPY
幣爺,1471,1018740000,0.9831651937457511,0.9828265353569,JPY
