merchant_name,ads_count,total_volume,avg_finish_rate,avg_positive_rate,currency
賣幣的小仙迪,2729,61402500000,0.9424052766581166,0.960526036907292,JPY
会ABEYARATNE-TRADERS会,2117,5147000000,1.0,1.0,JPY
WiseXpressPay_GlobalTrade,907,1887000000,0.9826670341786108,0.9812300926681368,JPY
VnBoy,2155,1616250000,0.9969243619489558,1.0,JPY
CalioTrade,2072,1554000000,0.9431472007722008,1.0,JPY
SHOPUSDT_247,2406,1190899000,0.9741862011637572,1.0,JPY
Fast_trading247,1535,1151250000,1.0,0.9793954914136808,JPY
BBBBBBBBBBBBBBBBBBB,1374,1030500000,0.6904177583697234,1.0,JPY
幣爺,1471,1018740000,0.9831651937457511,0.9828265353569,JPY
BlakApolCrib2Xchange,436,872000000,0.9749288990825689,0.9718488609174313,JPY
