merchant_name,ads_count,total_volume,avg_finish_rate,avg_positive_rate,currency
賣幣的小仙迪,2193,49342500000,0.9429316005471957,0.9605038411217509,JPY
会ABEYARATNE-TRADERS会,1419,3400000000,1.0,1.0,JPY
WiseXpressPay_GlobalTrade,730,1507500000,0.9834575342465753,0.9811275755753425,JPY
VnBoy,1669,1251750000,0.9977219892150989,1.0,JPY
CalioTrade,1424,1068000000,0.9540217696629214,1.0,JPY
幣爺,1471,1018740000,0.9831651937457511,0.9828265353569,JPY
SHOPUSDT_247,1868,939200000,0.9690797644539615,1.0,JPY
Fast_trading247,1184,888000000,1.0,0.97938144,JPY
URAllCryptoDeals,431,862000000,0.9803178654292344,0.9718547067517401,JPY
BBBBBBBBBBBBBBBBBBB,1051,788250000,0.7796707897240723,1.0,JPY
