merchant_name,ads_count,total_volume,avg_finish_rate,avg_positive_rate,currency
賣幣的小仙迪,3155,70987500000,0.9422367670364501,0.9605609099144214,JPY
会ABEYARATNE-TRADERS会,2821,6911000000,1.0,1.0,JPY
WiseXpressPay_GlobalTrade,1211,2526000000,0.9815573905862923,0.9811341519818332,JPY
CalioTrade,2656,1992000000,0.9345444277108435,1.0,JPY
VnBoy,2599,1949250000,0.9955167372066179,1.0,JPY
SHOPUSDT_247,2958,1480869000,0.9776663286004057,1.0,JPY
Fast_trading247,1891,1418250000,1.0,0.979412750840825,JPY
BBBBBBBBBBBBBBBBBBB,1674,1255500000,0.6383715651135006,1.0,JPY
BlakApolCrib2Xchange,560,1120000000,0.9734553571428571,0.9718608265535715,JPY
幣爺,1471,1018740000,0.9831651937457511,0.9828265353569,JPY
