merchant_name,ads_count,total_volume,avg_finish_rate,avg_positive_rate,currency
賣幣的小仙迪,2888,64980000000,0.942317867036011,0.9605402562361496,JPY
会ABEYARATNE-TRADERS会,2307,5622000000,1.0,1.0,JPY
WiseXpressPay_GlobalTrade,1015,2112000000,0.9823862068965517,0.9812600137142857,JPY
CalioTrade,2262,1696500000,0.9394027409372238,1.0,JPY
VnBoy,2259,1694250000,0.9965745905267819,1.0,JPY
SHOPUSDT_247,2557,1267719000,0.9752616347281972,1.0,JPY
Fast_trading247,1630,1222500000,1.0,0.9794008346441718,JPY
BBBBBBBBBBBBBBBBBBB,1460,1095000000,0.6733109589041096,1.0,JPY
幣爺,1471,1018740000,0.9831651937457511,0.9828265353569,JPY
BlakApolCrib2Xchange,471,942000000,0.9747112526539278,0.9718527836730362,JPY
