merchant_name,ads_count,total_volume,avg_finish_rate,avg_positive_rate,currency
賣幣的小仙迪,3155,70987500000,0.9422367670364501,0.9605609099144214,JPY
会ABEYARATNE-TRADERS会,2737,6701000000,1.0,1.0,JPY
WiseXpressPay_GlobalTrade,1200,2503500000,0.9816083333333334,0.9811386493916666,JPY
CalioTrade,2603,1952250000,0.9349884748367269,1.0,JPY
VnBoy,2553,1914750000,0.9956521739130435,1.0,JPY
SHOPUSDT_247,2921,1457519000,0.9774720985963711,1.0,JPY
Fast_trading247,1849,1386750000,1.0,0.979411060411033,JPY
BBBBBBBBBBBBBBBBBBB,1634,1225500000,0.6442068543451652,1.0,JPY
BlakApolCrib2Xchange,550,1100000000,0.9735909090909092,0.9718598026545454,JPY
幣爺,1471,1018740000,0.9831651937457511,0.9828265353569,JPY
