merchant_name,ads_count,total_volume,avg_finish_rate,avg_positive_rate,currency
賣幣的小仙迪,3110,69975000000,0.9422401929260449,0.960557677437299,JPY
会ABEYARATNE-TRADERS会,2563,6262000000,1.0,1.0,JPY
WiseXpressPay_GlobalTrade,1139,2371500000,0.9818683055311677,0.9811697165583846,JPY
CalioTrade,2430,1822500000,0.9368012345679013,1.0,JPY
VnBoy,2411,1808250000,0.9960970551638325,1.0,JPY
SHOPUSDT_247,2765,1376269000,0.9765960216998192,1.0,JPY
Fast_trading247,1758,1318500000,1.0,0.9794071207224119,JPY
BBBBBBBBBBBBBBBBBBB,1570,1177500000,0.6541617834394905,1.0,JPY
幣爺,1471,1018740000,0.9831651937457511,0.9828265353569,JPY
BlakApolCrib2Xchange,489,978000000,0.9745378323108383,0.971854582433538,JPY
