merchant_name,ads_count,total_volume,avg_finish_rate,avg_positive_rate,currency
賣幣的小仙迪,3155,70987500000,0.9422367670364501,0.9605609099144214,JPY
会ABEYARATNE-TRADERS会,2733,6691000000,1.0,1.0,JPY
WiseXpressPay_GlobalTrade,1200,2503500000,0.9816083333333334,0.9811386493916666,JPY
CalioTrade,2601,1950750000,0.9350061514801999,1.0,JPY
VnBoy,2553,1914750000,0.9956521739130435,1.0,JPY
SHOPUSDT_247,2919,1456019000,0.9774614594039055,1.0,JPY
Fast_trading247,1847,1385250000,1.0,0.9794109779967515,JPY
BBBBBBBBBBBBBBBBBBB,1632,1224000000,0.6445061274509805,1.0,JPY
BlakApolCrib2Xchange,548,1096000000,0.9736186131386861,0.9718596499270072,JPY
幣爺,1471,1018740000,0.9831651937457511,0.9828265353569,JPY
