merchant_name,ads_count,total_volume,avg_finish_rate,avg_positive_rate,currency
賣幣的小仙迪,2546,57285000000,0.9425993715632365,0.9605074728947368,JPY
会ABEYARATNE-TRADERS会,1827,4420000000,1.0,1.0,JPY
WiseXpressPay_GlobalTrade,770,1596000000,0.9832883116883117,0.9811507998051948,JPY
VnBoy,1923,1442250000,0.9972303692147686,1.0,JPY
CalioTrade,1778,1333500000,0.9481074240719909,1.0,JPY
SHOPUSDT_247,2152,1073172000,0.9720836431226766,1.0,JPY
Fast_trading247,1388,1041000000,1.0,0.9793857819380405,JPY
幣爺,1471,1018740000,0.9831651937457511,0.9828265353569,JPY
BBBBBBBBBBBBBBBBBBB,1247,935250000,0.7199951884522855,1.0,JPY
URAllCryptoDeals,431,862000000,0.9803178654292344,0.9718547067517401,JPY
