merchant_name,ads_count,total_volume,avg_finish_rate,avg_positive_rate,currency
賣幣的小仙迪,3155,70987500000,0.9422367670364501,0.9605609099144214,JPY
会ABEYARATNE-TRADERS会,3205,7875000000,1.0,1.0,JPY
WiseXpressPay_GlobalTrade,1247,2598000000,0.981401764234162,0.9811216387489976,JPY
CalioTrade,2960,2220000000,0.932391891891892,1.0,JPY
VnBoy,2865,2148750000,0.9948188481675393,1.0,JPY
Fast_trading247,2087,1565250000,1.0,0.9794197398945855,JPY
SHOPUSDT_247,2958,1480869000,0.9776663286004057,1.0,JPY
BBBBBBBBBBBBBBBBBBB,1847,1385250000,0.608004331348132,1.0,JPY
BlakApolCrib2Xchange,687,1374000000,0.9727540029112082,0.9718840406113537,JPY
tonyC98,3056,1070630000,0.9516688481675392,0.9787099122349476,JPY
