merchant_name,ads_count,total_volume,avg_finish_rate,avg_positive_rate,currency
賣幣的小仙迪,2534,57015000000,0.9426164167324389,0.9605061619060773,JPY
会ABEYARATNE-TRADERS会,1819,4400000000,1.0,1.0,JPY
WiseXpressPay_GlobalTrade,770,1596000000,0.9832883116883117,0.9811507998051948,JPY
VnBoy,1921,1440750000,0.9972337324310254,1.0,JPY
CalioTrade,1770,1327500000,0.9482028248587571,1.0,JPY
SHOPUSDT_247,2148,1070372000,0.9720465549348232,1.0,JPY
Fast_trading247,1384,1038000000,1.0,0.9793854889089596,JPY
幣爺,1471,1018740000,0.9831651937457511,0.9828265353569,JPY
BBBBBBBBBBBBBBBBBBB,1243,932250000,0.7210249396621078,1.0,JPY
URAllCryptoDeals,431,862000000,0.9803178654292344,0.9718547067517401,JPY
