merchant_name,ads_count,total_volume,avg_finish_rate,avg_positive_rate,currency
賣幣的小仙迪,3155,70987500000,0.9422367670364501,0.9605609099144214,JPY
会ABEYARATNE-TRADERS会,2731,6686000000,1.0,1.0,JPY
WiseXpressPay_GlobalTrade,1200,2503500000,0.9816083333333334,0.9811386493916666,JPY
CalioTrade,2600,1950000000,0.935015,1.0,JPY
VnBoy,2553,1914750000,0.9956521739130435,1.0,JPY
SHOPUSDT_247,2918,1455269000,0.9774561343385881,1.0,JPY
Fast_trading247,1846,1384500000,1.0,0.9794109367226436,JPY
BBBBBBBBBBBBBBBBBBB,1631,1223250000,0.6446560392397302,1.0,JPY
BlakApolCrib2Xchange,547,1094000000,0.9736325411334552,0.9718595731444242,JPY
幣爺,1471,1018740000,0.9831651937457511,0.9828265353569,JPY
