merchant_name,ads_count,total_volume,avg_finish_rate,avg_positive_rate,currency
賣幣的小仙迪,3045,68512500000,0.9422499178981937,0.9605528396321839,JPY
会ABEYARATNE-TRADERS会,2519,6152000000,1.0,1.0,JPY
WiseXpressPay_GlobalTrade,1108,2308500000,0.9820324909747291,0.9811894718953069,JPY
VnBoy,2401,1800750000,0.9961266139108704,1.0,JPY
CalioTrade,2386,1789500000,0.9374245599329423,1.0,JPY
SHOPUSDT_247,2742,1359569000,0.9764584245076586,1.0,JPY
Fast_trading247,1736,1302000000,1.0,0.9794061062730415,JPY
BBBBBBBBBBBBBBBBBBB,1548,1161000000,0.6577739018087856,1.0,JPY
幣爺,1471,1018740000,0.9831651937457511,0.9828265353569,JPY
BlakApolCrib2Xchange,479,958000000,0.9746325678496868,0.9718535998121086,JPY
