merchant_name,ads_count,total_volume,avg_finish_rate,avg_positive_rate,currency
賣幣的小仙迪,3155,70987500000,0.9422367670364501,0.9605609099144214,JPY
会ABEYARATNE-TRADERS会,2634,6440000000,1.0,1.0,JPY
WiseXpressPay_GlobalTrade,1181,2461500000,0.9816824724809483,0.9811473917527518,JPY
CalioTrade,2502,1876500000,0.935953237410072,1.0,JPY
VnBoy,2463,1847250000,0.995931790499391,1.0,JPY
SHOPUSDT_247,2825,1408069000,0.9769444247787611,1.0,JPY
Fast_trading247,1794,1345500000,1.0,0.9794087270624303,JPY
BBBBBBBBBBBBBBBBBBB,1599,1199250000,0.649552220137586,1.0,JPY
幣爺,1471,1018740000,0.9831651937457511,0.9828265353569,JPY
BlakApolCrib2Xchange,497,994000000,0.9744004024144869,0.9718553400603622,JPY
