merchant_name,ads_count,total_volume,avg_finish_rate,avg_positive_rate,currency
賣幣的小仙迪,2410,54225000000,0.9426431535269709,0.9604925719709544,JPY
会ABEYARATNE-TRADERS会,1665,4015000000,1.0,1.0,JPY
WiseXpressPay_GlobalTrade,770,1596000000,0.9832883116883117,0.9811507998051948,JPY
VnBoy,1827,1370250000,0.997400109469075,1.0,JPY
CalioTrade,1616,1212000000,0.9503050742574257,1.0,JPY
幣爺,1471,1018740000,0.9831651937457511,0.9828265353569,JPY
SHOPUSDT_247,2019,1005230000,0.9707716691431402,1.0,JPY
Fast_trading247,1307,980250000,1.0,0.97938144,JPY
BBBBBBBBBBBBBBBBBBB,1173,879750000,0.7401824381926684,1.0,JPY
URAllCryptoDeals,431,862000000,0.9803178654292344,0.9718547067517401,JPY
