merchant_name,ads_count,total_volume,avg_finish_rate,avg_positive_rate,currency
賣幣的小仙迪,2726,61335000000,0.9424079236977255,0.960525752674248,JPY
会ABEYARATNE-TRADERS会,2105,5117000000,1.0,1.0,JPY
WiseXpressPay_GlobalTrade,900,1872000000,0.9826877777777777,0.9812263142444445,JPY
VnBoy,2143,1607250000,0.9969631357909473,1.0,JPY
CalioTrade,2060,1545000000,0.9434101941747572,1.0,JPY
SHOPUSDT_247,2400,1186399000,0.9741416666666667,1.0,JPY
Fast_trading247,1529,1146750000,1.0,0.9793951316546763,JPY
BBBBBBBBBBBBBBBBBBB,1371,1028250000,0.691053245805981,1.0,JPY
幣爺,1471,1018740000,0.9831651937457511,0.9828265353569,JPY
URAllCryptoDeals,431,862000000,0.9803178654292344,0.9718547067517401,JPY
