merchant_name,ads_count,total_volume,avg_finish_rate,avg_positive_rate,currency
賣幣的小仙迪,2874,64665000000,0.9423242867084203,0.9605390673869172,JPY
会ABEYARATNE-TRADERS会,2283,5562000000,1.0,1.0,JPY
WiseXpressPay_GlobalTrade,1009,2100000000,0.9823974231912785,0.9812650113379584,JPY
CalioTrade,2238,1678500000,0.9398252904378911,1.0,JPY
VnBoy,2235,1676250000,0.9966559284116331,1.0,JPY
SHOPUSDT_247,2533,1257569000,0.9750935649427556,1.0,JPY
Fast_trading247,1618,1213500000,1.0,0.9794001943325094,JPY
BBBBBBBBBBBBBBBBBBB,1448,1086000000,0.6755759668508288,1.0,JPY
幣爺,1471,1018740000,0.9831651937457511,0.9828265353569,JPY
BlakApolCrib2Xchange,471,942000000,0.9747112526539278,0.9718527836730362,JPY
