merchant_name,ads_count,total_volume,avg_finish_rate,avg_positive_rate,currency
賣幣的小仙迪,2267,51007500000,0.9427088663431848,0.9604873946096162,JPY
会ABEYARATNE-TRADERS会,1547,3720000000,1.0,1.0,JPY
WiseXpressPay_GlobalTrade,758,1570500000,0.9833562005277044,0.9811438350527705,JPY
VnBoy,1771,1328250000,0.9975076228119707,1.0,JPY
CalioTrade,1538,1153500000,0.9516391417425226,1.0,JPY
幣爺,1471,1018740000,0.9831651937457511,0.9828265353569,JPY
SHOPUSDT_247,1948,975160000,0.9699979466119096,1.0,JPY
Fast_trading247,1248,936000000,1.0,0.9793814400000002,JPY
URAllCryptoDeals,431,862000000,0.9803178654292344,0.9718547067517401,JPY
BBBBBBBBBBBBBBBBBBB,1114,835500000,0.7581992818671455,1.0,JPY
