merchant_name,ads_count,total_volume,avg_finish_rate,avg_positive_rate,currency
賣幣的小仙迪,3155,70987500000,0.9422367670364501,0.9605609099144214,JPY
会ABEYARATNE-TRADERS会,2699,6606000000,1.0,1.0,JPY
WiseXpressPay_GlobalTrade,1200,2503500000,0.9816083333333334,0.9811386493916666,JPY
CalioTrade,2574,1930500000,0.9352552447552448,1.0,JPY
VnBoy,2535,1901250000,0.9957065088757396,1.0,JPY
SHOPUSDT_247,2897,1442269000,0.9773434587504315,1.0,JPY
Fast_trading247,1830,1372500000,1.0,0.9794102702021859,JPY
BBBBBBBBBBBBBBBBBBB,1615,1211250000,0.6470798761609908,1.0,JPY
BlakApolCrib2Xchange,531,1062000000,0.9738625235404896,0.9718583052919021,JPY
幣爺,1471,1018740000,0.9831651937457511,0.9828265353569,JPY
