merchant_name,ads_count,total_volume,avg_finish_rate,avg_positive_rate,currency
賣幣的小仙迪,2556,57510000000,0.942585289514867,0.9605085559820031,JPY
会ABEYARATNE-TRADERS会,1835,4440000000,1.0,1.0,JPY
WiseXpressPay_GlobalTrade,770,1596000000,0.9832883116883117,0.9811507998051948,JPY
VnBoy,1931,1448250000,0.9972169860176074,1.0,JPY
CalioTrade,1786,1339500000,0.9480128779395297,1.0,JPY
SHOPUSDT_247,2160,1077172000,0.9721574074074074,1.0,JPY
Fast_trading247,1392,1044000000,1.0,0.979386073283046,JPY
幣爺,1471,1018740000,0.9831651937457511,0.9828265353569,JPY
BBBBBBBBBBBBBBBBBBB,1251,938250000,0.7189720223820943,1.0,JPY
URAllCryptoDeals,431,862000000,0.9803178654292344,0.9718547067517401,JPY
