merchant_name,ads_count,total_volume,avg_finish_rate,avg_positive_rate,currency
賣幣的小仙迪,2700,60750000000,0.9424311111111111,0.960523262862963,JPY
会ABEYARATNE-TRADERS会,2031,4932000000,1.0,1.0,JPY
WiseXpressPay_GlobalTrade,862,1792500000,0.9828236658932714,0.9812050606148491,JPY
VnBoy,2073,1554750000,0.9970294259527256,1.0,JPY
CalioTrade,1986,1489500000,0.9451455186304129,1.0,JPY
SHOPUSDT_247,2329,1155894000,0.9735972520395019,1.0,JPY
Fast_trading247,1492,1119000000,1.0,0.9793928492024129,JPY
幣爺,1471,1018740000,0.9831651937457511,0.9828265353569,JPY
BBBBBBBBBBBBBBBBBBB,1334,1000500000,0.6991259370314843,1.0,JPY
URAllCryptoDeals,431,862000000,0.9803178654292344,0.9718547067517401,JPY
