merchant_name,ads_count,total_volume,avg_finish_rate,avg_positive_rate,currency
賣幣的小仙迪,2898,65205000000,0.9423133195307108,0.9605410983816426,JPY
会ABEYARATNE-TRADERS会,2327,5672000000,1.0,1.0,JPY
WiseXpressPay_GlobalTrade,1044,2170500000,0.9823218390804599,0.9812366683333335,JPY
CalioTrade,2282,1711500000,0.9390574057843997,1.0,JPY
VnBoy,2279,1709250000,0.9965081175954366,1.0,JPY
SHOPUSDT_247,2577,1275719000,0.9753993015133876,1.0,JPY
Fast_trading247,1640,1230000000,1.0,0.9794013610792682,JPY
BBBBBBBBBBBBBBBBBBB,1470,1102500000,0.6714517006802722,1.0,JPY
幣爺,1471,1018740000,0.9831651937457511,0.9828265353569,JPY
BlakApolCrib2Xchange,471,942000000,0.9747112526539278,0.9718527836730362,JPY
