merchant_name,ads_count,total_volume,avg_finish_rate,avg_positive_rate,currency
賣幣的小仙迪,2415,54337500000,0.9426418219461697,0.9604927760248447,JPY
会ABEYARATNE-TRADERS会,1675,4040000000,1.0,1.0,JPY
WiseXpressPay_GlobalTrade,770,1596000000,0.9832883116883117,0.9811507998051948,JPY
VnBoy,1837,1377750000,0.9973816004354927,1.0,JPY
CalioTrade,1626,1219500000,0.9501432964329644,1.0,JPY
幣爺,1471,1018740000,0.9831651937457511,0.9828265353569,JPY
SHOPUSDT_247,2029,1007258000,0.9708762937407589,1.0,JPY
Fast_trading247,1312,984000000,1.0,0.9793814399999999,JPY
BBBBBBBBBBBBBBBBBBB,1178,883500000,0.7387385398981324,1.0,JPY
URAllCryptoDeals,431,862000000,0.9803178654292344,0.9718547067517401,JPY
