merchant_name,ads_count,total_volume,avg_finish_rate,avg_positive_rate,currency
賣幣的小仙迪,3065,68962500000,0.9422437194127242,0.9605543500424143,JPY
会ABEYARATNE-TRADERS会,2533,6187000000,1.0,1.0,JPY
WiseXpressPay_GlobalTrade,1124,2341500000,0.9819466192170819,0.9811789984964412,JPY
VnBoy,2411,1808250000,0.9960970551638325,1.0,JPY
CalioTrade,2400,1800000000,0.93722375,1.0,JPY
SHOPUSDT_247,2750,1365019000,0.9765065454545455,1.0,JPY
Fast_trading247,1743,1307250000,1.0,0.9794064318301778,JPY
BBBBBBBBBBBBBBBBBBB,1555,1166250000,0.6566135048231512,1.0,JPY
幣爺,1471,1018740000,0.9831651937457511,0.9828265353569,JPY
BlakApolCrib2Xchange,486,972000000,0.9745658436213992,0.9718542918930041,JPY
