merchant_name,ads_count,total_volume,avg_finish_rate,avg_positive_rate,currency
賣幣的小仙迪,3134,70515000000,0.9422383535417996,0.9605594129770261,JPY
会ABEYARATNE-TRADERS会,2579,6302000000,1.0,1.0,JPY
WiseXpressPay_GlobalTrade,1139,2371500000,0.9818683055311677,0.9811697165583846,JPY
CalioTrade,2446,1834500000,0.9365940310711366,1.0,JPY
VnBoy,2411,1808250000,0.9960970551638325,1.0,JPY
SHOPUSDT_247,2773,1382269000,0.9766433465560764,1.0,JPY
Fast_trading247,1766,1324500000,1.0,0.9794074833465459,JPY
BBBBBBBBBBBBBBBBBBB,1578,1183500000,0.652873257287706,1.0,JPY
幣爺,1471,1018740000,0.9831651937457511,0.9828265353569,JPY
BlakApolCrib2Xchange,489,978000000,0.9745378323108383,0.971854582433538,JPY
