merchant_name,ads_count,total_volume,avg_finish_rate,avg_positive_rate,currency
賣幣的小仙迪,3029,68152500000,0.9422565203037305,0.9605516169428855,JPY
会ABEYARATNE-TRADERS会,2447,5972000000,1.0,1.0,JPY
WiseXpressPay_GlobalTrade,1049,2181000000,0.9823012392755004,0.9812327737273594,JPY
VnBoy,2335,1751250000,0.996328051391863,1.0,JPY
CalioTrade,2314,1735500000,0.9385207433016423,1.0,JPY
SHOPUSDT_247,2670,1325369000,0.9760123595505618,1.0,JPY
Fast_trading247,1700,1275000000,1.0,0.9794043896294118,JPY
BBBBBBBBBBBBBBBBBBB,1528,1146000000,0.6611479057591624,1.0,JPY
幣爺,1471,1018740000,0.9831651937457511,0.9828265353569,JPY
BlakApolCrib2Xchange,471,942000000,0.9747112526539278,0.9718527836730362,JPY
