merchant_name,ads_count,total_volume,avg_finish_rate,avg_positive_rate,currency
賣幣的小仙迪,2243,50467500000,0.9427690592955862,0.9604926097102094,JPY
会ABEYARATNE-TRADERS会,1481,3555000000,1.0,1.0,JPY
WiseXpressPay_GlobalTrade,742,1534500000,0.9834070080862534,0.981134573490566,JPY
VnBoy,1705,1278750000,0.9976434017595308,1.0,JPY
CalioTrade,1472,1104000000,0.9529599184782609,1.0,JPY
幣爺,1471,1018740000,0.9831651937457511,0.9828265353569,JPY
SHOPUSDT_247,1908,963190000,0.9695366876310273,1.0,JPY
Fast_trading247,1215,911250000,1.0,0.97938144,JPY
URAllCryptoDeals,431,862000000,0.9803178654292344,0.9718547067517401,JPY
BBBBBBBBBBBBBBBBBBB,1081,810750000,0.7691341350601295,1.0,JPY
