merchant_name,ads_count,total_volume,avg_finish_rate,avg_positive_rate,currency
賣幣的小仙迪,2299,51727500000,0.9426820356676816,0.9604878134058287,JPY
会ABEYARATNE-TRADERS会,1579,3800000000,1.0,1.0,JPY
WiseXpressPay_GlobalTrade,758,1570500000,0.9833562005277044,0.9811438350527705,JPY
VnBoy,1795,1346250000,0.9974607242339832,1.0,JPY
CalioTrade,1560,1170000000,0.951249358974359,1.0,JPY
幣爺,1471,1018740000,0.9831651937457511,0.9828265353569,JPY
SHOPUSDT_247,1965,980430000,0.9701882951653943,1.0,JPY
Fast_trading247,1264,948000000,1.0,0.97938144,JPY
URAllCryptoDeals,431,862000000,0.9803178654292344,0.9718547067517401,JPY
BBBBBBBBBBBBBBBBBBB,1130,847500000,0.7531274336283186,1.0,JPY
