merchant_name,ads_count,total_volume,avg_finish_rate,avg_positive_rate,currency
賣幣的小仙迪,2836,63810000000,0.9423420310296192,0.9605357813434415,JPY
会ABEYARATNE-TRADERS会,2211,5382000000,1.0,1.0,JPY
WiseXpressPay_GlobalTrade,950,1977000000,0.9825463157894737,0.9812529734315789,JPY
VnBoy,2195,1646250000,0.9967945330296127,1.0,JPY
CalioTrade,2166,1624500000,0.9411879039704525,1.0,JPY
SHOPUSDT_247,2462,1227049000,0.974591389114541,1.0,JPY
Fast_trading247,1582,1186500000,1.0,0.9793982151137801,JPY
BBBBBBBBBBBBBBBBBBB,1414,1060500000,0.6822022630834512,1.0,JPY
幣爺,1471,1018740000,0.9831651937457511,0.9828265353569,JPY
BlakApolCrib2Xchange,471,942000000,0.9747112526539278,0.9718527836730362,JPY
