merchant_name,ads_count,total_volume,avg_finish_rate,avg_positive_rate,currency
賣幣的小仙迪,2132,47970000000,0.9431013133208255,0.9605182568386491,JPY
会ABEYARATNE-TRADERS会,1347,3217000000,1.0,1.0,JPY
WiseXpressPay_GlobalTrade,701,1444500000,0.9835592011412269,0.9811098989871612,JPY
VnBoy,1617,1212750000,0.9978416821273964,1.0,JPY
CalioTrade,1385,1038750000,0.9548859205776173,1.0,JPY
幣爺,1471,1018740000,0.9831651937457511,0.9828265353569,JPY
SHOPUSDT_247,1818,910511000,0.9684790979097909,1.0,JPY
URAllCryptoDeals,431,862000000,0.9803178654292344,0.9718547067517401,JPY
Fast_trading247,1146,859500000,1.0,0.9793814399999999,JPY
BBBBBBBBBBBBBBBBBBB,1023,767250000,0.7900625610948192,1.0,JPY
