merchant_name,ads_count,total_volume,avg_finish_rate,avg_positive_rate,currency
賣幣的小仙迪,3155,70987500000,0.9422367670364501,0.9605609099144214,JPY
会ABEYARATNE-TRADERS会,3273,8045000000,1.0,1.0,JPY
WiseXpressPay_GlobalTrade,1295,2694000000,0.9812084942084942,0.9811105069498068,JPY
CalioTrade,3028,2271000000,0.9319861294583884,1.0,JPY
VnBoy,2933,2199750000,0.9946607569041938,1.0,JPY
Fast_trading247,2121,1590750000,1.0,0.9794208208109383,JPY
SHOPUSDT_247,2958,1480869000,0.9776663286004057,1.0,JPY
BBBBBBBBBBBBBBBBBBB,1881,1410750000,0.6015332270069111,1.0,JPY
BlakApolCrib2Xchange,702,1404000000,0.9728447293447293,0.9718870363675214,JPY
tonyC98,3111,1098130000,0.9515261973641915,0.9786297226936677,JPY
