merchant_name,ads_count,total_volume,avg_finish_rate,avg_positive_rate,currency
賣幣的小仙迪,2729,61402500000,0.9424052766581166,0.960526036907292,JPY
会ABEYARATNE-TRADERS会,2133,5187000000,1.0,1.0,JPY
WiseXpressPay_GlobalTrade,923,1923000000,0.9826208017334778,0.9812386807908993,JPY
VnBoy,2171,1628250000,0.9968696453247352,1.0,JPY
CalioTrade,2088,1566000000,0.942801245210728,1.0,JPY
SHOPUSDT_247,2417,1197199000,0.9742672734795201,1.0,JPY
Fast_trading247,1543,1157250000,1.0,0.9793959667401166,JPY
BBBBBBBBBBBBBBBBBBB,1375,1031250000,0.6902065454545454,1.0,JPY
幣爺,1471,1018740000,0.9831651937457511,0.9828265353569,JPY
BlakApolCrib2Xchange,444,888000000,0.9748761261261261,0.9718498120720721,JPY
