merchant_name,ads_count,total_volume,avg_finish_rate,avg_positive_rate,currency
賣幣的小仙迪,3155,70987500000,0.9422367670364501,0.9605609099144214,JPY
会ABEYARATNE-TRADERS会,2869,7031000000,1.0,1.0,JPY
WiseXpressPay_GlobalTrade,1217,2538000000,0.9815299917830731,0.9811318947740345,JPY
CalioTrade,2704,2028000000,0.9341745562130177,1.0,JPY
VnBoy,2647,1985250000,0.9953804306762373,1.0,JPY
SHOPUSDT_247,2958,1480869000,0.9776663286004057,1.0,JPY
Fast_trading247,1915,1436250000,1.0,0.9794136835091385,JPY
BBBBBBBBBBBBBBBBBBB,1698,1273500000,0.635002355712603,1.0,JPY
BlakApolCrib2Xchange,583,1166000000,0.9731612349914236,0.971864657392796,JPY
幣爺,1471,1018740000,0.9831651937457511,0.9828265353569,JPY
