merchant_name,ads_count,total_volume,avg_finish_rate,avg_positive_rate,currency
賣幣的小仙迪,1878,42255000000,0.9440399361022364,0.960642674739084,JPY
会ABEYARATNE-TRADERS会,1104,2580000000,1.0,1.0,JPY
WiseXpressPay_GlobalTrade,663,1363500000,0.9837058823529412,0.9810855863800906,JPY
VnBoy,1377,1032750000,0.9985112563543936,1.0,JPY
幣爺,1471,1018740000,0.9831651937457511,0.9828265353569,JPY
CalioTrade,1139,854250000,0.9557251975417032,1.0,JPY
SHOPUSDT_247,1554,795946000,0.9643751608751608,1.0,JPY
Fast_trading247,995,746250000,1.0,0.97938144,JPY
BBBBBBBBBBBBBBBBBBB,881,660750000,0.852933030646992,1.0,JPY
URAllCryptoDeals,307,614000000,0.9807361563517916,0.9718471442671011,JPY
