merchant_name,ads_count,total_volume,avg_finish_rate,avg_positive_rate,currency
賣幣的小仙迪,3155,70987500000,0.9422367670364501,0.9605609099144214,JPY
会ABEYARATNE-TRADERS会,2847,6976000000,1.0,1.0,JPY
WiseXpressPay_GlobalTrade,1217,2538000000,0.9815299917830731,0.9811318947740345,JPY
CalioTrade,2682,2011500000,0.9343400447427294,1.0,JPY
VnBoy,2625,1968750000,0.9954422857142857,1.0,JPY
SHOPUSDT_247,2958,1480869000,0.9776663286004057,1.0,JPY
Fast_trading247,1904,1428000000,1.0,0.979413258954832,JPY
BBBBBBBBBBBBBBBBBBB,1687,1265250000,0.6365346769413159,1.0,JPY
BlakApolCrib2Xchange,572,1144000000,0.973298951048951,0.9718628636888111,JPY
幣爺,1471,1018740000,0.9831651937457511,0.9828265353569,JPY
