merchant_name,ads_count,total_volume,avg_finish_rate,avg_positive_rate,currency
賣幣的小仙迪,2446,55035000000,0.9426336876533115,0.9604961549427637,JPY
会ABEYARATNE-TRADERS会,1753,4235000000,1.0,1.0,JPY
WiseXpressPay_GlobalTrade,770,1596000000,0.9832883116883117,0.9811507998051948,JPY
VnBoy,1915,1436250000,0.997243864229765,1.0,JPY
CalioTrade,1704,1278000000,0.9490240610328639,1.0,JPY
SHOPUSDT_247,2107,1044872000,0.9716582819174181,1.0,JPY
幣爺,1471,1018740000,0.9831651937457511,0.9828265353569,JPY
Fast_trading247,1351,1013250000,1.0,0.9793830052109549,JPY
BBBBBBBBBBBBBBBBBBB,1210,907500000,0.7297801652892562,1.0,JPY
URAllCryptoDeals,431,862000000,0.9803178654292344,0.9718547067517401,JPY
