merchant_name,ads_count,total_volume,avg_finish_rate,avg_positive_rate,currency
賣幣的小仙迪,3155,70987500000,0.9422367670364501,0.9605609099144214,JPY
会ABEYARATNE-TRADERS会,3539,8710000000,1.0,1.0,JPY
WiseXpressPay_GlobalTrade,1431,2970000000,0.9810461215932914,0.9810398092382948,JPY
CalioTrade,3276,2457000000,0.930032967032967,1.0,JPY
VnBoy,3075,2306250000,0.9943121951219511,1.0,JPY
Fast_trading247,2254,1690500000,1.0,0.9794247358251996,JPY
BBBBBBBBBBBBBBBBBBB,2014,1510500000,0.5783187686196624,1.0,JPY
BlakApolCrib2Xchange,747,1494000000,0.9730950468540829,0.9718955263453816,JPY
SHOPUSDT_247,2958,1480869000,0.9776663286004057,1.0,JPY
tonyC98,3263,1174130000,0.9513450812136072,0.9784414829420778,JPY
