merchant_name,ads_count,total_volume,avg_finish_rate,avg_positive_rate,currency
賣幣的小仙迪,2961,66622500000,0.9422853765619723,0.9605462730969268,JPY
会ABEYARATNE-TRADERS会,2371,5782000000,1.0,1.0,JPY
WiseXpressPay_GlobalTrade,1047,2176500000,0.9823094555873926,0.9812343271060172,JPY
CalioTrade,2286,1714500000,0.9389890638670166,1.0,JPY
VnBoy,2285,1713750000,0.9964884026258206,1.0,JPY
SHOPUSDT_247,2601,1292319000,0.9755617070357555,1.0,JPY
Fast_trading247,1662,1246500000,1.0,0.9794024969374248,JPY
BBBBBBBBBBBBBBBBBBB,1492,1119000000,0.6674490616621984,1.0,JPY
幣爺,1471,1018740000,0.9831651937457511,0.9828265353569,JPY
BlakApolCrib2Xchange,471,942000000,0.9747112526539278,0.9718527836730362,JPY
