merchant_name,ads_count,total_volume,avg_finish_rate,avg_positive_rate,currency
賣幣的小仙迪,1884,42390000000,0.9440143312101911,0.9606393412208069,JPY
会ABEYARATNE-TRADERS会,1106,2586000000,1.0,1.0,JPY
WiseXpressPay_GlobalTrade,663,1363500000,0.9837058823529412,0.9810855863800906,JPY
VnBoy,1377,1032750000,0.9985112563543936,1.0,JPY
幣爺,1471,1018740000,0.9831651937457511,0.9828265353569,JPY
CalioTrade,1143,857250000,0.9557261592300962,1.0,JPY
SHOPUSDT_247,1556,797446000,0.9644055269922879,1.0,JPY
Fast_trading247,997,747750000,1.0,0.97938144,JPY
BBBBBBBBBBBBBBBBBBB,883,662250000,0.851907134767837,1.0,JPY
URAllCryptoDeals,309,618000000,0.9807313915857605,0.9718473144012945,JPY
