merchant_name,ads_count,total_volume,avg_finish_rate,avg_positive_rate,currency
賣幣的小仙迪,2860,64350000000,0.9423307692307692,0.9605378668986013,JPY
会ABEYARATNE-TRADERS会,2253,5487000000,1.0,1.0,JPY
WiseXpressPay_GlobalTrade,981,2041500000,0.9824658511722731,0.9812686482364933,JPY
CalioTrade,2208,1656000000,0.9403736413043478,1.0,JPY
VnBoy,2205,1653750000,0.9967600907029477,1.0,JPY
SHOPUSDT_247,2503,1244819000,0.9748789452656811,1.0,JPY
Fast_trading247,1603,1202250000,1.0,0.9793993804616344,JPY
BBBBBBBBBBBBBBBBBBB,1433,1074750000,0.6784605722260991,1.0,JPY
幣爺,1471,1018740000,0.9831651937457511,0.9828265353569,JPY
BlakApolCrib2Xchange,471,942000000,0.9747112526539278,0.9718527836730362,JPY
