merchant_name,ads_count,total_volume,avg_finish_rate,avg_positive_rate,currency
賣幣的小仙迪,1986,44685000000,0.943686807653575,0.9605857531520645,JPY
会ABEYARATNE-TRADERS会,1194,2834000000,1.0,1.0,JPY
WiseXpressPay_GlobalTrade,672,1381500000,0.9836696428571428,0.9810915931249999,JPY
VnBoy,1507,1130250000,0.998122096881221,1.0,JPY
幣爺,1471,1018740000,0.9831651937457511,0.9828265353569,JPY
CalioTrade,1287,965250000,0.9567668997668997,1.0,JPY
SHOPUSDT_247,1694,854646000,0.9667420306965762,1.0,JPY
Fast_trading247,1069,801750000,1.0,0.9793814400000002,JPY
URAllCryptoDeals,367,734000000,0.9804877384196186,0.9718514416621253,JPY
BBBBBBBBBBBBBBBBBBB,955,716250000,0.8178366492146597,1.0,JPY
