merchant_name,ads_count,total_volume,avg_finish_rate,avg_positive_rate,currency
賣幣的小仙迪,2448,55080000000,0.9426331699346404,0.9604963903635622,JPY
会ABEYARATNE-TRADERS会,1757,4245000000,1.0,1.0,JPY
WiseXpressPay_GlobalTrade,770,1596000000,0.9832883116883117,0.9811507998051948,JPY
VnBoy,1919,1439250000,0.9972371026576342,1.0,JPY
CalioTrade,1708,1281000000,0.9489724824355972,1.0,JPY
SHOPUSDT_247,2111,1046872000,0.9716968261487446,1.0,JPY
幣爺,1471,1018740000,0.9831651937457511,0.9828265353569,JPY
Fast_trading247,1353,1014750000,1.0,0.9793831591869918,JPY
BBBBBBBBBBBBBBBBBBB,1212,909000000,0.7292359735973598,1.0,JPY
URAllCryptoDeals,431,862000000,0.9803178654292344,0.9718547067517401,JPY
