merchant_name,ads_count,total_volume,avg_finish_rate,avg_positive_rate,currency
賣幣的小仙迪,3155,70987500000,0.9422367670364501,0.9605609099144214,JPY
会ABEYARATNE-TRADERS会,3257,8005000000,1.0,1.0,JPY
WiseXpressPay_GlobalTrade,1283,2670000000,0.9812478565861263,0.9811129607950118,JPY
CalioTrade,3012,2259000000,0.9320710491367863,1.0,JPY
VnBoy,2917,2187750000,0.9946972917380871,1.0,JPY
Fast_trading247,2113,1584750000,1.0,0.9794205696071935,JPY
SHOPUSDT_247,2958,1480869000,0.9776663286004057,1.0,JPY
BBBBBBBBBBBBBBBBBBB,1873,1404750000,0.6030347036839295,1.0,JPY
BlakApolCrib2Xchange,694,1388000000,0.9727968299711816,0.9718854117723343,JPY
tonyC98,3096,1090630000,0.951562661498708,0.9786508426970285,JPY
