merchant_name,ads_count,total_volume,avg_finish_rate,avg_positive_rate,currency
賣幣的小仙迪,2627,59107500000,0.9424986676817663,0.9605160087933003,JPY
会ABEYARATNE-TRADERS会,1977,4797000000,1.0,1.0,JPY
WiseXpressPay_GlobalTrade,841,1750500000,0.9829120095124851,0.9811929480499406,JPY
VnBoy,2043,1532250000,0.9970592266275086,1.0,JPY
CalioTrade,1932,1449000000,0.9464404761904761,1.0,JPY
SHOPUSDT_247,2289,1134890000,0.9732756662297947,1.0,JPY
Fast_trading247,1465,1098750000,1.0,0.9793911108668942,JPY
幣爺,1471,1018740000,0.9831651937457511,0.9828265353569,JPY
BBBBBBBBBBBBBBBBBBB,1307,980250000,0.7053052792654936,1.0,JPY
URAllCryptoDeals,431,862000000,0.9803178654292344,0.9718547067517401,JPY
