merchant_name,ads_count,total_volume,avg_finish_rate,avg_positive_rate,currency
賣幣的小仙迪,2243,50467500000,0.9427690592955862,0.9604926097102094,JPY
会ABEYARATNE-TRADERS会,1485,3565000000,1.0,1.0,JPY
WiseXpressPay_GlobalTrade,746,1543500000,0.9833941018766755,0.9811368560991958,JPY
VnBoy,1709,1281750000,0.997634874195436,1.0,JPY
CalioTrade,1476,1107000000,0.9528760162601626,1.0,JPY
幣爺,1471,1018740000,0.9831651937457511,0.9828265353569,JPY
SHOPUSDT_247,1912,964830000,0.9695836820083682,1.0,JPY
Fast_trading247,1217,912750000,1.0,0.97938144,JPY
URAllCryptoDeals,431,862000000,0.9803178654292344,0.9718547067517401,JPY
BBBBBBBBBBBBBBBBBBB,1083,812250000,0.7684524469067405,1.0,JPY
