merchant_name,ads_count,total_volume,avg_finish_rate,avg_positive_rate,currency
賣幣的小仙迪,3155,70987500000,0.9422367670364501,0.9605609099144214,JPY
会ABEYARATNE-TRADERS会,3283,8070000000,1.0,1.0,JPY
WiseXpressPay_GlobalTrade,1304,2712000000,0.9811817484662577,0.9811087563880367,JPY
CalioTrade,3038,2278500000,0.9319368005266623,1.0,JPY
VnBoy,2939,2204250000,0.9946471588975843,1.0,JPY
Fast_trading247,2126,1594500000,1.0,0.9794209768532456,JPY
SHOPUSDT_247,2958,1480869000,0.9776663286004057,1.0,JPY
BBBBBBBBBBBBBBBBBBB,1886,1414500000,0.6006012725344644,1.0,JPY
BlakApolCrib2Xchange,704,1408000000,0.972856534090909,0.9718874367471592,JPY
tonyC98,3116,1100630000,0.9515157252888318,0.9786228697528884,JPY
