merchant_name,ads_count,total_volume,avg_finish_rate,avg_positive_rate,currency
El Conde de Monte-Cristo,2615,807887000,0.9959441682600382,0.9990494095525813,MXN
Fiatcoin Network,1107,667720000,1.0,0.9930363327371274,MXN
redcripto,1890,439903369,0.9965518518518518,0.999601090021164,MXN
Powercript,1093,393480000,0.9502671546203111,0.864969028810613,MXN
TEZER_EUROPE,1048,377280000,0.9873082061068703,0.9610544754675572,MXN
ARCITGEN,1380,348883500,1.0,1.0,MXN
Crypto_Cambio_Latam,938,337680000,0.9991396588486141,0.9932062268336888,MXN
Luis20211,901,324360000,0.9745460599334074,0.9975716924084351,MXN
MRDBz,1017,305100000,0.8645870206489675,0.9884780908259587,MXN
P2P_RECOMENDADO,864,283950000,0.9965115740740741,0.9889887234027778,MXN
