merchant_name,ads_count,total_volume,avg_finish_rate,avg_positive_rate,currency
El Conde de Monte-Cristo,2571,796322000,0.9959603267211202,0.9990491506106574,MXN
Fiatcoin Network,1061,651160000,1.0,0.9930330828840717,MXN
redcripto,1870,437384872,0.9965470588235293,0.9996010193368984,MXN
Powercript,1072,385920000,0.9504794776119403,0.864976374869403,MXN
TEZER_EUROPE,1004,361440000,0.9874970119521912,0.961169840249004,MXN
ARCITGEN,1336,337828500,1.0,1.0,MXN
Crypto_Cambio_Latam,920,331200000,0.9991228260869565,0.993233830402174,MXN
Luis20211,882,317520000,0.9746281179138322,0.9975716090929706,MXN
MRDBz,1017,305100000,0.8645870206489675,0.9884780908259587,MXN
P2P_RECOMENDADO,854,280350000,0.996552693208431,0.9889883850117096,MXN
