merchant_name,ads_count,total_volume,avg_finish_rate,avg_positive_rate,currency
El Conde de Monte-Cristo,4287,1288112000,0.9954387683694891,0.9989848951224632,MXN
Fiatcoin Network,1558,830080000,1.0,0.9930697387933248,MXN
redcripto,3210,791582089,0.9964292834890965,0.999604498105919,MXN
TEZER_EUROPE,1965,707400000,0.9854081424936387,0.9593017939338422,MXN
Powercript,1645,592200000,0.9453848024316109,0.8648313720607902,MXN
ARCITGEN,1925,492474000,1.0,1.0,MXN
MRDBz,1632,489600000,0.8710723039215685,0.9884294381066175,MXN
Luis20211,1472,474327000,0.9736542119565218,0.9975745608288044,MXN
Crypto_Cambio_Latam,1206,434160000,0.9991915422885573,0.992899274411277,MXN
P2P_RECOMENDADO,1152,369000000,0.9951796874999999,0.988999605763889,MXN
