merchant_name,ads_count,total_volume,avg_finish_rate,avg_positive_rate,currency
El Conde de Monte-Cristo,3472,1062827000,0.9957111175115207,0.9990543645190092,MXN
Fiatcoin Network,1386,768160000,1.0,0.9930581042424244,MXN
redcripto,2707,651928031,0.9965090506095309,0.9996033357443666,MXN
TEZER_EUROPE,1554,559440000,0.986021879021879,0.9600169694787645,MXN
Powercript,1422,511920000,0.9472819971870604,0.8648744499718706,MXN
ARCITGEN,1841,468339000,1.0,1.0,MXN
Luis20211,1261,439083000,0.973806502775575,0.9975735634099921,MXN
Crypto_Cambio_Latam,1155,415800000,0.9992,0.9929449436969697,MXN
MRDBz,1376,412800000,0.8694411337209301,0.9884499482340116,MXN
P2P_RECOMENDADO,1038,336000000,0.9957485549132948,0.9889953791714837,MXN
