merchant_name,ads_count,total_volume,avg_finish_rate,avg_positive_rate,currency
El Conde de Monte-Cristo,4341,1304702000,0.9954333102971666,0.9989860995784381,MXN
Fiatcoin Network,1607,872920000,1.0,0.9930727599191039,MXN
redcripto,3231,793595343,0.9964264933457134,0.9996045423429278,MXN
TEZER_EUROPE,1965,707400000,0.9854081424936387,0.9593017939338422,MXN
Powercript,1654,595440000,0.9453192261185006,0.8648298157738815,MXN
ARCITGEN,1984,506584000,1.0,1.0,MXN
MRDBz,1633,489900000,0.8710753214941824,0.9884293720820575,MXN
Luis20211,1484,477081000,0.9736597035040432,0.9975746131401617,MXN
Crypto_Cambio_Latam,1244,447840000,0.9991808681672025,0.9928680550160771,MXN
P2P_RECOMENDADO,1152,369000000,0.9951796874999999,0.988999605763889,MXN
