merchant_name,ads_count,total_volume,avg_finish_rate,avg_positive_rate,currency
El Conde de Monte-Cristo,3884,1176947000,0.9955339855818743,0.9990298172863027,MXN
Fiatcoin Network,1465,796600000,1.0,0.9930636990921502,MXN
redcripto,2973,722312109,0.9964635048772283,0.9996039668146653,MXN
TEZER_EUROPE,1791,644760000,0.9856800670016751,0.9595751473422669,MXN
Powercript,1529,550440000,0.9463263570961412,0.8648477586396338,MXN
ARCITGEN,1889,481494000,1.0,1.0,MXN
Luis20211,1377,460485000,0.9736303558460422,0.9975741275453885,MXN
MRDBz,1510,453000000,0.8706112582781457,0.9884382277682119,MXN
Crypto_Cambio_Latam,1187,427320000,0.999194608256108,0.9929156707919125,MXN
P2P_RECOMENDADO,1061,342720000,0.9956239396795475,0.9889963050424128,MXN
