merchant_name,ads_count,total_volume,avg_finish_rate,avg_positive_rate,currency
El Conde de Monte-Cristo,2386,740267000,0.9960347862531435,0.9990479573847443,MXN
Fiatcoin Network,1011,633160000,1.0,0.993029264777448,MXN
redcripto,1828,426489172,0.9965366520787746,0.9996008756236323,MXN
Powercript,1042,375120000,0.9507533589251439,0.8649873828790787,MXN
TEZER_EUROPE,951,342360000,0.9877507886435332,0.961325240683491,MXN
ARCITGEN,1299,325663500,1.0,1.0,MXN
Crypto_Cambio_Latam,886,318960000,0.999089164785553,0.9932568071444695,MXN
Luis20211,848,305280000,0.9748431603773585,0.9975714667216982,MXN
MRDBz,954,286200000,0.8637620545073376,0.9884763260587002,MXN
P2P_RECOMENDADO,850,278910000,0.9965694117647058,0.9889882644705882,MXN
