merchant_name,ads_count,total_volume,avg_finish_rate,avg_positive_rate,currency
El Conde de Monte-Cristo,3145,959927000,0.9957850556438792,0.9990524655007949,MXN
Fiatcoin Network,1222,709120000,1.0,0.9930453213584288,MXN
redcripto,2456,600280615,0.9965610749185668,0.9996027476547231,MXN
TEZER_EUROPE,1380,496800000,0.9862826086956521,0.960373967557971,MXN
Powercript,1289,464040000,0.9483816912335143,0.8649176099922421,MXN
ARCITGEN,1626,417688500,1.0,1.0,MXN
Luis20211,1115,401400000,0.9743381165919281,0.9975727756502242,MXN
MRDBz,1324,397200000,0.868952416918429,0.988455320581571,MXN
Crypto_Cambio_Latam,1058,380880000,0.999218336483932,0.9930479474196596,MXN
P2P_RECOMENDADO,987,319450000,0.9959939209726444,0.9889934006889565,MXN
