merchant_name,ads_count,total_volume,avg_finish_rate,avg_positive_rate,currency
El Conde de Monte-Cristo,3487,1066802000,0.9957037568110123,0.9990544455864641,MXN
Fiatcoin Network,1392,770320000,1.0,0.9930585234913794,MXN
redcripto,2712,652046562,0.9965081120943954,0.9996033479019174,MXN
TEZER_EUROPE,1564,563040000,0.9860089514066496,0.9599966781138108,MXN
Powercript,1428,514080000,0.9472261904761904,0.8648721379131652,MXN
ARCITGEN,1841,468339000,1.0,1.0,MXN
Luis20211,1266,439578000,0.9737954186413902,0.9975735898183253,MXN
Crypto_Cambio_Latam,1155,415800000,0.9992,0.9929449436969697,MXN
MRDBz,1376,412800000,0.8694411337209301,0.9884499482340116,MXN
P2P_RECOMENDADO,1038,336000000,0.9957485549132948,0.9889953791714837,MXN
