merchant_name,ads_count,total_volume,avg_finish_rate,avg_positive_rate,currency
El Conde de Monte-Cristo,5193,1546597000,0.9952482187560177,0.9990022157827845,MXN
Fiatcoin Network,1968,1078480000,1.0,0.9930918651270325,MXN
redcripto,3772,923555215,0.996365323435843,0.9996056113600211,MXN
Powercript,1992,717120000,0.9434467871485944,0.8647570016967872,MXN
TEZER_EUROPE,1965,707400000,0.9854081424936387,0.9593017939338422,MXN
ARCITGEN,2320,597664000,1.0,1.0,MXN
MRDBz,1855,556500000,0.8727654986522911,0.9884053685552561,MXN
Luis20211,1710,532080000,0.9736988304093567,0.9975755754795322,MXN
Crypto_Cambio_Latam,1349,485640000,0.9990889547813194,0.992780240652335,MXN
Ave_Ce,1514,428540856,1.0,0.9974245105151915,MXN
