merchant_name,ads_count,total_volume,avg_finish_rate,avg_positive_rate,currency
El Conde de Monte-Cristo,5409,1608622000,0.9951976335736735,0.9990056062432981,MXN
Fiatcoin Network,2053,1134280000,1.0,0.9930960071797369,MXN
redcripto,3849,941534515,0.996358015068849,0.9996057487789036,MXN
Powercript,2046,736560000,0.9430293255131964,0.8647454931915933,MXN
TEZER_EUROPE,1965,707400000,0.9854081424936387,0.9593017939338422,MXN
ARCITGEN,2395,619504000,1.0,1.0,MXN
MRDBz,1906,571800000,0.8731631689401889,0.9884009169622245,MXN
Luis20211,1781,542241000,0.9736030320044918,0.9975758619034251,MXN
Crypto_Cambio_Latam,1393,501480000,0.9990545585068198,0.9926984345872217,MXN
Ave_Ce,1553,441530856,1.0,0.9974251247585318,MXN
