merchant_name,ads_count,total_volume,avg_finish_rate,avg_positive_rate,currency
El Conde de Monte-Cristo,3876,1174637000,0.9955371517027863,0.9990311447368421,MXN
Fiatcoin Network,1465,796600000,1.0,0.9930636990921502,MXN
redcripto,2967,720152109,0.9964644421975059,0.9996039527131783,MXN
TEZER_EUROPE,1787,643320000,0.9856860660324567,0.9595817425909345,MXN
Powercript,1525,549000000,0.9463613114754098,0.864848368157377,MXN
ARCITGEN,1889,481494000,1.0,1.0,MXN
Luis20211,1375,460287000,0.9736298181818182,0.9975741180727273,MXN
MRDBz,1506,451800000,0.8705889774236387,0.9884385439110226,MXN
Crypto_Cambio_Latam,1187,427320000,0.999194608256108,0.9929156707919125,MXN
P2P_RECOMENDADO,1057,341620000,0.9956452223273414,0.9889961469157995,MXN
