merchant_name,ads_count,total_volume,avg_finish_rate,avg_positive_rate,currency
El Conde de Monte-Cristo,4181,1258217000,0.9954498923702463,0.9989824427529299,MXN
Fiatcoin Network,1554,828640000,1.0,0.9930694882882883,MXN
redcripto,3123,767908803,0.9964412423951329,0.9996043094908741,MXN
TEZER_EUROPE,1940,698400000,0.9854520618556701,0.9593396274948454,MXN
Powercript,1636,588960000,0.94545293398533,0.8648325602811736,MXN
ARCITGEN,1909,486714000,1.0,1.0,MXN
MRDBz,1585,475500000,0.8709160883280758,0.9884326520315457,MXN
Luis20211,1443,471456000,0.9736472626472626,0.9975744308177409,MXN
Crypto_Cambio_Latam,1199,431640000,0.9991926605504586,0.9929052411926604,MXN
P2P_RECOMENDADO,1114,358300000,0.9953563734290843,0.9889982930161579,MXN
