merchant_name,ads_count,total_volume,avg_finish_rate,avg_positive_rate,currency
El Conde de Monte-Cristo,3174,969797000,0.9957778827977316,0.9990526431159421,MXN
Fiatcoin Network,1250,719200000,1.0,0.9930476287519999,MXN
redcripto,2487,609082815,0.9965540812223562,0.9996028232207479,MXN
TEZER_EUROPE,1406,506160000,0.9862403982930299,0.9603233288691323,MXN
Powercript,1304,469440000,0.9482822085889571,0.8649121609815951,MXN
ARCITGEN,1673,429903500,1.0,1.0,MXN
Luis20211,1123,404280000,0.9743268032056989,0.9975728177827249,MXN
MRDBz,1330,399000000,0.8690067669172933,0.9884546792556391,MXN
Crypto_Cambio_Latam,1082,389520000,0.9992134935304989,0.9930205045194086,MXN
P2P_RECOMENDADO,988,319810000,0.9959888663967612,0.988993436791498,MXN
