merchant_name,ads_count,total_volume,avg_finish_rate,avg_positive_rate,currency
El Conde de Monte-Cristo,2878,880337000,0.9958578874218208,0.9990508730298819,MXN
Fiatcoin Network,1198,700480000,1.0,0.9930432930550919,MXN
redcripto,2207,530086715,0.9966162211146353,0.9996020942637064,MXN
TEZER_EUROPE,1237,445320000,0.986649959579628,0.9606531223120452,MXN
Powercript,1187,427320000,0.9492131423757371,0.8649405045577085,MXN
ARCITGEN,1515,383338500,1.0,1.0,MXN
Crypto_Cambio_Latam,1038,373680000,0.9992225433526012,0.9930717859055876,MXN
Luis20211,1035,372600000,0.9744067632850241,0.9975723359516908,MXN
MRDBz,1170,351000000,0.8669760683760683,0.9884689499487179,MXN
P2P_RECOMENDADO,969,314100000,0.9960835913312694,0.9889927691640866,MXN
