merchant_name,ads_count,total_volume,avg_finish_rate,avg_positive_rate,currency
El Conde de Monte-Cristo,2931,895427000,0.9958423746161719,0.9990511675400887,MXN
Fiatcoin Network,1204,702640000,1.0,0.9930437813621262,MXN
redcripto,2277,546706715,0.9966051822573562,0.9996022881159421,MXN
TEZER_EUROPE,1275,459000000,0.9865411764705881,0.9605764587294118,MXN
Powercript,1191,428760000,0.9491754827875734,0.8649394577581865,MXN
ARCITGEN,1557,394498500,1.0,1.0,MXN
Luis20211,1047,376920000,0.9743906399235912,0.9975723952531041,MXN
Crypto_Cambio_Latam,1046,376560000,0.9992208413001912,0.9930621411185468,MXN
MRDBz,1213,363900000,0.8676026380873867,0.9884669810469908,MXN
P2P_RECOMENDADO,971,314650000,0.9960751802265705,0.9889928377342946,MXN
