merchant_name,ads_count,total_volume,avg_finish_rate,avg_positive_rate,currency
El Conde de Monte-Cristo,3172,969077000,0.9957783732660782,0.9990526306904162,MXN
Fiatcoin Network,1246,717760000,1.0,0.9930473054735152,MXN
redcripto,2486,608922015,0.9965543041029767,0.9996028207522124,MXN
TEZER_EUROPE,1402,504720000,0.9862467902995721,0.9603309914336662,MXN
Powercript,1304,469440000,0.9482822085889571,0.8649121609815951,MXN
ARCITGEN,1667,428403500,1.0,1.0,MXN
Luis20211,1121,403560000,0.9743363068688671,0.9975728073059767,MXN
MRDBz,1330,399000000,0.8690067669172933,0.9884546792556391,MXN
Crypto_Cambio_Latam,1078,388080000,0.9992142857142857,0.9930249934786641,MXN
P2P_RECOMENDADO,988,319810000,0.9959888663967612,0.988993436791498,MXN
