merchant_name,ads_count,total_volume,avg_finish_rate,avg_positive_rate,currency
El Conde de Monte-Cristo,4910,1465207000,0.9953230142566192,0.9989973434439919,MXN
Fiatcoin Network,1885,1008280000,1.0,0.9930879881432361,MXN
redcripto,3553,870291363,0.9963878412609063,0.9996051955108359,MXN
TEZER_EUROPE,1965,707400000,0.9854081424936387,0.9593017939338422,MXN
Powercript,1899,683640000,0.9440737230121117,0.8647815780094786,MXN
ARCITGEN,2227,571479000,1.0,1.0,MXN
MRDBz,1781,534300000,0.8722481751824818,0.988412495367771,MXN
Luis20211,1596,500175000,0.9737700501253133,0.997575101566416,MXN
Crypto_Cambio_Latam,1282,461520000,0.9991458658346334,0.992838806450858,MXN
Ave_Ce,1449,407356976,1.0,0.9974235021187025,MXN
