merchant_name,ads_count,total_volume,avg_finish_rate,avg_positive_rate,currency
El Conde de Monte-Cristo,5013,1492052000,0.9952958308398164,0.9989991804428486,MXN
Fiatcoin Network,1885,1008280000,1.0,0.9930879881432361,MXN
redcripto,3697,904645531,0.996372734649716,0.9996054738571816,MXN
TEZER_EUROPE,1965,707400000,0.9854081424936387,0.9593017939338422,MXN
Powercript,1907,686520000,0.9440272679601468,0.8647794594231778,MXN
ARCITGEN,2227,571479000,1.0,1.0,MXN
MRDBz,1809,542700000,0.8724505251520176,0.988409714941957,MXN
Luis20211,1619,508194000,0.9738017294626313,0.997575197831995,MXN
Crypto_Cambio_Latam,1282,461520000,0.9991458658346334,0.992838806450858,MXN
Ave_Ce,1449,407356976,1.0,0.9974235021187025,MXN
