merchant_name,ads_count,total_volume,avg_finish_rate,avg_positive_rate,currency
El Conde de Monte-Cristo,2004,625607000,0.9961986027944112,0.9990450597355289,MXN
Fiatcoin Network,904,594640000,1.0,0.9930211802323008,MXN
redcripto,1617,382728072,0.9964761904761904,0.9996001598206555,MXN
Powercript,891,320760000,0.9522255892255892,0.8650732377665544,MXN
TEZER_EUROPE,855,307800000,0.988085380116959,0.9616328077543859,MXN
Crypto_Cambio_Latam,771,277560000,0.999,0.9933454522568094,MXN
ARCITGEN,1057,260723000,1.0,1.0,MXN
MRDBz,856,256800000,0.863357476635514,0.9884740828621496,MXN
Luis20211,697,250920000,0.976048780487805,0.9975707936154949,MXN
P2P_RECOMENDADO,763,247830000,0.9969764089121887,0.9889853814678898,MXN
