merchant_name,ads_count,total_volume,avg_finish_rate,avg_positive_rate,currency
El Conde de Monte-Cristo,5104,1518422000,0.9952727272727273,0.9990007417339342,MXN
Fiatcoin Network,1914,1043920000,1.0,0.9930893627168234,MXN
redcripto,3760,921010415,0.9963664893617021,0.9996055895345746,MXN
TEZER_EUROPE,1965,707400000,0.9854081424936387,0.9593017939338422,MXN
Powercript,1922,691920000,0.9439412070759625,0.8647755346097814,MXN
ARCITGEN,2260,581379000,1.0,1.0,MXN
MRDBz,1849,554700000,0.8727220118983234,0.9884059165332613,MXN
Luis20211,1667,520515000,0.9737684463107378,0.9975753994541091,MXN
Crypto_Cambio_Latam,1304,469440000,0.9991265337423314,0.9928227075383436,MXN
Ave_Ce,1480,416510856,1.0,0.9974239724864864,MXN
