merchant_name,ads_count,total_volume,avg_finish_rate,avg_positive_rate,currency
El Conde de Monte-Cristo,2593,803102000,0.9959521789433089,0.9990492811801003,MXN
Fiatcoin Network,1085,659800000,1.0,0.9930347968847926,MXN
redcripto,1876,437658958,0.9965485074626866,0.9996010403198293,MXN
Powercript,1082,389520000,0.9503826247689463,0.8649728411829944,MXN
TEZER_EUROPE,1026,369360000,0.9874005847953217,0.9611108832846004,MXN
ARCITGEN,1366,344833500,1.0,1.0,MXN
Crypto_Cambio_Latam,932,335520000,0.9991341201716738,0.9932152427575107,MXN
Luis20211,894,321840000,0.974565995525727,0.9975716621252796,MXN
MRDBz,1017,305100000,0.8645870206489675,0.9884780908259587,MXN
P2P_RECOMENDADO,864,283950000,0.9965115740740741,0.9889887234027778,MXN
