merchant_name,ads_count,total_volume,avg_finish_rate,avg_positive_rate,currency
El Conde de Monte-Cristo,2605,805712000,0.9959477927063339,0.9990493514702494,MXN
Fiatcoin Network,1097,664120000,1.0,0.9930356257611668,MXN
redcripto,1883,438922682,0.9965501858736059,0.9996010651938396,MXN
Powercript,1088,391680000,0.9503207720588234,0.8649707521507353,MXN
TEZER_EUROPE,1038,373680000,0.9873497109826589,0.9610798189691715,MXN
ARCITGEN,1380,348883500,1.0,1.0,MXN
Crypto_Cambio_Latam,934,336240000,0.9991359743040685,0.9932122032655246,MXN
Luis20211,900,324000000,0.9745477777777777,0.9975716881111112,MXN
MRDBz,1017,305100000,0.8645870206489675,0.9884780908259587,MXN
P2P_RECOMENDADO,864,283950000,0.9965115740740741,0.9889887234027778,MXN
