merchant_name,ads_count,total_volume,avg_finish_rate,avg_positive_rate,currency
El Conde de Monte-Cristo,2905,887492000,0.9958499139414801,0.9990510244061963,MXN
Fiatcoin Network,1199,700840000,1.0,0.9930433747789824,MXN
redcripto,2254,538946715,0.9966113575865129,0.9996022257497782,MXN
TEZER_EUROPE,1253,451080000,0.9866033519553072,0.9606217288587391,MXN
Powercript,1187,427320000,0.9492131423757371,0.8649405045577085,MXN
ARCITGEN,1515,383338500,1.0,1.0,MXN
Luis20211,1044,375840000,0.9743946360153257,0.9975723805555555,MXN
Crypto_Cambio_Latam,1038,373680000,0.9992225433526012,0.9930717859055876,MXN
MRDBz,1189,356700000,0.8672481076534903,0.9884680385618165,MXN
P2P_RECOMENDADO,971,314650000,0.9960751802265705,0.9889928377342946,MXN
