merchant_name,ads_count,total_volume,avg_finish_rate,avg_positive_rate,currency
El Conde de Monte-Cristo,3561,1087172000,0.9956683515866329,0.9990548355237293,MXN
Fiatcoin Network,1404,774640000,1.0,0.9930593512393162,MXN
redcripto,2796,674026361,0.9964928469241774,0.9996035480793992,MXN
TEZER_EUROPE,1608,578880000,0.9859539800995025,0.9599103943843283,MXN
Powercript,1441,518760000,0.9471124219292159,0.8648671945038168,MXN
ARCITGEN,1841,468339000,1.0,1.0,MXN
Luis20211,1288,441756000,0.9737476708074534,0.9975737035791925,MXN
MRDBz,1395,418500000,0.8696752688172043,0.9884481346093189,MXN
Crypto_Cambio_Latam,1160,417600000,0.9991991379310344,0.9929402147155172,MXN
P2P_RECOMENDADO,1038,336000000,0.9957485549132948,0.9889953791714837,MXN
