merchant_name,ads_count,total_volume,avg_finish_rate,avg_positive_rate,currency
El Conde de Monte-Cristo,4020,1214507000,0.9954820895522388,0.9990007645870647,MXN
Fiatcoin Network,1504,810640000,1.0,0.9930663189095745,MXN
redcripto,3026,739341217,0.9964553866490417,0.9996040889491077,MXN
TEZER_EUROPE,1871,673560000,0.985565473009086,0.9594486639711385,MXN
Powercript,1568,564480000,0.9459923469387755,0.8648419788137754,MXN
ARCITGEN,1909,486714000,1.0,1.0,MXN
MRDBz,1552,465600000,0.8708292525773196,0.9884350386211339,MXN
Luis20211,1417,464445000,0.9736407904022583,0.9975743113832041,MXN
Crypto_Cambio_Latam,1189,428040000,0.9991942809083263,0.9929139117325484,MXN
P2P_RECOMENDADO,1091,351450000,0.9954692942254812,0.9889974540329972,MXN
