merchant_name,ads_count,total_volume,avg_finish_rate,avg_positive_rate,currency
El Conde de Monte-Cristo,3733,1135697000,0.9955920171443879,0.9990537996142512,MXN
Fiatcoin Network,1439,787240000,1.0,0.9930618736553162,MXN
redcripto,2879,688472109,0.9964786384161167,0.9996037395901355,MXN
TEZER_EUROPE,1707,614520000,0.9858119507908611,0.9597201384944346,MXN
Powercript,1468,528480000,0.9468869209809264,0.8648575566076295,MXN
ARCITGEN,1889,481494000,1.0,1.0,MXN
Luis20211,1336,446508000,0.9736489520958085,0.99757393877994,MXN
MRDBz,1436,430800000,0.8701149025069638,0.9884444154387187,MXN
Crypto_Cambio_Latam,1187,427320000,0.999194608256108,0.9929156707919125,MXN
P2P_RECOMENDADO,1038,336000000,0.9957485549132948,0.9889953791714837,MXN
