merchant_name,ads_count,total_volume,avg_finish_rate,avg_positive_rate,currency
El Conde de Monte-Cristo,3261,996272000,0.9957571297148115,0.9990531688745784,MXN
Fiatcoin Network,1294,735040000,1.0,0.9930511889026276,MXN
redcripto,2559,626430565,0.9965384915982806,0.9996029968620554,MXN
TEZER_EUROPE,1444,519840000,0.9861814404432133,0.9602504644113573,MXN
Powercript,1355,487800000,0.9478531365313653,0.8648982223321033,MXN
ARCITGEN,1752,447618500,1.0,1.0,MXN
Luis20211,1188,427680000,0.974020202020202,0.997573158442761,MXN
MRDBz,1344,403200000,0.869142113095238,0.9884532050967262,MXN
Crypto_Cambio_Latam,1112,400320000,0.9992077338129496,0.9929880275089928,MXN
P2P_RECOMENDADO,1018,330250000,0.9958418467583497,0.9889946050294695,MXN
