merchant_name,ads_count,total_volume,avg_finish_rate,avg_positive_rate,currency
El Conde de Monte-Cristo,4938,1472172000,0.9953155123531795,0.9989978504070474,MXN
Fiatcoin Network,1885,1008280000,1.0,0.9930879881432361,MXN
redcripto,3587,880388963,0.9963841650404238,0.9996052630192361,MXN
TEZER_EUROPE,1965,707400000,0.9854081424936387,0.9593017939338422,MXN
Powercript,1907,686520000,0.9440272679601468,0.8647794594231778,MXN
ARCITGEN,2227,571479000,1.0,1.0,MXN
MRDBz,1793,537900000,0.872340211935304,0.988411293123257,MXN
Luis20211,1603,502695000,0.9737797878976918,0.9975751308608859,MXN
Crypto_Cambio_Latam,1282,461520000,0.9991458658346334,0.992838806450858,MXN
Ave_Ce,1449,407356976,1.0,0.9974235021187025,MXN
