merchant_name,ads_count,total_volume,avg_finish_rate,avg_positive_rate,currency
El Conde de Monte-Cristo,2559,792002000,0.9959648300117233,0.999049078444705,MXN
Fiatcoin Network,1047,646120000,1.0,0.9930320467621776,MXN
redcripto,1865,437203372,0.9965458445040214,0.9996010022412869,MXN
Powercript,1068,384480000,0.9505159176029963,0.8649778068726591,MXN
TEZER_EUROPE,990,356400000,0.987560606060606,0.961209090050505,MXN
ARCITGEN,1324,334663500,1.0,1.0,MXN
Crypto_Cambio_Latam,913,328680000,0.9991161007667032,0.9932399675684556,MXN
Luis20211,878,316080000,0.9746492027334851,0.9975715929157175,MXN
MRDBz,1017,305100000,0.8645870206489675,0.9884780908259587,MXN
P2P_RECOMENDADO,850,278910000,0.9965694117647058,0.9889882644705882,MXN
