merchant_name,ads_count,total_volume,avg_finish_rate,avg_positive_rate,currency
El Conde de Monte-Cristo,4260,1280957000,0.9954415492957747,0.9989842814436619,MXN
Fiatcoin Network,1554,828640000,1.0,0.9930694882882883,MXN
redcripto,3174,782446634,0.9964341524889728,0.9996044210712035,MXN
TEZER_EUROPE,1965,707400000,0.9854081424936387,0.9593017939338422,MXN
Powercript,1636,588960000,0.94545293398533,0.8648325602811736,MXN
MRDBz,1625,487500000,0.8710473846153847,0.9884299025538462,MXN
ARCITGEN,1909,486714000,1.0,1.0,MXN
Luis20211,1463,473436000,0.9736520847573479,0.9975745210321257,MXN
Crypto_Cambio_Latam,1199,431640000,0.9991926605504586,0.9929052411926604,MXN
P2P_RECOMENDADO,1148,367800000,0.9951977351916377,0.9889994716724739,MXN
