merchant_name,ads_count,total_volume,avg_finish_rate,avg_positive_rate,currency
El Conde de Monte-Cristo,1996,622987000,0.9961993987975952,0.9990449957264529,MXN
Fiatcoin Network,904,594640000,1.0,0.9930211802323008,MXN
redcripto,1611,382035972,0.9964742396027312,0.999600139255121,MXN
Powercript,887,319320000,0.952271702367531,0.8650761842277339,MXN
TEZER_EUROPE,847,304920000,0.9881050767414403,0.9616530867178277,MXN
Crypto_Cambio_Latam,759,273240000,0.999,0.9933569231225297,MXN
MRDBz,856,256800000,0.863357476635514,0.9884740828621496,MXN
ARCITGEN,1034,254423000,1.0,1.0,MXN
Luis20211,697,250920000,0.976048780487805,0.9975707936154949,MXN
P2P_RECOMENDADO,757,245670000,0.9970079260237781,0.9889852184676354,MXN
