merchant_name,ads_count,total_volume,avg_finish_rate,avg_positive_rate,currency
El Conde de Monte-Cristo,4667,1398692000,0.9953494750374974,0.9989927887700879,MXN
Fiatcoin Network,1771,967240000,1.0,0.9930821483399209,MXN
redcripto,3416,841090937,0.9964033957845433,0.9996049283811476,MXN
TEZER_EUROPE,1965,707400000,0.9854081424936387,0.9593017939338422,MXN
Powercript,1788,643680000,0.9446532438478747,0.8648016621868009,MXN
ARCITGEN,2155,550039000,1.0,1.0,MXN
MRDBz,1696,508800000,0.8715017688679245,0.988421678879717,MXN
Luis20211,1521,481527000,0.9736923076923076,0.9975747759040106,MXN
Crypto_Cambio_Latam,1266,455760000,0.9991603475513428,0.9928508661848341,MXN
P2P_RECOMENDADO,1195,381600000,0.9949573221757322,0.9890009905523013,MXN
