merchant_name,ads_count,total_volume,avg_finish_rate,avg_positive_rate,currency
El Conde de Monte-Cristo,2818,864437000,0.9958761533002128,0.9990505448474095,MXN
Fiatcoin Network,1198,700480000,1.0,0.9930432930550919,MXN
redcripto,2133,513846715,0.9966029067041725,0.999601880117206,MXN
TEZER_EUROPE,1220,439200000,0.9867008196721312,0.9606850127459017,MXN
Powercript,1183,425880000,0.949251056635672,0.8649415584361793,MXN
ARCITGEN,1515,383338500,1.0,1.0,MXN
Crypto_Cambio_Latam,1038,373680000,0.9992225433526012,0.9930717859055876,MXN
Luis20211,1017,366120000,0.9744316617502458,0.9975722447590953,MXN
MRDBz,1129,338700000,0.8663675819309123,0.9884711245792737,MXN
P2P_RECOMENDADO,936,304850000,0.9962275641025642,0.988991595448718,MXN
