merchant_name,ads_count,total_volume,avg_finish_rate,avg_positive_rate,currency
El Conde de Monte-Cristo,2053,639347000,0.996193862640039,0.9990454481928884,MXN
Fiatcoin Network,910,596800000,1.0,0.9930216598351649,MXN
redcripto,1630,383298772,0.9964803680981594,0.9996002056564418,MXN
Powercript,911,327960000,0.9520010976948408,0.8650588935784852,MXN
TEZER_EUROPE,869,312840000,0.9880517836593785,0.9615941413693901,MXN
Crypto_Cambio_Latam,797,286920000,0.999,0.993322311668758,MXN
ARCITGEN,1108,276278000,1.0,1.0,MXN
Luis20211,716,257760000,0.9760209497206704,0.9975708697206704,MXN
MRDBz,856,256800000,0.863357476635514,0.9884740828621496,MXN
P2P_RECOMENDADO,780,253950000,0.9968897435897436,0.9889859548717949,MXN
