merchant_name,ads_count,total_volume,avg_finish_rate,avg_positive_rate,currency
El Conde de Monte-Cristo,4877,1456462000,0.9953264301824893,0.9989967398400655,MXN
Fiatcoin Network,1870,1002880000,1.0,0.9930872604278075,MXN
redcripto,3547,868488863,0.9963884973216803,0.9996051835071892,MXN
TEZER_EUROPE,1965,707400000,0.9854081424936387,0.9593017939338422,MXN
Powercript,1877,675720000,0.9442067128396378,0.864787261342568,MXN
ARCITGEN,2206,565734000,1.0,1.0,MXN
MRDBz,1770,531000000,0.8721451977401129,0.9884136117457627,MXN
Luis20211,1585,496215000,0.9737545741324921,0.9975750550094636,MXN
Crypto_Cambio_Latam,1282,461520000,0.9991458658346334,0.992838806450858,MXN
Ave_Ce,1429,402238200,1.0,0.9974232049055284,MXN
