merchant_name,ads_count,total_volume,avg_finish_rate,avg_positive_rate,currency
El Conde de Monte-Cristo,3711,1129487000,0.9956009161950957,0.9990556502021019,MXN
Fiatcoin Network,1431,784360000,1.0,0.9930612986373166,MXN
redcripto,2874,688330075,0.9964794711203897,0.999603727289492,MXN
TEZER_EUROPE,1692,609120000,0.9858368794326241,0.9597475446867613,MXN
Powercript,1465,527400000,0.9469139931740614,0.8648582987030717,MXN
ARCITGEN,1889,481494000,1.0,1.0,MXN
Luis20211,1334,446310000,0.973652923538231,0.9975739293178412,MXN
MRDBz,1436,430800000,0.8701149025069638,0.9884444154387187,MXN
Crypto_Cambio_Latam,1187,427320000,0.999194608256108,0.9929156707919125,MXN
P2P_RECOMENDADO,1038,336000000,0.9957485549132948,0.9889953791714837,MXN
