merchant_name,ads_count,total_volume,avg_finish_rate,avg_positive_rate,currency
El Conde de Monte-Cristo,5221,1553562000,0.9952415246121432,0.9990026691361807,MXN
Fiatcoin Network,1968,1078480000,1.0,0.9930918651270325,MXN
redcripto,3810,933326615,0.9963616797900262,0.9996056796850394,MXN
Powercript,2006,722160000,0.9433359920239281,0.8647538911864407,MXN
TEZER_EUROPE,1965,707400000,0.9854081424936387,0.9593017939338422,MXN
ARCITGEN,2320,597664000,1.0,1.0,MXN
MRDBz,1855,556500000,0.8727654986522911,0.9884053685552561,MXN
Luis20211,1723,535194000,0.9736784677887406,0.9975756284039465,MXN
Crypto_Cambio_Latam,1354,487440000,0.9990849335302806,0.9927712171787296,MXN
Ave_Ce,1514,428540856,1.0,0.9974245105151915,MXN
