merchant_name,ads_count,total_volume,avg_finish_rate,avg_positive_rate,currency
El Conde de Monte-Cristo,2555,790562000,0.9959663405088063,0.9990490542387475,MXN
Fiatcoin Network,1043,644680000,1.0,0.9930317456184085,MXN
redcripto,1865,437203372,0.9965458445040214,0.9996010022412869,MXN
Powercript,1065,383400000,0.9505427230046948,0.8649788879342724,MXN
TEZER_EUROPE,986,354960000,0.987579107505071,0.9612205464401622,MXN
ARCITGEN,1322,333943500,1.0,1.0,MXN
Crypto_Cambio_Latam,911,327960000,0.9991141602634468,0.9932411807135016,MXN
Luis20211,876,315360000,0.9746598173515982,0.9975715847716895,MXN
MRDBz,1017,305100000,0.8645870206489675,0.9884780908259587,MXN
P2P_RECOMENDADO,850,278910000,0.9965694117647058,0.9889882644705882,MXN
