merchant_name,ads_count,total_volume,avg_finish_rate,avg_positive_rate,currency
El Conde de Monte-Cristo,3505,1071572000,0.9956950071326677,0.9990545419514978,MXN
Fiatcoin Network,1402,773920000,1.0,0.9930592142653353,MXN
redcripto,2716,653486562,0.9965073637702504,0.999603357595729,MXN
TEZER_EUROPE,1576,567360000,0.985993654822335,0.9599726683819797,MXN
Powercript,1434,516240000,0.9471715481171548,0.8648698452022315,MXN
ARCITGEN,1841,468339000,1.0,1.0,MXN
Luis20211,1272,440172000,0.9737822327044026,0.9975736212342767,MXN
Crypto_Cambio_Latam,1155,415800000,0.9992,0.9929449436969697,MXN
MRDBz,1376,412800000,0.8694411337209301,0.9884499482340116,MXN
P2P_RECOMENDADO,1038,336000000,0.9957485549132948,0.9889953791714837,MXN
