merchant_name,ads_count,total_volume,avg_finish_rate,avg_positive_rate,currency
El Conde de Monte-Cristo,3972,1201787000,0.9955,0.9990109445820745,MXN
Fiatcoin Network,1485,803800000,1.0,0.9930650597777778,MXN
redcripto,3018,736461217,0.996456593770709,0.9996040707886017,MXN
TEZER_EUROPE,1839,662040000,0.9856101141924959,0.9594982422240348,MXN
Powercript,1545,556200000,0.946188349514563,0.8648453521294498,MXN
ARCITGEN,1909,486714000,1.0,1.0,MXN
MRDBz,1552,465600000,0.8708292525773196,0.9884350386211339,MXN
Luis20211,1401,462861000,0.973636688079943,0.9975742391077801,MXN
Crypto_Cambio_Latam,1187,427320000,0.999194608256108,0.9929156707919125,MXN
P2P_RECOMENDADO,1091,351450000,0.9954692942254812,0.9889974540329972,MXN
