merchant_name,ads_count,total_volume,avg_finish_rate,avg_positive_rate,currency
El Conde de Monte-Cristo,3245,991652000,0.9957608628659477,0.9990530742989214,MXN
Fiatcoin Network,1294,735040000,1.0,0.9930511889026276,MXN
redcripto,2533,620132485,0.9965440189498619,0.99960293514015,MXN
TEZER_EUROPE,1444,519840000,0.9861814404432133,0.9602504644113573,MXN
Powercript,1355,487800000,0.9478531365313653,0.8648982223321033,MXN
ARCITGEN,1752,447618500,1.0,1.0,MXN
Luis20211,1185,426600000,0.9740329113924051,0.997573142464135,MXN
MRDBz,1340,402000000,0.8691037313432836,0.988453623141791,MXN
Crypto_Cambio_Latam,1112,400320000,0.9992077338129496,0.9929880275089928,MXN
P2P_RECOMENDADO,1010,327610000,0.9958801980198019,0.9889942844356435,MXN
