merchant_name,ads_count,total_volume,avg_finish_rate,avg_positive_rate,currency
El Conde de Monte-Cristo,3203,980237000,0.9957708398376522,0.999052821542304,MXN
Fiatcoin Network,1294,735040000,1.0,0.9930511889026276,MXN
redcripto,2487,609082815,0.9965540812223562,0.9996028232207479,MXN
TEZER_EUROPE,1434,516240000,0.9861966527196652,0.9602706576778243,MXN
Powercript,1323,476280000,0.9481398337112622,0.8649067436281179,MXN
ARCITGEN,1735,442983500,1.0,1.0,MXN
Luis20211,1165,419400000,0.974119313304721,0.9975730395278969,MXN
Crypto_Cambio_Latam,1112,400320000,0.9992077338129496,0.9929880275089928,MXN
MRDBz,1330,399000000,0.8690067669172933,0.9884546792556391,MXN
P2P_RECOMENDADO,991,320890000,0.9959737638748739,0.9889935446619575,MXN
