merchant_name,ads_count,total_volume,avg_finish_rate,avg_positive_rate,currency
El Conde de Monte-Cristo,3484,1066007000,0.995705223880597,0.9990544294288175,MXN
Fiatcoin Network,1390,769600000,1.0,0.9930583841438848,MXN
redcripto,2712,652046562,0.9965081120943954,0.9996033479019174,MXN
TEZER_EUROPE,1562,562320000,0.98601152368758,0.9600007156017926,MXN
Powercript,1427,513720000,0.9472354590049054,0.8648725219060966,MXN
ARCITGEN,1841,468339000,1.0,1.0,MXN
Luis20211,1265,439479000,0.973797628458498,0.9975735845533598,MXN
Crypto_Cambio_Latam,1155,415800000,0.9992,0.9929449436969697,MXN
MRDBz,1376,412800000,0.8694411337209301,0.9884499482340116,MXN
P2P_RECOMENDADO,1038,336000000,0.9957485549132948,0.9889953791714837,MXN
