merchant_name,ads_count,total_volume,avg_finish_rate,avg_positive_rate,currency
El Conde de Monte-Cristo,5092,1514102000,0.995275726630008,0.9990005390435979,MXN
Fiatcoin Network,1900,1028800000,1.0,0.993088704368421,MXN
redcripto,3760,921010415,0.9963664893617021,0.9996055895345746,MXN
TEZER_EUROPE,1965,707400000,0.9854081424936387,0.9593017939338422,MXN
Powercript,1919,690840000,0.9439583116206357,0.8647763146638874,MXN
ARCITGEN,2248,578049000,1.0,1.0,MXN
MRDBz,1843,552900000,0.8726820401519263,0.988406468735757,MXN
Luis20211,1661,518355000,0.9737784467188441,0.9975753748886212,MXN
Crypto_Cambio_Latam,1304,469440000,0.9991265337423314,0.9928227075383436,MXN
Ave_Ce,1477,415430856,1.0,0.9974239261205146,MXN
