merchant_name,ads_count,total_volume,avg_finish_rate,avg_positive_rate,currency
El Conde de Monte-Cristo,3523,1076342000,0.9956863468634686,0.9990546373318194,MXN
Fiatcoin Network,1404,774640000,1.0,0.9930593512393162,MXN
redcripto,2744,659393234,0.9965021865889213,0.9996034252441691,MXN
TEZER_EUROPE,1588,571680000,0.9859785894206549,0.9599490215176323,MXN
Powercript,1441,518760000,0.9471124219292159,0.8648671945038168,MXN
ARCITGEN,1841,468339000,1.0,1.0,MXN
Luis20211,1278,440766000,0.9737691705790297,0.9975736523552425,MXN
Crypto_Cambio_Latam,1157,416520000,0.999199654278306,0.9929430471996543,MXN
MRDBz,1381,414300000,0.8695010861694424,0.9884494661259956,MXN
P2P_RECOMENDADO,1038,336000000,0.9957485549132948,0.9889953791714837,MXN
