merchant_name,ads_count,total_volume,avg_finish_rate,avg_positive_rate,currency
El Conde de Monte-Cristo,4663,1397822000,0.9953506326399313,0.9989927117628137,MXN
Fiatcoin Network,1768,966160000,1.0,0.9930819844909502,MXN
redcripto,3415,840730937,0.996403513909224,0.9996049263689605,MXN
TEZER_EUROPE,1965,707400000,0.9854081424936387,0.9593017939338422,MXN
Powercript,1785,642600000,0.9446677871148459,0.8648021920784313,MXN
ARCITGEN,2147,547819000,1.0,1.0,MXN
MRDBz,1696,508800000,0.8715017688679245,0.988421678879717,MXN
Luis20211,1521,481527000,0.9736923076923076,0.9975747759040106,MXN
Crypto_Cambio_Latam,1264,455040000,0.9991621835443039,0.992852395118671,MXN
P2P_RECOMENDADO,1195,381600000,0.9949573221757322,0.9890009905523013,MXN
