merchant_name,ads_count,total_volume,avg_finish_rate,avg_positive_rate,currency
El Conde de Monte-Cristo,3823,1159547000,0.9955584619408842,0.9990398989432383,MXN
Fiatcoin Network,1465,796600000,1.0,0.9930636990921502,MXN
redcripto,2943,711512109,0.9964682296975874,0.999603895732246,MXN
TEZER_EUROPE,1763,634680000,0.9857226318774815,0.9596219425581396,MXN
Powercript,1497,538920000,0.9466112224448898,0.8648527259853039,MXN
ARCITGEN,1889,481494000,1.0,1.0,MXN
Luis20211,1363,456228000,0.9736346294937638,0.9975740638004402,MXN
MRDBz,1478,443400000,0.8704201623815967,0.9884408228349121,MXN
Crypto_Cambio_Latam,1187,427320000,0.999194608256108,0.9929156707919125,MXN
P2P_RECOMENDADO,1038,336000000,0.9957485549132948,0.9889953791714837,MXN
