merchant_name,ads_count,total_volume,avg_finish_rate,avg_positive_rate,currency
El Conde de Monte-Cristo,2749,841877000,0.99589814477992,0.9990501518879592,MXN
Fiatcoin Network,1158,686080000,1.0,0.993040136044905,MXN
redcripto,1980,463186715,0.9965722222222222,0.9996013987070707,MXN
TEZER_EUROPE,1138,409680000,0.9869674868189807,0.9608465858435853,MXN
Powercript,1128,406080000,0.9498413120567376,0.8649573932092199,MXN
Crypto_Cambio_Latam,1033,371880000,0.9992187802516941,0.9930778897579865,MXN
ARCITGEN,1389,352123500,1.0,1.0,MXN
Luis20211,965,347400000,0.9744839378238341,0.9975719913471504,MXN
MRDBz,1113,333900000,0.866115004492363,0.9884720292991913,MXN
P2P_RECOMENDADO,923,300950000,0.9962871072589382,0.9889911100325027,MXN
