merchant_name,ads_count,total_volume,avg_finish_rate,avg_positive_rate,currency
El Conde de Monte-Cristo,2775,851237000,0.9958897297297298,0.9990502961945946,MXN
Fiatcoin Network,1198,700480000,1.0,0.9930432930550919,MXN
redcripto,2019,477226715,0.9965804853888064,0.9996015256810302,MXN
TEZER_EUROPE,1190,428400000,0.9867941176470589,0.9607413674369748,MXN
Powercript,1152,414720000,0.9495546874999999,0.864949974140625,MXN
ARCITGEN,1475,375823500,1.0,1.0,MXN
Crypto_Cambio_Latam,1038,373680000,0.9992225433526012,0.9930717859055876,MXN
Luis20211,984,354240000,0.9744745934959349,0.9975720812601626,MXN
MRDBz,1129,338700000,0.8663675819309123,0.9884711245792737,MXN
P2P_RECOMENDADO,923,300950000,0.9962871072589382,0.9889911100325027,MXN
