merchant_name,ads_count,total_volume,avg_finish_rate,avg_positive_rate,currency
El Conde de Monte-Cristo,5352,1588102000,0.9952111360239163,0.9990047301513453,MXN
Fiatcoin Network,1980,1082800000,1.0,0.9930924419343434,MXN
redcripto,3837,940263615,0.9963591347406828,0.9996057276387803,MXN
Powercript,2008,722880000,0.943320717131474,0.8647534503685259,MXN
TEZER_EUROPE,1965,707400000,0.9854081424936387,0.9593017939338422,MXN
ARCITGEN,2320,597664000,1.0,1.0,MXN
MRDBz,1905,571500000,0.8731553805774279,0.9884010013595801,MXN
Luis20211,1757,539865000,0.9736266363118953,0.997575764228799,MXN
Crypto_Cambio_Latam,1354,487440000,0.9990849335302806,0.9927712171787296,MXN
Ave_Ce,1518,429140856,1.0,0.9974245749670619,MXN
