merchant_name,ads_count,total_volume,avg_finish_rate,avg_positive_rate,currency
El Conde de Monte-Cristo,3137,957617000,0.995787057698438,0.999052418080969,MXN
Fiatcoin Network,1222,709120000,1.0,0.9930453213584288,MXN
redcripto,2446,597040815,0.9965633687653311,0.9996027230744072,MXN
TEZER_EUROPE,1376,495360000,0.9862892441860466,0.960381529556686,MXN
Powercript,1288,463680000,0.9483889751552794,0.8649179795729813,MXN
ARCITGEN,1626,417688500,1.0,1.0,MXN
Luis20211,1113,400680000,0.9743387241689129,0.9975727650224618,MXN
MRDBz,1322,396600000,0.8689341906202723,0.9884555356505295,MXN
Crypto_Cambio_Latam,1058,380880000,0.999218336483932,0.9930479474196596,MXN
P2P_RECOMENDADO,987,319450000,0.9959939209726444,0.9889934006889565,MXN
