merchant_name,ads_count,total_volume,avg_finish_rate,avg_positive_rate,currency
El Conde de Monte-Cristo,2928,894347000,0.9958432377049181,0.9990511511543716,MXN
Fiatcoin Network,1204,702640000,1.0,0.9930437813621262,MXN
redcripto,2268,543466715,0.9966075837742504,0.9996022638624338,MXN
TEZER_EUROPE,1269,456840000,0.9865579196217494,0.9605890150827423,MXN
Powercript,1187,427320000,0.9492131423757371,0.8649405045577085,MXN
ARCITGEN,1545,391168500,1.0,1.0,MXN
Luis20211,1047,376920000,0.9743906399235912,0.9975723952531041,MXN
Crypto_Cambio_Latam,1043,375480000,0.9992214765100672,0.9930657405752636,MXN
MRDBz,1210,363000000,0.8675570247933884,0.9884671089586776,MXN
P2P_RECOMENDADO,971,314650000,0.9960751802265705,0.9889928377342946,MXN
