merchant_name,ads_count,total_volume,avg_finish_rate,avg_positive_rate,currency
El Conde de Monte-Cristo,5096,1515542000,0.9952747252747253,0.9990006067131083,MXN
Fiatcoin Network,1906,1041040000,1.0,0.9930889877019937,MXN
redcripto,3760,921010415,0.9963664893617021,0.9996055895345746,MXN
TEZER_EUROPE,1965,707400000,0.9854081424936387,0.9593017939338422,MXN
Powercript,1921,691560000,0.9439469026548672,0.8647757943571056,MXN
ARCITGEN,2252,579159000,1.0,1.0,MXN
MRDBz,1845,553500000,0.8726953929539296,0.9884062838319784,MXN
Luis20211,1663,519075000,0.9737751052315092,0.9975753830968129,MXN
Crypto_Cambio_Latam,1304,469440000,0.9991265337423314,0.9928227075383436,MXN
Ave_Ce,1477,415430856,1.0,0.9974239261205146,MXN
