merchant_name,ads_count,total_volume,avg_finish_rate,avg_positive_rate,currency
El Conde de Monte-Cristo,4693,1404632000,0.9953419987215002,0.9989932864756019,MXN
Fiatcoin Network,1771,967240000,1.0,0.9930821483399209,MXN
redcripto,3436,848290937,0.9964010477299186,0.999604968378929,MXN
TEZER_EUROPE,1965,707400000,0.9854081424936387,0.9593017939338422,MXN
Powercript,1809,651240000,0.9445483692647871,0.8647981365063572,MXN
ARCITGEN,2163,552259000,1.0,1.0,MXN
MRDBz,1708,512400000,0.8716036299765808,0.9884203095667446,MXN
Luis20211,1533,485847000,0.9737025440313111,0.9975748279125897,MXN
Crypto_Cambio_Latam,1271,457560000,0.999155782848151,0.9928470649016523,MXN
P2P_RECOMENDADO,1198,382500000,0.9949449081803005,0.9890010834557597,MXN
