merchant_name,ads_count,total_volume,avg_finish_rate,avg_positive_rate,currency
El Conde de Monte-Cristo,2721,834932000,0.9959073869900772,0.9990499989783168,MXN
Fiatcoin Network,1137,678520000,1.0,0.9930385436411608,MXN
redcripto,1953,456307889,0.9965663082437276,0.9996013089656938,MXN
Powercript,1116,401760000,0.9500008960573477,0.8649613003405018,MXN
TEZER_EUROPE,1111,399960000,0.987063906390639,0.9609053023852386,MXN
Crypto_Cambio_Latam,1003,361080000,0.9991954137587238,0.9931157908474576,MXN
ARCITGEN,1380,348883500,1.0,1.0,MXN
Luis20211,950,342000000,0.9744915789473684,0.9975719226842106,MXN
MRDBz,1096,328800000,0.8658531021897811,0.9884730195072993,MXN
P2P_RECOMENDADO,918,299450000,0.9963050108932461,0.9889909196732026,MXN
