merchant_name,ads_count,total_volume,avg_finish_rate,avg_positive_rate,currency
El Conde de Monte-Cristo,2706,830957000,0.9959124168514412,0.9990499183739838,MXN
Fiatcoin Network,1137,678520000,1.0,0.9930385436411608,MXN
redcripto,1944,453699261,0.9965643004115226,0.9996012784979423,MXN
Powercript,1116,401760000,0.9500008960573477,0.8649613003405018,MXN
TEZER_EUROPE,1106,398160000,0.9870822784810126,0.9609165206600362,MXN
Crypto_Cambio_Latam,997,358920000,0.9991905717151455,0.9931236447743229,MXN
ARCITGEN,1380,348883500,1.0,1.0,MXN
Luis20211,945,340200000,0.9744941798941799,0.9975718993121694,MXN
MRDBz,1082,324600000,0.8656312384473197,0.988473858336414,MXN
P2P_RECOMENDADO,908,296700000,0.99634140969163,0.9889905326651982,MXN
