merchant_name,ads_count,total_volume,avg_finish_rate,avg_positive_rate,currency
El Conde de Monte-Cristo,5356,1589542000,0.9952102315160567,0.9990047920332338,MXN
Fiatcoin Network,1984,1084240000,1.0,0.9930926381199597,MXN
redcripto,3840,940787015,0.9963588541666667,0.9996057329296875,MXN
Powercript,2012,724320000,0.9432902584493043,0.864752571361829,MXN
TEZER_EUROPE,1965,707400000,0.9854081424936387,0.9593017939338422,MXN
ARCITGEN,2324,599104000,1.0,1.0,MXN
MRDBz,1906,571800000,0.8731631689401889,0.9884009169622245,MXN
Luis20211,1759,540063000,0.9736236498010233,0.9975757724332007,MXN
Crypto_Cambio_Latam,1356,488160000,0.9990833333333334,0.992767367300885,MXN
Ave_Ce,1520,429650856,1.0,0.9974246070657895,MXN
