merchant_name,ads_count,total_volume,avg_finish_rate,avg_positive_rate,currency
El Conde de Monte-Cristo,3641,1109987000,0.9956316945893985,0.999055255259544,MXN
Fiatcoin Network,1406,775360000,1.0,0.9930594911522048,MXN
redcripto,2839,683595626,0.9964853821768228,0.9996036464142304,MXN
TEZER_EUROPE,1644,591840000,0.9859111922141119,0.9598392874026764,MXN
Powercript,1450,522000000,0.9470372413793103,0.8648638240689654,MXN
ARCITGEN,1843,469059000,1.0,1.0,MXN
Luis20211,1309,443835000,0.97370359052712,0.9975738086019863,MXN
MRDBz,1435,430500000,0.8701052264808361,0.9884445035400697,MXN
Crypto_Cambio_Latam,1160,417600000,0.9991991379310344,0.9929402147155172,MXN
P2P_RECOMENDADO,1038,336000000,0.9957485549132948,0.9889953791714837,MXN
