merchant_name,ads_count,total_volume,avg_finish_rate,avg_positive_rate,currency
El Conde de Monte-Cristo,3025,925277000,0.9958161983471074,0.9990517278677686,MXN
Fiatcoin Network,1222,709120000,1.0,0.9930453213584288,MXN
redcripto,2422,590037115,0.996568951279934,0.9996026636457473,MXN
TEZER_EUROPE,1345,484200000,0.9863568773234201,0.9604382454869888,MXN
Powercript,1288,463680000,0.9483889751552794,0.8649179795729813,MXN
ARCITGEN,1626,417688500,1.0,1.0,MXN
Luis20211,1085,390600000,0.9743474654377879,0.9975726121198156,MXN
Crypto_Cambio_Latam,1058,380880000,0.999218336483932,0.9930479474196596,MXN
MRDBz,1259,377700000,0.8682001588562351,0.988462660087371,MXN
P2P_RECOMENDADO,982,317950000,0.9960193482688391,0.9889932190733197,MXN
