merchant_name,ads_count,total_volume,avg_finish_rate,avg_positive_rate,currency
El Conde de Monte-Cristo,4580,1370222000,0.9953650655021834,0.9989910893777293,MXN
Fiatcoin Network,1674,932320000,1.0,0.9930766889366786,MXN
redcripto,3364,834983949,0.996409631391201,0.999604823097503,MXN
TEZER_EUROPE,1965,707400000,0.9854081424936387,0.9593017939338422,MXN
Powercript,1700,612000000,0.9450717647058824,0.8648189563705883,MXN
ARCITGEN,2026,518074000,1.0,1.0,MXN
MRDBz,1694,508200000,0.8714846517119245,0.9884219089846518,MXN
Luis20211,1495,478431000,0.9736695652173912,0.997574660354515,MXN
Crypto_Cambio_Latam,1261,453960000,0.9991649484536081,0.9928546976130056,MXN
P2P_RECOMENDADO,1195,381600000,0.9949573221757322,0.9890009905523013,MXN
