merchant_name,ads_count,total_volume,avg_finish_rate,avg_positive_rate,currency
El Conde de Monte-Cristo,3170,968357000,0.9957788643533123,0.9990526182492114,MXN
Fiatcoin Network,1242,716320000,1.0,0.9930469801127214,MXN
redcripto,2486,608922015,0.9965543041029767,0.9996028207522124,MXN
TEZER_EUROPE,1398,503280000,0.9862532188841201,0.9603386978469242,MXN
Powercript,1302,468720000,0.9482949308755759,0.8649128571044548,MXN
ARCITGEN,1661,426903500,1.0,1.0,MXN
Luis20211,1121,403560000,0.9743363068688671,0.9975728073059767,MXN
MRDBz,1330,399000000,0.8690067669172933,0.9884546792556391,MXN
Crypto_Cambio_Latam,1074,386640000,0.9992150837988826,0.9930295158752327,MXN
P2P_RECOMENDADO,988,319810000,0.9959888663967612,0.988993436791498,MXN
