merchant_name,ads_count,total_volume,avg_finish_rate,avg_positive_rate,currency
El Conde de Monte-Cristo,2551,789122000,0.995967855742846,0.9990490299568797,MXN
Fiatcoin Network,1039,643240000,1.0,0.9930314421559192,MXN
redcripto,1865,437203372,0.9965458445040214,0.9996010022412869,MXN
Powercript,1063,382680000,0.950560677328316,0.864979612031985,MXN
TEZER_EUROPE,982,353520000,0.9875977596741344,0.9612320961608962,MXN
ARCITGEN,1320,333223500,1.0,1.0,MXN
Crypto_Cambio_Latam,907,326520000,0.9991102535832415,0.9932436230540242,MXN
Luis20211,874,314640000,0.974670480549199,0.997571576590389,MXN
MRDBz,1017,305100000,0.8645870206489675,0.9884780908259587,MXN
P2P_RECOMENDADO,850,278910000,0.9965694117647058,0.9889882644705882,MXN
