merchant_name,ads_count,total_volume,avg_finish_rate,avg_positive_rate,currency
El Conde de Monte-Cristo,3192,976277000,0.9957734962406015,0.9990527542449874,MXN
Fiatcoin Network,1286,732160000,1.0,0.9930505408087091,MXN
redcripto,2487,609082815,0.9965540812223562,0.9996028232207479,MXN
TEZER_EUROPE,1424,512640000,0.9862120786516854,0.9602894719733145,MXN
Powercript,1315,473400000,0.9482045627376425,0.864908991634981,MXN
ARCITGEN,1722,439623500,1.0,1.0,MXN
Luis20211,1157,416520000,0.9741547104580812,0.9975729977614521,MXN
MRDBz,1330,399000000,0.8690067669172933,0.9884546792556391,MXN
Crypto_Cambio_Latam,1107,398520000,0.9992086720867209,0.9929933113730803,MXN
P2P_RECOMENDADO,988,319810000,0.9959888663967612,0.988993436791498,MXN
