merchant_name,ads_count,total_volume,avg_finish_rate,avg_positive_rate,currency
El Conde de Monte-Cristo,4632,1388942000,0.9953583765112263,0.9989921084520725,MXN
Fiatcoin Network,1722,949600000,1.0,0.9930794572357724,MXN
redcripto,3394,837204717,0.9964060106069534,0.9996048841190336,MXN
TEZER_EUROPE,1965,707400000,0.9854081424936387,0.9593017939338422,MXN
Powercript,1747,628920000,0.9448517458500286,0.8648093861705781,MXN
ARCITGEN,2106,539944000,1.0,1.0,MXN
MRDBz,1694,508200000,0.8714846517119245,0.9884219089846518,MXN
Luis20211,1507,480141000,0.9736801592568016,0.9975747141804909,MXN
Crypto_Cambio_Latam,1261,453960000,0.9991649484536081,0.9928546976130056,MXN
P2P_RECOMENDADO,1195,381600000,0.9949573221757322,0.9890009905523013,MXN
