merchant_name,ads_count,total_volume,avg_finish_rate,avg_positive_rate,currency
El Conde de Monte-Cristo,4068,1227227000,0.9954749262536874,0.9989919574360865,MXN
Fiatcoin Network,1529,819640000,1.0,0.9930679279856115,MXN
redcripto,3035,742581217,0.996454036243822,0.9996041092652388,MXN
TEZER_EUROPE,1899,683640000,0.9855265929436545,0.9594033551816745,MXN
Powercript,1588,571680000,0.9458167506297228,0.8648391249244332,MXN
ARCITGEN,1909,486714000,1.0,1.0,MXN
MRDBz,1552,465600000,0.8708292525773196,0.9884350386211339,MXN
Luis20211,1423,465039000,0.9736423049894588,0.9975743380674631,MXN
Crypto_Cambio_Latam,1189,428040000,0.9991942809083263,0.9929139117325484,MXN
P2P_RECOMENDADO,1091,351450000,0.9954692942254812,0.9889974540329972,MXN
