merchant_name,ads_count,total_volume,avg_finish_rate,avg_positive_rate,currency
El Conde de Monte-Cristo,3526,1077137000,0.9956849120816789,0.9990546531338628,MXN
Fiatcoin Network,1404,774640000,1.0,0.9930593512393162,MXN
redcripto,2750,660866199,0.996501090909091,0.9996034396545455,MXN
TEZER_EUROPE,1590,572400000,0.9859761006289308,0.9599451150754718,MXN
Powercript,1441,518760000,0.9471124219292159,0.8648671945038168,MXN
ARCITGEN,1841,468339000,1.0,1.0,MXN
Luis20211,1279,440865000,0.9737670054730257,0.9975736575136825,MXN
Crypto_Cambio_Latam,1158,416880000,0.9991994818652851,0.9929421014075993,MXN
MRDBz,1382,414600000,0.869513024602026,0.98844937012301,MXN
P2P_RECOMENDADO,1038,336000000,0.9957485549132948,0.9889953791714837,MXN
