merchant_name,ads_count,total_volume,avg_finish_rate,avg_positive_rate,currency
El Conde de Monte-Cristo,5165,1539242000,0.9952549854791869,0.9990017575140369,MXN
Fiatcoin Network,1966,1077760000,1.0,0.9930917696897252,MXN
redcripto,3760,921010415,0.9963664893617021,0.9996055895345746,MXN
Powercript,1974,710640000,0.9435967578520771,0.8647610657548126,MXN
TEZER_EUROPE,1965,707400000,0.9854081424936387,0.9593017939338422,MXN
ARCITGEN,2318,597299000,1.0,1.0,MXN
MRDBz,1855,556500000,0.8727654986522911,0.9884053685552561,MXN
Luis20211,1701,528840000,0.9737131099353322,0.9975755383656673,MXN
Crypto_Cambio_Latam,1340,482400000,0.9990962686567164,0.9927919327313433,MXN
Ave_Ce,1514,428540856,1.0,0.9974245105151915,MXN
