merchant_name,ads_count,total_volume,avg_finish_rate,avg_positive_rate,currency
El Conde de Monte-Cristo,5205,1549582000,0.9952453410182518,0.9990024106743516,MXN
Fiatcoin Network,1968,1078480000,1.0,0.9930918651270325,MXN
redcripto,3787,927273015,0.9963638764193293,0.9996056384473198,MXN
Powercript,1998,719280000,0.9433973973973974,0.8647556632832832,MXN
TEZER_EUROPE,1965,707400000,0.9854081424936387,0.9593017939338422,MXN
ARCITGEN,2320,597664000,1.0,1.0,MXN
MRDBz,1855,556500000,0.8727654986522911,0.9884053685552561,MXN
Luis20211,1715,533358000,0.9736909620991253,0.9975755959300292,MXN
Crypto_Cambio_Latam,1352,486720000,0.9990865384615385,0.9927750784467456,MXN
Ave_Ce,1514,428540856,1.0,0.9974245105151915,MXN
