merchant_name,ads_count,total_volume,avg_finish_rate,avg_positive_rate,currency
El Conde de Monte-Cristo,4930,1470182000,0.9953176470588235,0.9989977061480729,MXN
Fiatcoin Network,1885,1008280000,1.0,0.9930879881432361,MXN
redcripto,3577,877505763,0.9963852390271177,0.999605243234554,MXN
TEZER_EUROPE,1965,707400000,0.9854081424936387,0.9593017939338422,MXN
Powercript,1907,686520000,0.9440272679601468,0.8647794594231778,MXN
ARCITGEN,2227,571479000,1.0,1.0,MXN
MRDBz,1791,537300000,0.8723260748185372,0.9884114923785595,MXN
Luis20211,1601,501975000,0.9737770143660213,0.9975751225171767,MXN
Crypto_Cambio_Latam,1282,461520000,0.9991458658346334,0.992838806450858,MXN
Ave_Ce,1449,407356976,1.0,0.9974235021187025,MXN
