merchant_name,ads_count,total_volume,avg_finish_rate,avg_positive_rate,currency
El Conde de Monte-Cristo,2575,797762000,0.9959588349514563,0.9990491745165048,MXN
Fiatcoin Network,1069,654040000,1.0,0.9930336627689429,MXN
redcripto,1871,437430053,0.996547300908605,0.9996010227899519,MXN
Powercript,1076,387360000,0.9504405204460966,0.8649749535130112,MXN
TEZER_EUROPE,1010,363600000,0.987470297029703,0.9611534506237623,MXN
ARCITGEN,1349,341188500,1.0,1.0,MXN
Crypto_Cambio_Latam,924,332640000,0.9991266233766234,0.9932275727813853,MXN
Luis20211,886,318960000,0.9746072234762979,0.9975716269300227,MXN
MRDBz,1017,305100000,0.8645870206489675,0.9884780908259587,MXN
P2P_RECOMENDADO,858,281790000,0.9965361305361305,0.9889885114685315,MXN
