merchant_name,ads_count,total_volume,avg_finish_rate,avg_positive_rate,currency
El Conde de Monte-Cristo,4772,1425377000,0.9953357082984075,0.9989947825209556,MXN
Fiatcoin Network,1771,967240000,1.0,0.9930821483399209,MXN
redcripto,3506,863890937,0.9963930405019965,0.9996051047775243,MXN
TEZER_EUROPE,1965,707400000,0.9854081424936387,0.9593017939338422,MXN
Powercript,1817,654120000,0.9445107319757842,0.8647968148266373,MXN
ARCITGEN,2163,552259000,1.0,1.0,MXN
MRDBz,1750,525000000,0.8719697142857142,0.9884157052514286,MXN
Luis20211,1560,491130000,0.973725,0.9975749467564102,MXN
Crypto_Cambio_Latam,1277,459720000,0.9991503523884103,0.9928425426546594,MXN
P2P_RECOMENDADO,1244,395350000,0.9947620578778135,0.9890024518649517,MXN
