merchant_name,ads_count,total_volume,avg_finish_rate,avg_positive_rate,currency
El Conde de Monte-Cristo,4217,1268612000,0.9954460516955183,0.9989832878800095,MXN
Fiatcoin Network,1554,828640000,1.0,0.9930694882882883,MXN
redcripto,3132,771148803,0.9964399744572158,0.9996043294061303,MXN
TEZER_EUROPE,1957,704520000,0.9854220746039857,0.9593135402554931,MXN
Powercript,1636,588960000,0.94545293398533,0.8648325602811736,MXN
ARCITGEN,1909,486714000,1.0,1.0,MXN
MRDBz,1603,480900000,0.8709669369931379,0.9884313916718653,MXN
Luis20211,1452,472347000,0.9736494490358127,0.9975744717217631,MXN
Crypto_Cambio_Latam,1199,431640000,0.9991926605504586,0.9929052411926604,MXN
P2P_RECOMENDADO,1132,363250000,0.9952712014134275,0.9889989258303886,MXN
