merchant_name,ads_count,total_volume,avg_finish_rate,avg_positive_rate,currency
El Conde de Monte-Cristo,3365,1026302000,0.9957337295690936,0.9990537652719168,MXN
Fiatcoin Network,1296,735760000,1.0,0.9930513496759259,MXN
redcripto,2652,646124065,0.9965196078431372,0.9996032085067873,MXN
TEZER_EUROPE,1462,526320000,0.9861545827633379,0.9602148216757865,MXN
Powercript,1358,488880000,0.9478269513991162,0.8648974440500737,MXN
ARCITGEN,1752,447618500,1.0,1.0,MXN
Luis20211,1211,431523000,0.9739438480594549,0.9975732873327828,MXN
MRDBz,1372,411600000,0.8694045189504374,0.9884503470335277,MXN
Crypto_Cambio_Latam,1112,400320000,0.9992077338129496,0.9929880275089928,MXN
P2P_RECOMENDADO,1038,336000000,0.9957485549132948,0.9889953791714837,MXN
