merchant_name,ads_count,total_volume,avg_finish_rate,avg_positive_rate,currency
El Conde de Monte-Cristo,2128,662447000,0.9961602443609023,0.9990460428524435,MXN
Fiatcoin Network,935,605800000,1.0,0.9930235944705883,MXN
redcripto,1662,391341672,0.9964903730445246,0.9996003158724428,MXN
Powercript,968,348480000,0.9514121900826447,0.8650217688533058,MXN
TEZER_EUROPE,869,312840000,0.9880517836593785,0.9615941413693901,MXN
Crypto_Cambio_Latam,821,295560000,0.9990170523751523,0.9933031302801462,MXN
ARCITGEN,1181,294773500,1.0,1.0,MXN
Luis20211,754,271440000,0.9757519893899204,0.9975710461140583,MXN
P2P_RECOMENDADO,803,262170000,0.9967783312577834,0.9889867581569116,MXN
MRDBz,856,256800000,0.863357476635514,0.9884740828621496,MXN
