merchant_name,ads_count,total_volume,avg_finish_rate,avg_positive_rate,currency
El Conde de Monte-Cristo,4852,1449457000,0.9953295548227535,0.9989962791405606,MXN
Fiatcoin Network,1845,993880000,1.0,0.9930860212737127,MXN
redcripto,3544,868420180,0.9963888261851015,0.9996051775959368,MXN
TEZER_EUROPE,1965,707400000,0.9854081424936387,0.9593017939338422,MXN
Powercript,1859,669240000,0.9443152232383002,0.8647900626358258,MXN
ARCITGEN,2184,558474000,1.0,1.0,MXN
MRDBz,1770,531000000,0.8721451977401129,0.9884136117457627,MXN
Luis20211,1576,492975000,0.9737417512690355,0.9975750164340101,MXN
Crypto_Cambio_Latam,1282,461520000,0.9991458658346334,0.992838806450858,MXN
Ave_Ce,1412,397798200,1.0,0.9974229469546743,MXN
