merchant_name,ads_count,total_volume,avg_finish_rate,avg_positive_rate,currency
El Conde de Monte-Cristo,2332,725102000,0.9960587478559177,0.9990475733962265,MXN
Fiatcoin Network,1007,631720000,1.0,0.9930289606852036,MXN
redcripto,1773,413206172,0.9965222786238015,0.999600684500846,MXN
Powercript,1013,364680000,0.9510177690029614,0.864999639970385,MXN
TEZER_EUROPE,921,331560000,0.9878729641693811,0.9614214743865364,MXN
ARCITGEN,1284,320263500,1.0,1.0,MXN
Crypto_Cambio_Latam,886,318960000,0.999089164785553,0.9932568071444695,MXN
Luis20211,826,297360000,0.9750145278450363,0.9975713707142857,MXN
MRDBz,934,280200000,0.8635214132762312,0.9884758236188438,MXN
P2P_RECOMENDADO,835,273510000,0.9966335329341317,0.9889878021556887,MXN
