merchant_name,ads_count,total_volume,avg_finish_rate,avg_positive_rate,currency
El Conde de Monte-Cristo,2869,877952000,0.9958605785988148,0.999050824677588,MXN
Fiatcoin Network,1198,700480000,1.0,0.9930432930550919,MXN
redcripto,2189,526726715,0.9966130653266331,0.9996020424120602,MXN
TEZER_EUROPE,1234,444240000,0.9866588330632091,0.960659170089141,MXN
Powercript,1187,427320000,0.9492131423757371,0.8649405045577085,MXN
ARCITGEN,1515,383338500,1.0,1.0,MXN
Crypto_Cambio_Latam,1038,373680000,0.9992225433526012,0.9930717859055876,MXN
Luis20211,1032,371520000,0.9744108527131783,0.9975723209108527,MXN
MRDBz,1162,348600000,0.8668588640275386,0.9884693538037866,MXN
P2P_RECOMENDADO,963,312450000,0.9961090342679129,0.9889925617445483,MXN
