merchant_name,ads_count,total_volume,avg_finish_rate,avg_positive_rate,currency
El Conde de Monte-Cristo,3155,962957000,0.9957825673534073,0.999052525800317,MXN
Fiatcoin Network,1222,709120000,1.0,0.9930453213584288,MXN
redcripto,2472,605320115,0.9965574433656957,0.9996027867920712,MXN
TEZER_EUROPE,1384,498240000,0.9862760115606937,0.9603660210910405,MXN
Powercript,1292,465120000,0.948359907120743,0.8649165046826626,MXN
ARCITGEN,1628,418408500,1.0,1.0,MXN
Luis20211,1115,401400000,0.9743381165919281,0.9975727756502242,MXN
MRDBz,1328,398400000,0.8689887048192771,0.9884548923870482,MXN
Crypto_Cambio_Latam,1058,380880000,0.999218336483932,0.9930479474196596,MXN
P2P_RECOMENDADO,987,319450000,0.9959939209726444,0.9889934006889565,MXN
