merchant_name,ads_count,total_volume,avg_finish_rate,avg_positive_rate,currency
El Conde de Monte-Cristo,3799,1153187000,0.9955683074493287,0.9990435413898394,MXN
Fiatcoin Network,1461,795160000,1.0,0.9930634224845996,MXN
redcripto,2911,699992109,0.9964733768464445,0.9996038182961181,MXN
TEZER_EUROPE,1751,630360000,0.9857412906910337,0.9596424557909765,MXN
Powercript,1483,533880000,0.9467397167902899,0.8648549666082266,MXN
ARCITGEN,1889,481494000,1.0,1.0,MXN
Luis20211,1355,453348000,0.9736383763837638,0.9975740272767528,MXN
MRDBz,1462,438600000,0.8703153214774282,0.9884421671067032,MXN
Crypto_Cambio_Latam,1187,427320000,0.999194608256108,0.9929156707919125,MXN
P2P_RECOMENDADO,1038,336000000,0.9957485549132948,0.9889953791714837,MXN
