merchant_name,ads_count,total_volume,avg_finish_rate,avg_positive_rate,currency
El Conde de Monte-Cristo,2939,898307000,0.9958400816604287,0.9990512110717931,MXN
Fiatcoin Network,1204,702640000,1.0,0.9930437813621262,MXN
redcripto,2302,555706715,0.9965986099044309,0.9996023550347525,MXN
TEZER_EUROPE,1289,464040000,0.9865027152831654,0.960547615159038,MXN
Powercript,1206,434160000,0.949047263681592,0.8649355941044776,MXN
ARCITGEN,1583,402208500,1.0,1.0,MXN
Crypto_Cambio_Latam,1054,379440000,0.9992191650853889,0.9930526427419354,MXN
Luis20211,1047,376920000,0.9743906399235912,0.9975723952531041,MXN
MRDBz,1221,366300000,0.8677231777231778,0.988466643022113,MXN
P2P_RECOMENDADO,972,314950000,0.996070987654321,0.9889928719135803,MXN
