merchant_name,ads_count,total_volume,avg_finish_rate,avg_positive_rate,currency
El Conde de Monte-Cristo,4901,1462822000,0.9953248316670067,0.9989971792613752,MXN
Fiatcoin Network,1885,1008280000,1.0,0.9930879881432361,MXN
redcripto,3548,868491363,0.9963883878241263,0.9996051854988727,MXN
TEZER_EUROPE,1965,707400000,0.9854081424936387,0.9593017939338422,MXN
Powercript,1893,681480000,0.9441088219756999,0.8647831787004754,MXN
ARCITGEN,2227,571479000,1.0,1.0,MXN
MRDBz,1775,532500000,0.8721926760563381,0.9884131025859155,MXN
Luis20211,1593,499095000,0.9737658505963591,0.9975750889328312,MXN
Crypto_Cambio_Latam,1282,461520000,0.9991458658346334,0.992838806450858,MXN
Ave_Ce,1445,406318200,1.0,0.9974234421384083,MXN
