merchant_name,ads_count,total_volume,avg_finish_rate,avg_positive_rate,currency
El Conde de Monte-Cristo,3763,1143647000,0.995583311187882,0.999049092176455,MXN
Fiatcoin Network,1449,790840000,1.0,0.9930625834989647,MXN
redcripto,2879,688472109,0.9964786384161167,0.9996037395901355,MXN
TEZER_EUROPE,1727,621720000,0.9857793862188767,0.9596843374696005,MXN
Powercript,1478,532080000,0.9467895805142084,0.8648557771177267,MXN
ARCITGEN,1889,481494000,1.0,1.0,MXN
Luis20211,1343,449028000,0.9736440804169769,0.9975739716753538,MXN
MRDBz,1439,431700000,0.870141765114663,0.9884441518693536,MXN
Crypto_Cambio_Latam,1187,427320000,0.999194608256108,0.9929156707919125,MXN
P2P_RECOMENDADO,1038,336000000,0.9957485549132948,0.9889953791714837,MXN
