merchant_name,ads_count,total_volume,avg_finish_rate,avg_positive_rate,currency
El Conde de Monte-Cristo,4062,1225637000,0.9954763663220089,0.9989927353545052,MXN
Fiatcoin Network,1525,818200000,1.0,0.9930676740786886,MXN
redcripto,3035,742581217,0.996454036243822,0.9996041092652388,MXN
TEZER_EUROPE,1895,682200000,0.9855329815303431,0.9594097196253298,MXN
Powercript,1586,570960000,0.9458329129886506,0.8648394070744011,MXN
ARCITGEN,1909,486714000,1.0,1.0,MXN
MRDBz,1552,465600000,0.8708292525773196,0.9884350386211339,MXN
Luis20211,1423,465039000,0.9736423049894588,0.9975743380674631,MXN
Crypto_Cambio_Latam,1189,428040000,0.9991942809083263,0.9929139117325484,MXN
P2P_RECOMENDADO,1091,351450000,0.9954692942254812,0.9889974540329972,MXN
