merchant_name,ads_count,total_volume,avg_finish_rate,avg_positive_rate,currency
El Conde de Monte-Cristo,5225,1554557000,0.9952405741626793,0.9990027335043062,MXN
Fiatcoin Network,1968,1078480000,1.0,0.9930918651270325,MXN
redcripto,3816,934930015,0.9963611111111111,0.9996056903694969,MXN
Powercript,2006,722160000,0.9433359920239281,0.8647538911864407,MXN
TEZER_EUROPE,1965,707400000,0.9854081424936387,0.9593017939338422,MXN
ARCITGEN,2320,597664000,1.0,1.0,MXN
MRDBz,1857,557100000,0.8727819063004847,0.988405187996769,MXN
Luis20211,1725,535653000,0.9736753623188406,0.9975756364753624,MXN
Crypto_Cambio_Latam,1354,487440000,0.9990849335302806,0.9927712171787296,MXN
Ave_Ce,1514,428540856,1.0,0.9974245105151915,MXN
