merchant_name,ads_count,total_volume,avg_finish_rate,avg_positive_rate,currency
El Conde de Monte-Cristo,2317,719702000,0.9960656020716444,0.9990474635563228,MXN
Fiatcoin Network,989,625240000,1.0,0.9930276075530838,MXN
redcripto,1762,412202172,0.9965192962542565,0.9996006465437004,MXN
Powercript,1005,361800000,0.9510925373134328,0.865003145721393,MXN
TEZER_EUROPE,903,325080000,0.987936877076412,0.9614825160022148,MXN
Crypto_Cambio_Latam,879,316440000,0.9990819112627987,0.9932613798862343,MXN
ARCITGEN,1264,314383500,1.0,1.0,MXN
Luis20211,820,295200000,0.975069512195122,0.9975713458414635,MXN
MRDBz,932,279600000,0.8634967811158798,0.9884757721888412,MXN
P2P_RECOMENDADO,826,270270000,0.9966731234866828,0.9889875167070217,MXN
