merchant_name,ads_count,total_volume,avg_finish_rate,avg_positive_rate,currency
El Conde de Monte-Cristo,3141,958772000,0.9957860553963707,0.9990524418210761,MXN
Fiatcoin Network,1222,709120000,1.0,0.9930453213584288,MXN
redcripto,2451,598660715,0.996562219502244,0.9996027353896368,MXN
TEZER_EUROPE,1378,496080000,0.9862859216255443,0.9603779580914368,MXN
Powercript,1288,463680000,0.9483889751552794,0.8649179795729813,MXN
ARCITGEN,1626,417688500,1.0,1.0,MXN
Luis20211,1114,401040000,0.97433842010772,0.9975727703411131,MXN
MRDBz,1323,396900000,0.8689433106575964,0.9884554280347694,MXN
Crypto_Cambio_Latam,1058,380880000,0.999218336483932,0.9930479474196596,MXN
P2P_RECOMENDADO,987,319450000,0.9959939209726444,0.9889934006889565,MXN
