merchant_name,ads_count,total_volume,avg_finish_rate,avg_positive_rate,currency
El Conde de Monte-Cristo,5122,1524902000,0.9952682545880516,0.9990010439886764,MXN
Fiatcoin Network,1932,1055440000,1.0,0.9930901951449276,MXN
redcripto,3760,921010415,0.9963664893617021,0.9996055895345746,MXN
TEZER_EUROPE,1965,707400000,0.9854081424936387,0.9593017939338422,MXN
Powercript,1930,694800000,0.9438958549222798,0.8647727784352331,MXN
ARCITGEN,2277,586179000,1.0,1.0,MXN
MRDBz,1855,556500000,0.8727654986522911,0.9884053685552561,MXN
Luis20211,1673,521109000,0.9737585176329946,0.9975754243096234,MXN
Crypto_Cambio_Latam,1316,473760000,0.9991162613981763,0.9928142198404255,MXN
Ave_Ce,1489,419750856,1.0,0.997424111934184,MXN
