merchant_name,ads_count,total_volume,avg_finish_rate,avg_positive_rate,currency
El Conde de Monte-Cristo,5411,1609342000,0.9951968212899649,0.9990056368527075,MXN
Fiatcoin Network,2053,1134280000,1.0,0.9930960071797369,MXN
redcripto,3849,941534515,0.996358015068849,0.9996057487789036,MXN
Powercript,2048,737280000,0.9430146484374999,0.8647451031005859,MXN
TEZER_EUROPE,1965,707400000,0.9854081424936387,0.9593017939338422,MXN
ARCITGEN,2401,620714000,1.0,1.0,MXN
MRDBz,1906,571800000,0.8731631689401889,0.9884009169622245,MXN
Luis20211,1781,542241000,0.9736030320044918,0.9975758619034251,MXN
Crypto_Cambio_Latam,1395,502200000,0.9990530465949822,0.9926948719856632,MXN
Ave_Ce,1555,442250856,1.0,0.9974251554276528,MXN
