merchant_name,ads_count,total_volume,avg_finish_rate,avg_positive_rate,currency
El Conde de Monte-Cristo,2984,913367000,0.9958274128686327,0.9990514670006703,MXN
Fiatcoin Network,1222,709120000,1.0,0.9930453213584288,MXN
redcripto,2360,572047215,0.9965838983050848,0.9996025067330508,MXN
TEZER_EUROPE,1334,480240000,0.9863845577211394,0.9604590041154423,MXN
Powercript,1271,457560000,0.9485263571990559,0.8649213822423288,MXN
ARCITGEN,1626,417688500,1.0,1.0,MXN
Luis20211,1070,385200000,0.9743644859813083,0.9975725269158878,MXN
Crypto_Cambio_Latam,1058,380880000,0.999218336483932,0.9930479474196596,MXN
MRDBz,1246,373800000,0.868045746388443,0.9884642198796147,MXN
P2P_RECOMENDADO,972,314950000,0.996070987654321,0.9889928719135803,MXN
