merchant_name,ads_count,total_volume,avg_finish_rate,avg_positive_rate,currency
El Conde de Monte-Cristo,3978,1203377000,0.9954977375565611,0.9990096586475615,MXN
Fiatcoin Network,1489,805240000,1.0,0.9930653275285426,MXN
redcripto,3021,737541217,0.9964561403508772,0.999604077610063,MXN
TEZER_EUROPE,1843,663480000,0.9856044492674987,0.9594920142864894,MXN
Powercript,1549,557640000,0.9461542930923176,0.8648447582698515,MXN
ARCITGEN,1909,486714000,1.0,1.0,MXN
MRDBz,1552,465600000,0.8708292525773196,0.9884350386211339,MXN
Luis20211,1403,463059000,0.9736372059871703,0.9975742482323592,MXN
Crypto_Cambio_Latam,1187,427320000,0.999194608256108,0.9929156707919125,MXN
P2P_RECOMENDADO,1091,351450000,0.9954692942254812,0.9889974540329972,MXN
