merchant_name,ads_count,total_volume,avg_finish_rate,avg_positive_rate,currency
El Conde de Monte-Cristo,2362,733907000,0.9960453005927181,0.9990477888907704,MXN
Fiatcoin Network,1011,633160000,1.0,0.993029264777448,MXN
redcripto,1796,417580372,0.9965283964365257,0.9996007642650334,MXN
Powercript,1032,371520000,0.9508439922480619,0.8649915316472868,MXN
TEZER_EUROPE,943,339480000,0.9877826086956523,0.9613502933297985,MXN
ARCITGEN,1299,325663500,1.0,1.0,MXN
Crypto_Cambio_Latam,886,318960000,0.999089164785553,0.9932568071444695,MXN
Luis20211,840,302400000,0.9748988095238095,0.9975714315476191,MXN
MRDBz,946,283800000,0.8636670190274841,0.9884761276321352,MXN
P2P_RECOMENDADO,847,277830000,0.996582054309327,0.9889881733175915,MXN
