merchant_name,ads_count,total_volume,avg_finish_rate,avg_positive_rate,currency
El Conde de Monte-Cristo,5135,1529582000,0.9952625121713728,0.9990012609659202,MXN
Fiatcoin Network,1944,1059760000,1.0,0.9930907415329218,MXN
redcripto,3760,921010415,0.9963664893617021,0.9996055895345746,MXN
TEZER_EUROPE,1965,707400000,0.9854081424936387,0.9593017939338422,MXN
Powercript,1943,699480000,0.9438229541945445,0.8647685050077201,MXN
ARCITGEN,2301,592929000,1.0,1.0,MXN
MRDBz,1855,556500000,0.8727654986522911,0.9884053685552561,MXN
Luis20211,1681,521901000,0.9737453896490185,0.9975754584116597,MXN
Crypto_Cambio_Latam,1329,478440000,0.9991053423626787,0.9928052362001506,MXN
Ave_Ce,1498,422990856,1.0,0.9974242564753004,MXN
