merchant_name,ads_count,total_volume,avg_finish_rate,avg_positive_rate,currency
El Conde de Monte-Cristo,4263,1281752000,0.9954412385643913,0.9989843500140745,MXN
Fiatcoin Network,1554,828640000,1.0,0.9930694882882883,MXN
redcripto,3179,783658608,0.9964334696445423,0.9996044318748034,MXN
TEZER_EUROPE,1965,707400000,0.9854081424936387,0.9593017939338422,MXN
Powercript,1637,589320000,0.9454453268173488,0.8648324276114845,MXN
MRDBz,1627,488100000,0.8710547019053472,0.9884297694468346,MXN
ARCITGEN,1909,486714000,1.0,1.0,MXN
Luis20211,1464,473535000,0.9736523224043715,0.9975745254781421,MXN
Crypto_Cambio_Latam,1199,431640000,0.9991926605504586,0.9929052411926604,MXN
P2P_RECOMENDADO,1149,368100000,0.9951932114882507,0.9889995052828546,MXN
