merchant_name,ads_count,total_volume,avg_finish_rate,avg_positive_rate,currency
El Conde de Monte-Cristo,5168,1540037000,0.9952542569659443,0.9990018068517803,MXN
Fiatcoin Network,1967,1078120000,1.0,0.9930918174326385,MXN
redcripto,3760,921010415,0.9963664893617021,0.9996055895345746,MXN
Powercript,1976,711360000,0.94357995951417,0.8647606105364373,MXN
TEZER_EUROPE,1965,707400000,0.9854081424936387,0.9593017939338422,MXN
ARCITGEN,2320,597664000,1.0,1.0,MXN
MRDBz,1855,556500000,0.8727654986522911,0.9884053685552561,MXN
Luis20211,1702,529200000,0.9737115158636898,0.9975755425088132,MXN
Crypto_Cambio_Latam,1341,482760000,0.9990954511558539,0.9927906258612976,MXN
Ave_Ce,1514,428540856,1.0,0.9974245105151915,MXN
