merchant_name,ads_count,total_volume,avg_finish_rate,avg_positive_rate,currency
El Conde de Monte-Cristo,3407,1041422000,0.9957246844731436,0.9990540049779866,MXN
Fiatcoin Network,1336,750160000,1.0,0.9930544640568861,MXN
redcripto,2683,650549365,0.9965136041744317,0.9996032794483788,MXN
TEZER_EUROPE,1492,537120000,0.9861058981233244,0.960149328961126,MXN
Powercript,1370,493200000,0.9477291970802919,0.8648943650072992,MXN
ARCITGEN,1796,458178500,1.0,1.0,MXN
Luis20211,1230,433404000,0.9738829268292682,0.9975733948861788,MXN
MRDBz,1376,412800000,0.8694411337209301,0.9884499482340116,MXN
Crypto_Cambio_Latam,1129,406440000,0.9992046058458814,0.9929704650930026,MXN
P2P_RECOMENDADO,1038,336000000,0.9957485549132948,0.9889953791714837,MXN
