merchant_name,ads_count,total_volume,avg_finish_rate,avg_positive_rate,currency
El Conde de Monte-Cristo,4205,1265147000,0.9954473246135552,0.998983006979786,MXN
Fiatcoin Network,1554,828640000,1.0,0.9930694882882883,MXN
redcripto,3129,770068803,0.9964403962927453,0.999604322780441,MXN
TEZER_EUROPE,1951,702360000,0.98543259866735,0.9593224132137366,MXN
Powercript,1636,588960000,0.94545293398533,0.8648325602811736,MXN
ARCITGEN,1909,486714000,1.0,1.0,MXN
MRDBz,1597,479100000,0.8709480275516593,0.9884318086349405,MXN
Luis20211,1449,472050000,0.9736487232574189,0.9975744581435473,MXN
Crypto_Cambio_Latam,1199,431640000,0.9991926605504586,0.9929052411926604,MXN
P2P_RECOMENDADO,1126,361600000,0.9952992895204263,0.9889987171403198,MXN
