merchant_name,ads_count,total_volume,avg_finish_rate,avg_positive_rate,currency
El Conde de Monte-Cristo,2908,888287000,0.9958490371389271,0.9990510410522695,MXN
Fiatcoin Network,1200,701200000,1.0,0.9930434563666667,MXN
redcripto,2254,538946715,0.9966113575865129,0.9996022257497782,MXN
TEZER_EUROPE,1255,451800000,0.986597609561753,0.9606178764302788,MXN
Powercript,1187,427320000,0.9492131423757371,0.8649405045577085,MXN
ARCITGEN,1515,383338500,1.0,1.0,MXN
Luis20211,1045,376200000,0.9743933014354067,0.9975723854641148,MXN
Crypto_Cambio_Latam,1038,373680000,0.9992225433526012,0.9930717859055876,MXN
MRDBz,1191,357300000,0.8672779177162048,0.9884679481360201,MXN
P2P_RECOMENDADO,971,314650000,0.9960751802265705,0.9889928377342946,MXN
