merchant_name,ads_count,total_volume,avg_finish_rate,avg_positive_rate,currency
El Conde de Monte-Cristo,2623,809912000,0.9959412886008386,0.9990494556995807,MXN
Fiatcoin Network,1117,671320000,1.0,0.9930370652461952,MXN
redcripto,1896,440530859,0.9965532700421941,0.9996011113554852,MXN
Powercript,1102,396720000,0.9501669691470055,0.8649659662068966,MXN
TEZER_EUROPE,1058,380880000,0.9872674858223063,0.9610296110491494,MXN
ARCITGEN,1380,348883500,1.0,1.0,MXN
Crypto_Cambio_Latam,943,339480000,0.9991442205726405,0.993198827592789,MXN
Luis20211,908,326880000,0.9745341409691629,0.9975717252312776,MXN
MRDBz,1017,305100000,0.8645870206489675,0.9884780908259587,MXN
P2P_RECOMENDADO,864,283950000,0.9965115740740741,0.9889887234027778,MXN
