merchant_name,ads_count,total_volume,avg_finish_rate,avg_positive_rate,currency
El Conde de Monte-Cristo,3478,1064417000,0.9957081656124209,0.9990543970299023,MXN
Fiatcoin Network,1386,768160000,1.0,0.9930581042424244,MXN
redcripto,2710,652027172,0.9965084870848708,0.9996033430442804,MXN
TEZER_EUROPE,1558,560880000,0.9860166880616175,0.9600088216752246,MXN
Powercript,1425,513000000,0.9472540350877193,0.864873291508772,MXN
ARCITGEN,1841,468339000,1.0,1.0,MXN
Luis20211,1263,439281000,0.9738020585906572,0.9975735739984165,MXN
Crypto_Cambio_Latam,1155,415800000,0.9992,0.9929449436969697,MXN
MRDBz,1376,412800000,0.8694411337209301,0.9884499482340116,MXN
P2P_RECOMENDADO,1038,336000000,0.9957485549132948,0.9889953791714837,MXN
