merchant_name,ads_count,total_volume,avg_finish_rate,avg_positive_rate,currency
El Conde de Monte-Cristo,4478,1341767000,0.9953961589995534,0.9989890249910673,MXN
Fiatcoin Network,1650,923680000,1.0,0.9930753065212121,MXN
redcripto,3296,813668548,0.9964180825242719,0.9996046812196602,MXN
TEZER_EUROPE,1965,707400000,0.9854081424936387,0.9593017939338422,MXN
Powercript,1700,612000000,0.9450717647058824,0.8648189563705883,MXN
ARCITGEN,1994,509194000,1.0,1.0,MXN
MRDBz,1646,493800000,0.8711549210206562,0.9884277143681652,MXN
Luis20211,1495,478431000,0.9736695652173912,0.997574660354515,MXN
Crypto_Cambio_Latam,1261,453960000,0.9991649484536081,0.9928546976130056,MXN
P2P_RECOMENDADO,1168,373700000,0.9950950342465753,0.9890001329452055,MXN
