merchant_name,ads_count,total_volume,avg_finish_rate,avg_positive_rate,currency
El Conde de Monte-Cristo,2986,914087000,0.9958268586738112,0.9990514798359008,MXN
Fiatcoin Network,1222,709120000,1.0,0.9930453213584288,MXN
redcripto,2365,573487415,0.9965826638477802,0.9996025195602537,MXN
TEZER_EUROPE,1336,480960000,0.986379491017964,0.9604552043937126,MXN
Powercript,1275,459000000,0.9484933333333333,0.8649205734509804,MXN
ARCITGEN,1626,417688500,1.0,1.0,MXN
Luis20211,1072,385920000,0.9743619402985075,0.9975725384141791,MXN
Crypto_Cambio_Latam,1058,380880000,0.999218336483932,0.9930479474196596,MXN
MRDBz,1248,374400000,0.8680697115384615,0.9884639777964744,MXN
P2P_RECOMENDADO,972,314950000,0.996070987654321,0.9889928719135803,MXN
