merchant_name,ads_count,total_volume,avg_finish_rate,avg_positive_rate,currency
El Conde de Monte-Cristo,4823,1441582000,0.9953321584076301,0.9989957401430645,MXN
Fiatcoin Network,1818,984160000,1.0,0.9930846447084709,MXN
redcripto,3532,867341464,0.9963901472253681,0.9996051544875425,MXN
TEZER_EUROPE,1965,707400000,0.9854081424936387,0.9593017939338422,MXN
Powercript,1839,662040000,0.9444089178901577,0.8647932394997281,MXN
ARCITGEN,2176,555594000,1.0,1.0,MXN
MRDBz,1766,529800000,0.8721075877689695,0.9884140266534541,MXN
Luis20211,1570,492120000,0.9737331210191082,0.9975749904713375,MXN
Crypto_Cambio_Latam,1282,461520000,0.9991458658346334,0.992838806450858,MXN
P2P_RECOMENDADO,1247,396250000,0.9947506014434643,0.9890025376022454,MXN
