merchant_name,ads_count,total_volume,avg_finish_rate,avg_positive_rate,currency
El Conde de Monte-Cristo,4290,1288907000,0.9954384615384615,0.998984962832168,MXN
Fiatcoin Network,1560,830800000,1.0,0.9930698635641025,MXN
redcripto,3213,792078221,0.9964288826641767,0.9996045044475568,MXN
TEZER_EUROPE,1965,707400000,0.9854081424936387,0.9593017939338422,MXN
Powercript,1646,592560000,0.9453772782503037,0.8648312408383961,MXN
ARCITGEN,1929,493584000,1.0,1.0,MXN
MRDBz,1632,489600000,0.8710723039215685,0.9884294381066175,MXN
Luis20211,1472,474327000,0.9736542119565218,0.9975745608288044,MXN
Crypto_Cambio_Latam,1208,434880000,0.9991912251655628,0.9928975823178808,MXN
P2P_RECOMENDADO,1152,369000000,0.9951796874999999,0.988999605763889,MXN
