merchant_name,ads_count,total_volume,avg_finish_rate,avg_positive_rate,currency
El Conde de Monte-Cristo,2340,727697000,0.9960551282051281,0.9990476314017095,MXN
Fiatcoin Network,1007,631720000,1.0,0.9930289606852036,MXN
redcripto,1779,414069372,0.9965238898257448,0.9996007053288365,MXN
Powercript,1017,366120000,0.9509783677482793,0.8649979077777777,MXN
TEZER_EUROPE,929,334440000,0.9878396124865446,0.9613951737029063,MXN
ARCITGEN,1289,322063500,1.0,1.0,MXN
Crypto_Cambio_Latam,886,318960000,0.999089164785553,0.9932568071444695,MXN
Luis20211,830,298800000,0.9749807228915663,0.9975713870963855,MXN
MRDBz,938,281400000,0.8635703624733475,0.9884759258208955,MXN
P2P_RECOMENDADO,839,274950000,0.9966162097735398,0.9889879270560191,MXN
