merchant_name,ads_count,total_volume,avg_finish_rate,avg_positive_rate,currency
El Conde de Monte-Cristo,2033,633707000,0.9961957697983276,0.9990452918740778,MXN
Fiatcoin Network,904,594640000,1.0,0.9930211802323008,MXN
redcripto,1625,383079272,0.9964787692307693,0.9996001880430769,MXN
Powercript,901,324360000,0.9521120976692563,0.8650659860710321,MXN
TEZER_EUROPE,866,311760000,0.9880588914549654,0.961602469699769,MXN
Crypto_Cambio_Latam,790,284400000,0.999,0.9933282778860759,MXN
ARCITGEN,1091,270653000,1.0,1.0,MXN
MRDBz,856,256800000,0.863357476635514,0.9884740828621496,MXN
Luis20211,706,254160000,0.9760354107648725,0.9975708293909349,MXN
P2P_RECOMENDADO,773,251430000,0.9969249676584735,0.9889857126261319,MXN
