merchant_name,ads_count,total_volume,avg_finish_rate,avg_positive_rate,currency
El Conde de Monte-Cristo,2092,652087000,0.9961802103250478,0.9990457630736138,MXN
Fiatcoin Network,927,602920000,1.0,0.9930229849946063,MXN
redcripto,1633,383430472,0.9964813227189222,0.9996002161726883,MXN
Powercript,942,339120000,0.9516719745222929,0.8650378638110404,MXN
TEZER_EUROPE,869,312840000,0.9880517836593785,0.9615941413693901,MXN
Crypto_Cambio_Latam,808,290880000,0.9990012376237624,0.9933133607054455,MXN
ARCITGEN,1159,289328500,1.0,1.0,MXN
Luis20211,743,267480000,0.9758586810228802,0.9975709909825033,MXN
P2P_RECOMENDADO,795,259350000,0.996816352201258,0.9889864840251572,MXN
MRDBz,856,256800000,0.863357476635514,0.9884740828621496,MXN
