merchant_name,ads_count,total_volume,avg_finish_rate,avg_positive_rate,currency
El Conde de Monte-Cristo,4141,1246667000,0.9954542381067376,0.9989828285462448,MXN
Fiatcoin Network,1554,828640000,1.0,0.9930694882882883,MXN
redcripto,3111,764194845,0.9964429443908711,0.9996042827579557,MXN
TEZER_EUROPE,1934,696240000,0.9854627714581179,0.9593491561168562,MXN
Powercript,1636,588960000,0.94545293398533,0.8648325602811736,MXN
ARCITGEN,1909,486714000,1.0,1.0,MXN
MRDBz,1565,469500000,0.8708638977635783,0.9884340864345047,MXN
Luis20211,1433,468639000,0.9736448011165387,0.9975743847662246,MXN
Crypto_Cambio_Latam,1199,431640000,0.9991926605504586,0.9929052411926604,MXN
P2P_RECOMENDADO,1103,355050000,0.9954097914777877,0.9889978961287398,MXN
