merchant_name,ads_count,total_volume,avg_finish_rate,avg_positive_rate,currency
El Conde de Monte-Cristo,3447,1055822000,0.9957162750217581,0.9990542278387003,MXN
Fiatcoin Network,1380,766000000,1.0,0.993057681347826,MXN
redcripto,2689,650813365,0.9965124581628858,0.9996032933730011,MXN
TEZER_EUROPE,1536,552960000,0.9860455729166667,0.9600541597460938,MXN
Powercript,1404,505440000,0.9474522792022791,0.8648815047150996,MXN
ARCITGEN,1841,468339000,1.0,1.0,MXN
Luis20211,1258,438786000,0.9738131955484897,0.9975735474642289,MXN
Crypto_Cambio_Latam,1155,415800000,0.9992,0.9929449436969697,MXN
MRDBz,1376,412800000,0.8694411337209301,0.9884499482340116,MXN
P2P_RECOMENDADO,1038,336000000,0.9957485549132948,0.9889953791714837,MXN
