merchant_name,ads_count,total_volume,avg_finish_rate,avg_positive_rate,currency
El Conde de Monte-Cristo,3321,1013597000,0.995743450767841,0.9990535154170431,MXN
Fiatcoin Network,1294,735040000,1.0,0.9930511889026276,MXN
redcripto,2621,639559615,0.9965257535291873,0.9996031391033956,MXN
TEZER_EUROPE,1451,522360000,0.986170916609235,0.9602364947346658,MXN
Powercript,1355,487800000,0.9478531365313653,0.8648982223321033,MXN
ARCITGEN,1752,447618500,1.0,1.0,MXN
Luis20211,1200,430434000,0.9739800000000001,0.9975732254583333,MXN
MRDBz,1360,408000000,0.8692933823529412,0.988451557507353,MXN
Crypto_Cambio_Latam,1112,400320000,0.9992077338129496,0.9929880275089928,MXN
P2P_RECOMENDADO,1035,335250000,0.9957623188405798,0.9889952553719807,MXN
