merchant_name,ads_count,total_volume,avg_finish_rate,avg_positive_rate,currency
El Conde de Monte-Cristo,2010,627247000,0.9961980099502488,0.9990451082835821,MXN
Fiatcoin Network,904,594640000,1.0,0.9930211802323008,MXN
redcripto,1619,382815872,0.9964768375540457,0.9996001668869673,MXN
Powercript,893,321480000,0.9522026875699888,0.8650717744344905,MXN
TEZER_EUROPE,858,308880000,0.9880780885780885,0.9616249633100233,MXN
Crypto_Cambio_Latam,774,278640000,0.999,0.9933426664728682,MXN
ARCITGEN,1065,262943000,1.0,1.0,MXN
MRDBz,856,256800000,0.863357476635514,0.9884740828621496,MXN
Luis20211,697,250920000,0.976048780487805,0.9975707936154949,MXN
P2P_RECOMENDADO,765,248550000,0.9969660130718954,0.9889854483921569,MXN
