merchant_name,ads_count,total_volume,avg_finish_rate,avg_positive_rate,currency
El Conde de Monte-Cristo,4898,1462027000,0.9953250306247448,0.9989971243997549,MXN
Fiatcoin Network,1885,1008280000,1.0,0.9930879881432361,MXN
redcripto,3548,868491363,0.9963883878241263,0.9996051854988727,MXN
TEZER_EUROPE,1965,707400000,0.9854081424936387,0.9593017939338422,MXN
Powercript,1891,680760000,0.9441205711263881,0.8647837145214172,MXN
ARCITGEN,2227,571479000,1.0,1.0,MXN
MRDBz,1773,531900000,0.8721737168640722,0.9884133059052453,MXN
Luis20211,1592,498735000,0.9737644472361808,0.9975750847110553,MXN
Crypto_Cambio_Latam,1282,461520000,0.9991458658346334,0.992838806450858,MXN
Ave_Ce,1443,405808200,1.0,0.9974234127720027,MXN
