merchant_name,ads_count,total_volume,avg_finish_rate,avg_positive_rate,currency
Phantom Flow KH,840,1199450000,0.9958452380952381,0.9999470899285714,USD
SoftTraders,81,405000000,0.9698024691358025,0.9970634914814814,USD
Valiko_USDT,400,104000000,0.996935,0.9964921469,USD
金龙99Exchange,2719,40785000,0.9943129827142331,0.9673280226848107,USD
Global Merchant Pro,4060,36605000,0.9814687192118227,0.9667933804039409,USD
KFF-Digital-Empire,2951,29510000,1.0,0.9848758917316164,USD
TLC-EXCHANGE-FAST,2959,29327702,0.9979324095978371,0.9987129819668807,USD
FAST RELEASE USDT,2763,27627237,1.0,0.9763009710640609,USD
VARADER0,715,21450000,0.9977314685314685,0.9999788362657342,USD
Iriska7r,793,21411000,0.9921374527112232,0.998475197704918,USD
