merchant_name,ads_count,total_volume,avg_finish_rate,avg_positive_rate,currency
Phantom Flow KH,440,619905000,0.997390909090909,1.0,USD
Valiko_USDT,341,88660000,0.9974428152492668,0.9964879514369501,USD
金龙99Exchange,1409,21135000,0.9960163236337828,0.9674625858197303,USD
Global Merchant Pro,2111,17485000,0.9810360018948366,0.9684809155708195,USD
FAST RELEASE USDT,1736,17358264,1.0,0.9764881508006913,USD
KFF-Digital-Empire,1728,17280000,1.0,0.9846937256770834,USD
TLC-EXCHANGE-FAST,1517,15164093,0.9991252471984179,0.9987054617534609,USD
CASHAPP_CHIME_P2P,523,14955000,0.9568317399617591,0.9954087264435947,USD
VARADER0,414,12420000,0.9974082125603865,1.0,USD
Iriska7r,439,11853000,0.9947061503416856,0.9984808067653759,USD
