merchant_name,ads_count,total_volume,avg_finish_rate,avg_positive_rate,currency
Phantom Flow KH,819,1173950000,0.996020757020757,0.9999457332600732,USD
SoftTraders,55,275000000,0.9697090909090909,0.9970634732727273,USD
Valiko_USDT,400,104000000,0.996935,0.9964921469,USD
金龙99Exchange,2472,37080000,0.9944656148867314,0.9673605247046926,USD
Global Merchant Pro,3686,33010000,0.9815162778079219,0.9671007854557787,USD
KFF-Digital-Empire,2764,27640000,1.0,0.9848563814616498,USD
TLC-EXCHANGE-FAST,2697,26707964,0.9981201334816462,0.998711810292918,USD
FAST RELEASE USDT,2471,24707529,1.0,0.9762908856252529,USD
Iriska7r,705,19035000,0.9925375886524823,0.9984843372907801,USD
VARADER0,622,18660000,0.9976061093247588,0.9999909595819936,USD
