merchant_name,ads_count,total_volume,avg_finish_rate,avg_positive_rate,currency
Phantom Flow KH,793,1140950000,0.996250945775536,0.9999439540226985,USD
SoftTraders,32,160000000,0.9695,0.9970634325000001,USD
Valiko_USDT,400,104000000,0.996935,0.9964921469,USD
金龙99Exchange,2417,36255000,0.9945217211419115,0.9673706993876706,USD
Global Merchant Pro,3619,32330000,0.9815258358662613,0.9671591397982868,USD
KFF-Digital-Empire,2727,27270000,1.0,0.9848523543197654,USD
TLC-EXCHANGE-FAST,2640,26138021,0.9981659090909091,0.9987115557424242,USD
FAST RELEASE USDT,2411,24107589,1.0,0.9762904551721279,USD
Iriska7r,705,19035000,0.9925375886524823,0.9984843372907801,USD
VARADER0,622,18660000,0.9976061093247588,0.9999909595819936,USD
