merchant_name,ads_count,total_volume,avg_finish_rate,avg_positive_rate,currency
Phantom Flow KH,573,814950000,0.9972931937172774,1.0,USD
Valiko_USDT,363,94380000,0.9972341597796143,0.9964895590082644,USD
金龙99Exchange,1831,27465000,0.9953211359912616,0.9674774807755324,USD
Global Merchant Pro,2655,23130000,0.9813804143126177,0.9679584546591338,USD
KFF-Digital-Empire,2136,21360000,1.0,0.9847821612125469,USD
FAST RELEASE USDT,2053,20527947,1.0,0.9763861133560643,USD
TLC-EXCHANGE-FAST,1984,19833626,0.9988820564516129,0.9987083440221775,USD
CASHAPP_CHIME_P2P,566,16030000,0.9577685512367491,0.995409038957597,USD
VARADER0,487,14610000,0.9974969199178645,0.9999884535112936,USD
Iriska7r,533,14391000,0.9938705440900562,0.9984820312007505,USD
