merchant_name,ads_count,total_volume,avg_finish_rate,avg_positive_rate,currency
Phantom Flow KH,817,1171450000,0.9960379436964505,0.9999456004161567,USD
SoftTraders,45,225000000,0.9696444444444444,0.9970634606666667,USD
Valiko_USDT,400,104000000,0.996935,0.9964921469,USD
金龙99Exchange,2445,36675000,0.9944928425357873,0.9673649572024539,USD
Global Merchant Pro,3658,32720000,0.9815202296336796,0.9671249123428103,USD
KFF-Digital-Empire,2748,27480000,1.0,0.9848546523871907,USD
TLC-EXCHANGE-FAST,2676,26497985,0.9981367713004484,0.9987117177727951,USD
FAST RELEASE USDT,2444,24437556,1.0,0.9762903235597381,USD
Iriska7r,705,19035000,0.9925375886524823,0.9984843372907801,USD
VARADER0,622,18660000,0.9976061093247588,0.9999909595819936,USD
