merchant_name,ads_count,total_volume,avg_finish_rate,avg_positive_rate,currency
Phantom Flow KH,915,1298950000,0.9952622950819672,0.9999514268196721,USD
SoftTraders,81,405000000,0.9698024691358025,0.9970634914814814,USD
Valiko_USDT,400,104000000,0.996935,0.9964921469,USD
金龙99Exchange,3248,48720000,0.9940240147783251,0.9673341826108375,USD
Global Merchant Pro,5011,45956000,0.9815302334863302,0.966103463220914,USD
TLC-EXCHANGE-FAST,3578,35517083,0.9975980994969257,0.9987155613555059,USD
NBBC_SOLUTION,233,34251000,0.9176266094420602,0.8578857839484979,USD
KFF-Digital-Empire,3363,33630000,1.0,0.9848957071810883,USD
FAST RELEASE USDT,3191,31906809,1.0,0.9762896016859919,USD
VARADER0,879,26370000,0.9979681456200227,0.9999823608759955,USD
