merchant_name,ads_count,total_volume,avg_finish_rate,avg_positive_rate,currency
Phantom Flow KH,895,1268950000,0.9954245810055865,0.9999503413854748,USD
SoftTraders,81,405000000,0.9698024691358025,0.9970634914814814,USD
Valiko_USDT,400,104000000,0.996935,0.9964921469,USD
金龙99Exchange,3035,45525000,0.9941660626029654,0.967325078583196,USD
Global Merchant Pro,4711,43100000,0.9814018255147527,0.9663098702971767,USD
NBBC_SOLUTION,233,34251000,0.9176266094420602,0.8578857839484979,USD
TLC-EXCHANGE-FAST,3433,34067228,0.9976655986018059,0.998714994893679,USD
KFF-Digital-Empire,3293,32930000,1.0,0.984892929025205,USD
FAST RELEASE USDT,3040,30396960,1.0,0.9762999513157895,USD
VARADER0,819,24570000,0.9978925518925519,0.9999810686324786,USD
