merchant_name,ads_count,total_volume,avg_finish_rate,avg_positive_rate,currency
Phantom Flow KH,923,1310950000,0.9951993499458288,0.9999518478223185,USD
SoftTraders,81,405000000,0.9698024691358025,0.9970634914814814,USD
Valiko_USDT,400,104000000,0.996935,0.9964921469,USD
金龙99Exchange,3316,49740000,0.9939825090470445,0.9673362949607962,USD
Global Merchant Pro,5098,46764500,0.9816174970576697,0.9660389120164772,USD
TLC-EXCHANGE-FAST,3627,36007034,0.9975765095119934,0.9987157671601874,USD
NBBC_SOLUTION,233,34251000,0.9176266094420602,0.8578857839484979,USD
KFF-Digital-Empire,3398,33980000,1.0,0.9848971411359624,USD
FAST RELEASE USDT,3229,32286771,1.0,0.9762876526540725,USD
VARADER0,906,27180000,0.9979988962472406,0.9999828865452538,USD
