merchant_name,ads_count,total_volume,avg_finish_rate,avg_positive_rate,currency
Phantom Flow KH,726,1044450000,0.9969104683195592,0.9999387817355372,USD
Valiko_USDT,400,104000000,0.996935,0.9964921469,USD
金龙99Exchange,2280,34200000,0.9946732456140351,0.9674016176666667,USD
Global Merchant Pro,3315,29565000,0.9815837104072398,0.9674406100995475,USD
KFF-Digital-Empire,2586,25860000,1.0,0.9848365335421501,USD
TLC-EXCHANGE-FAST,2464,24378197,0.9983206168831169,0.9987107357832792,USD
FAST RELEASE USDT,2171,21707829,1.0,0.9763275507093504,USD
SoftTraders,4,20000000,0.966,0.99706275,USD
Iriska7r,648,17496000,0.9929151234567901,0.9984836433179012,USD
VARADER0,567,17010000,0.9975679012345678,0.9999900826455026,USD
