merchant_name,ads_count,total_volume,avg_finish_rate,avg_positive_rate,currency
Phantom Flow KH,840,1199450000,0.9958452380952381,0.9999470899285714,USD
SoftTraders,81,405000000,0.9698024691358025,0.9970634914814814,USD
Valiko_USDT,400,104000000,0.996935,0.9964921469,USD
金龙99Exchange,2674,40110000,0.9943350785340314,0.967332594973822,USD
Global Merchant Pro,3961,35615000,0.9814804342337793,0.9668713319490028,USD
KFF-Digital-Empire,2925,29250000,1.0,0.9848732452581197,USD
TLC-EXCHANGE-FAST,2918,28917743,0.9979595613433858,0.9987128003666895,USD
FAST RELEASE USDT,2679,26787321,1.0,0.9763027053938036,USD
VARADER0,690,20700000,0.9976855072463768,0.9999848227536232,USD
Iriska7r,760,20520000,0.9922736842105264,0.9984742535526315,USD
