merchant_name,ads_count,total_volume,avg_finish_rate,avg_positive_rate,currency
Phantom Flow KH,942,1339450000,0.9950541401273886,0.999952819044586,USD
SoftTraders,81,405000000,0.9698024691358025,0.9970634914814814,USD
Valiko_USDT,449,116740000,0.9966146993318485,0.9964953753452116,USD
魁拔KEN,257,98570000,0.9818677042801557,0.9973215041245136,USD
金龙99Exchange,3480,52200000,0.9939045977011495,0.9673274508678161,USD
Global Merchant Pro,5411,49933000,0.9819288486416559,0.9657910485326187,USD
TLC-EXCHANGE-FAST,3792,37656869,0.9975079113924051,0.998716488024789,USD
KFF-Digital-Empire,3553,35530000,1.0,0.9849043476892767,USD
NBBC_SOLUTION,233,34251000,0.9176266094420602,0.8578857839484979,USD
FAST RELEASE USDT,3235,32346765,1.0,0.9762873552828438,USD
