merchant_name,ads_count,total_volume,avg_finish_rate,avg_positive_rate,currency
Phantom Flow KH,569,808950000,0.9972952548330405,1.0,USD
Valiko_USDT,363,94380000,0.9972341597796143,0.9964895590082644,USD
金龙99Exchange,1825,27375000,0.9953287671232877,0.9674772347616439,USD
Global Merchant Pro,2643,23010000,0.9813730609156261,0.9679683065758607,USD
KFF-Digital-Empire,2124,21240000,1.0,0.9847797700612052,USD
FAST RELEASE USDT,2053,20527947,1.0,0.9763861133560643,USD
TLC-EXCHANGE-FAST,1972,19713638,0.9988995943204868,0.9987082801521299,USD
CASHAPP_CHIME_P2P,563,15955000,0.9577140319715808,0.9954090187033748,USD
VARADER0,487,14610000,0.9974969199178645,0.9999884535112936,USD
Iriska7r,533,14391000,0.9938705440900562,0.9984820312007505,USD
