merchant_name,ads_count,total_volume,avg_finish_rate,avg_positive_rate,currency
Phantom Flow KH,942,1339450000,0.9950541401273886,0.999952819044586,USD
SoftTraders,81,405000000,0.9698024691358025,0.9970634914814814,USD
Valiko_USDT,430,111800000,0.9967302325581395,0.9964942108372092,USD
金龙99Exchange,3460,51900000,0.9939098265895954,0.9673287472601155,USD
Global Merchant Pro,5386,49718000,0.9819053100631265,0.9658111987523208,USD
TLC-EXCHANGE-FAST,3790,37636871,0.9975087071240105,0.9987164790791556,USD
KFF-Digital-Empire,3553,35530000,1.0,0.9849043476892767,USD
NBBC_SOLUTION,233,34251000,0.9176266094420602,0.8578857839484979,USD
FAST RELEASE USDT,3235,32346765,1.0,0.9762873552828438,USD
Iriska7r,1077,29079000,0.9913333333333333,0.9984713575951718,USD
