merchant_name,ads_count,total_volume,avg_finish_rate,avg_positive_rate,currency
Phantom Flow KH,880,1246450000,0.995534090909091,0.9999494949318182,USD
SoftTraders,81,405000000,0.9698024691358025,0.9970634914814814,USD
Valiko_USDT,400,104000000,0.996935,0.9964921469,USD
金龙99Exchange,2829,42435000,0.9942619300106044,0.9673188006079887,USD
Global Merchant Pro,4360,39500000,0.9814149082568807,0.9665571161559633,USD
NBBC_SOLUTION,224,32928000,0.9172901785714286,0.8578838346428571,USD
TLC-EXCHANGE-FAST,3139,31127522,0.9978215992354252,0.9987137908505894,USD
KFF-Digital-Empire,3056,30560000,1.0,0.9848840832133507,USD
FAST RELEASE USDT,2965,29647035,1.0,0.9763045575379427,USD
VARADER0,771,23130000,0.9978236057068742,0.9999798900259403,USD
