merchant_name,ads_count,total_volume,avg_finish_rate,avg_positive_rate,currency
Phantom Flow KH,819,1173950000,0.996020757020757,0.9999457332600732,USD
SoftTraders,81,405000000,0.9698024691358025,0.9970634914814814,USD
Valiko_USDT,400,104000000,0.996935,0.9964921469,USD
金龙99Exchange,2577,38655000,0.9943853317811409,0.9673436192239037,USD
Global Merchant Pro,3840,34620000,0.9814955729166666,0.9669726109348958,USD
KFF-Digital-Empire,2845,28450000,1.0,0.9848649606115992,USD
TLC-EXCHANGE-FAST,2783,27567878,0.9980546173194393,0.9987121873913044,USD
FAST RELEASE USDT,2579,25787421,1.0,0.9762982840480806,USD
Iriska7r,738,19926000,0.9923712737127371,0.9984736058536585,USD
VARADER0,662,19860000,0.997629909365559,0.9999915058308156,USD
