merchant_name,ads_count,total_volume,avg_finish_rate,avg_positive_rate,currency
Phantom Flow KH,666,954450000,0.9971576576576576,1.0,USD
Valiko_USDT,400,104000000,0.996935,0.9964921469,USD
金龙99Exchange,2128,31920000,0.9948641917293233,0.9674308561090227,USD
Global Merchant Pro,3123,27930000,0.9816349663784821,0.9676165114505283,USD
KFF-Digital-Empire,2464,24640000,1.0,0.984822416205357,USD
TLC-EXCHANGE-FAST,2352,23258309,0.9984311224489796,0.998710223609694,USD
FAST RELEASE USDT,2071,20707929,1.0,0.9763752079719943,USD
SoftTraders,4,20000000,0.966,0.99706275,USD
CASHAPP_CHIME_P2P,586,16530000,0.958117747440273,0.9954092260238908,USD
Iriska7r,585,15795000,0.9934444444444444,0.9984827763247864,USD
