merchant_name,ads_count,total_volume,avg_finish_rate,avg_positive_rate,currency
Phantom Flow KH,942,1339450000,0.9950541401273886,0.999952819044586,USD
SoftTraders,81,405000000,0.9698024691358025,0.9970634914814814,USD
Valiko_USDT,448,116480000,0.9966205357142857,0.996495316517857,USD
魁拔KEN,255,93555000,0.981843137254902,0.9973526101960785,USD
金龙99Exchange,3480,52200000,0.9939045977011495,0.9673274508678161,USD
Global Merchant Pro,5410,49928000,0.9819279112754158,0.9657919000739372,USD
TLC-EXCHANGE-FAST,3790,37636871,0.9975087071240105,0.9987164790791556,USD
KFF-Digital-Empire,3553,35530000,1.0,0.9849043476892767,USD
NBBC_SOLUTION,233,34251000,0.9176266094420602,0.8578857839484979,USD
FAST RELEASE USDT,3235,32346765,1.0,0.9762873552828438,USD
