merchant_name,ads_count,total_volume,avg_finish_rate,avg_positive_rate,currency
Phantom Flow KH,819,1173950000,0.996020757020757,0.9999457332600732,USD
SoftTraders,81,405000000,0.9698024691358025,0.9970634914814814,USD
Valiko_USDT,400,104000000,0.996935,0.9964921469,USD
金龙99Exchange,2600,39000000,0.9943730769230769,0.9673408449923077,USD
Global Merchant Pro,3868,34910000,0.9814919855222337,0.9669485488081695,USD
KFF-Digital-Empire,2862,28620000,1.0,0.9848667313137667,USD
TLC-EXCHANGE-FAST,2811,27847850,0.9980341515474921,0.9987123160903594,USD
FAST RELEASE USDT,2603,26027397,1.0,0.9763006734152901,USD
Iriska7r,738,19926000,0.9923712737127371,0.9984736058536585,USD
VARADER0,663,19890000,0.9976319758672699,0.9999915186425339,USD
