merchant_name,ads_count,total_volume,avg_finish_rate,avg_positive_rate,currency
Phantom Flow KH,492,697905000,0.997349593495935,1.0,USD
Valiko_USDT,361,93860000,0.9972520775623268,0.9964894143490306,USD
金龙99Exchange,1622,24330000,0.9956202219482121,0.9674624327805179,USD
Global Merchant Pro,2332,19745000,0.981156089193825,0.9682658902958834,USD
FAST RELEASE USDT,1884,18838116,1.0,0.9764594459235669,USD
KFF-Digital-Empire,1879,18790000,1.0,0.9847279395529537,USD
TLC-EXCHANGE-FAST,1672,16713938,0.9991136363636364,0.9987065061483253,USD
CASHAPP_CHIME_P2P,563,15955000,0.9577140319715808,0.9954090187033748,USD
VARADER0,446,13380000,0.9974506726457399,1.0,USD
Iriska7r,472,12744000,0.9943771186440679,0.998481259851695,USD
