merchant_name,ads_count,total_volume,avg_finish_rate,avg_positive_rate,currency
Phantom Flow KH,895,1268950000,0.9954245810055865,0.9999503413854748,USD
SoftTraders,81,405000000,0.9698024691358025,0.9970634914814814,USD
Valiko_USDT,400,104000000,0.996935,0.9964921469,USD
金龙99Exchange,3100,46500000,0.9941206451612903,0.967327586648387,USD
Global Merchant Pro,4794,43860000,0.9814121818940342,0.9662553903295786,USD
TLC-EXCHANGE-FAST,3496,34697165,0.9976355835240275,0.9987152429490848,USD
NBBC_SOLUTION,233,34251000,0.9176266094420602,0.8578857839484979,USD
KFF-Digital-Empire,3293,32930000,1.0,0.984892929025205,USD
FAST RELEASE USDT,3060,30596940,1.0,0.9762983701960785,USD
VARADER0,840,25200000,0.9979202380952381,0.9999815419166667,USD
