merchant_name,ads_count,total_volume,avg_finish_rate,avg_positive_rate,currency
Phantom Flow KH,483,684405000,0.9973561076604555,1.0,USD
Valiko_USDT,355,92300000,0.9973070422535211,0.9964889705915493,USD
金龙99Exchange,1536,23040000,0.9957669270833334,0.9674602848502604,USD
Global Merchant Pro,2251,18920000,0.9810959573522879,0.9683450354731231,USD
FAST RELEASE USDT,1881,18808119,1.0,0.9764600262041467,USD
KFF-Digital-Empire,1835,18350000,1.0,0.9847180588065395,USD
TLC-EXCHANGE-FAST,1632,16313978,0.9991164215686275,0.9987062418382354,USD
CASHAPP_CHIME_P2P,554,15730000,0.9575306859205776,0.9954089566245486,USD
VARADER0,438,13140000,0.9974406392694064,1.0,USD
Iriska7r,459,12393000,0.9945010893246188,0.9984810825490197,USD
