merchant_name,ads_count,total_volume,avg_finish_rate,avg_positive_rate,currency
Phantom Flow KH,868,1233950000,0.9956244239631337,0.9999487967050691,USD
SoftTraders,81,405000000,0.9698024691358025,0.9970634914814814,USD
Valiko_USDT,400,104000000,0.996935,0.9964921469,USD
金龙99Exchange,2771,41565000,0.9942883435582821,0.9673229390869723,USD
Global Merchant Pro,4158,37560000,0.9814391534391534,0.966714297044252,USD
TLC-EXCHANGE-FAST,3052,30257609,0.9978735255570119,0.9987134060452163,USD
KFF-Digital-Empire,3009,30090000,1.0,0.9848817362445995,USD
FAST RELEASE USDT,2823,28227177,1.0,0.9763025802019129,USD
NBBC_SOLUTION,154,22638000,0.9173051948051949,0.85787806,USD
Iriska7r,798,21546000,0.9921177944862156,0.9984753389473685,USD
