merchant_name,ads_count,total_volume,avg_finish_rate,avg_positive_rate,currency
Phantom Flow KH,442,622905000,0.9973891402714932,1.0,USD
Valiko_USDT,347,90220000,0.9973832853025936,0.9964883957925071,USD
金龙99Exchange,1426,21390000,0.9959803646563815,0.9674609569214586,USD
Global Merchant Pro,2117,17515000,0.9810387340576286,0.9684754805243269,USD
FAST RELEASE USDT,1744,17438256,1.0,0.9764862288130735,USD
KFF-Digital-Empire,1742,17420000,1.0,0.9846969536681975,USD
TLC-EXCHANGE-FAST,1518,15174092,0.9991251646903822,0.9987054687944663,USD
CASHAPP_CHIME_P2P,529,15105000,0.9569735349716446,0.9954087731001889,USD
VARADER0,419,12570000,0.9974152744630072,1.0,USD
Iriska7r,442,11934000,0.9946742081447965,0.9984808471040724,USD
