merchant_name,ads_count,total_volume,avg_finish_rate,avg_positive_rate,currency
Phantom Flow KH,819,1173950000,0.996020757020757,0.9999457332600732,USD
SoftTraders,81,405000000,0.9698024691358025,0.9970634914814814,USD
Valiko_USDT,400,104000000,0.996935,0.9964921469,USD
金龙99Exchange,2562,38430000,0.9943934426229508,0.9673454680483997,USD
Global Merchant Pro,3771,33930000,0.981504640678865,0.9670297378652878,USD
KFF-Digital-Empire,2821,28210000,1.0,0.9848624557887274,USD
TLC-EXCHANGE-FAST,2750,27237911,0.9980792727272727,0.9987120391927272,USD
FAST RELEASE USDT,2537,25367463,1.0,0.9762945860504533,USD
VARADER0,654,19620000,0.9976253822629969,0.9999914019266055,USD
Iriska7r,723,19521000,0.9924412171507607,0.9984783543153527,USD
