merchant_name,ads_count,total_volume,avg_finish_rate,avg_positive_rate,currency
Phantom Flow KH,895,1268950000,0.9954245810055865,0.9999503413854748,USD
SoftTraders,81,405000000,0.9698024691358025,0.9970634914814814,USD
Valiko_USDT,400,104000000,0.996935,0.9964921469,USD
金龙99Exchange,3037,45555000,0.9941646361540993,0.9673251760487322,USD
Global Merchant Pro,4714,43130000,0.9814022061943148,0.9663078551039457,USD
NBBC_SOLUTION,233,34251000,0.9176266094420602,0.8578857839484979,USD
TLC-EXCHANGE-FAST,3436,34097225,0.9976641443538999,0.9987150069121071,USD
KFF-Digital-Empire,3293,32930000,1.0,0.984892929025205,USD
FAST RELEASE USDT,3042,30416958,1.0,0.9762997922682446,USD
VARADER0,820,24600000,0.9978939024390244,0.9999810917195122,USD
