merchant_name,ads_count,total_volume,avg_finish_rate,avg_positive_rate,currency
Phantom Flow KH,910,1291450000,0.9953021978021979,0.9999511599340659,USD
SoftTraders,81,405000000,0.9698024691358025,0.9970634914814814,USD
Valiko_USDT,400,104000000,0.996935,0.9964921469,USD
金龙99Exchange,3230,48450000,0.994035294117647,0.9673331110804954,USD
Global Merchant Pro,4993,45767000,0.9815141197676747,0.9661171242699779,USD
TLC-EXCHANGE-FAST,3572,35457089,0.9976007838745801,0.9987155367161255,USD
NBBC_SOLUTION,233,34251000,0.9176266094420602,0.8578857839484979,USD
KFF-Digital-Empire,3351,33510000,1.0,0.984895222336616,USD
FAST RELEASE USDT,3176,31756824,1.0,0.9762904642915616,USD
VARADER0,872,26160000,0.9979598623853211,0.999982219277523,USD
