merchant_name,ads_count,total_volume,avg_finish_rate,avg_positive_rate,currency
Phantom Flow KH,923,1310950000,0.9951993499458288,0.9999518478223185,USD
SoftTraders,81,405000000,0.9698024691358025,0.9970634914814814,USD
Valiko_USDT,400,104000000,0.996935,0.9964921469,USD
金龙99Exchange,3309,49635000,0.9939867029313991,0.9673362111604714,USD
Global Merchant Pro,5089,46670000,0.9816079779917469,0.9660454628335625,USD
TLC-EXCHANGE-FAST,3621,35947040,0.9975791217895609,0.998715741505109,USD
NBBC_SOLUTION,233,34251000,0.9176266094420602,0.8578857839484979,USD
KFF-Digital-Empire,3395,33950000,1.0,0.9848970124860089,USD
FAST RELEASE USDT,3221,32206779,1.0,0.9762880508723999,USD
VARADER0,903,27090000,0.9979955703211518,0.9999828296899225,USD
