merchant_name,ads_count,total_volume,avg_finish_rate,avg_positive_rate,currency
Phantom Flow KH,775,1117950000,0.9964193548387097,0.9999426523096774,USD
Valiko_USDT,400,104000000,0.996935,0.9964921469,USD
SoftTraders,19,95000000,0.969157894736842,0.9970633657894737,USD
金龙99Exchange,2417,36255000,0.9945217211419115,0.9673706993876706,USD
Global Merchant Pro,3580,31940000,0.98153156424581,0.9671941129916202,USD
KFF-Digital-Empire,2694,26940000,1.0,0.984848739536006,USD
TLC-EXCHANGE-FAST,2610,25838051,0.998190804597701,0.998711417302682,USD
FAST RELEASE USDT,2375,23747625,1.0,0.9762917047705263,USD
Iriska7r,705,19035000,0.9925375886524823,0.9984843372907801,USD
VARADER0,622,18660000,0.9976061093247588,0.9999909595819936,USD
