merchant_name,ads_count,total_volume,avg_finish_rate,avg_positive_rate,currency
Phantom Flow KH,459,648405000,0.9973747276688454,1.0,USD
Valiko_USDT,354,92040000,0.9973163841807909,0.9964888980225988,USD
金龙99Exchange,1455,21825000,0.9959209621993127,0.9674586457594502,USD
Global Merchant Pro,2172,18030000,0.9810630755064458,0.9684200316758749,USD
FAST RELEASE USDT,1803,18028197,1.0,0.9764760147143648,USD
KFF-Digital-Empire,1765,17650000,1.0,0.9847022110991501,USD
TLC-EXCHANGE-FAST,1551,15504059,0.9991225016118632,0.9987056978916828,USD
CASHAPP_CHIME_P2P,537,15305000,0.9571675977653632,0.9954088336871507,USD
VARADER0,437,13110000,0.9974393592677345,1.0,USD
Iriska7r,459,12393000,0.9945010893246188,0.9984810825490197,USD
