merchant_name,ads_count,total_volume,avg_finish_rate,avg_positive_rate,currency
Phantom Flow KH,657,940950000,0.9971735159817352,1.0,USD
Valiko_USDT,400,104000000,0.996935,0.9964921469,USD
金龙99Exchange,2121,31815000,0.9948736445073079,0.9674319721027818,USD
Global Merchant Pro,3096,27660000,0.9816492248062016,0.9676419336014211,USD
KFF-Digital-Empire,2429,24290000,1.0,0.9848182512721285,USD
TLC-EXCHANGE-FAST,2325,22988336,0.9984593548387097,0.9987100992774195,USD
FAST RELEASE USDT,2053,20527947,1.0,0.9763861133560643,USD
SoftTraders,4,20000000,0.966,0.99706275,USD
CASHAPP_CHIME_P2P,586,16530000,0.958117747440273,0.9954092260238908,USD
Iriska7r,585,15795000,0.9934444444444444,0.9984827763247864,USD
