merchant_name,ads_count,total_volume,avg_finish_rate,avg_positive_rate,currency
Phantom Flow KH,863,1228950000,0.9956628041714948,0.9999485000463499,USD
SoftTraders,81,405000000,0.9698024691358025,0.9970634914814814,USD
Valiko_USDT,400,104000000,0.996935,0.9964921469,USD
金龙99Exchange,2763,41445000,0.9942920738327904,0.9673235868005791,USD
Global Merchant Pro,4146,37470000,0.9814433188615532,0.9667237882657983,USD
TLC-EXCHANGE-FAST,3042,30157619,0.997879684418146,0.9987133608974359,USD
KFF-Digital-Empire,2999,29990000,1.0,0.9848807417739246,USD
FAST RELEASE USDT,2813,28127187,1.0,0.9763022169605404,USD
NBBC_SOLUTION,149,21903000,0.9173154362416108,0.85787806,USD
Iriska7r,798,21546000,0.9921177944862156,0.9984753389473685,USD
