merchant_name,ads_count,total_volume,avg_finish_rate,avg_positive_rate,currency
Phantom Flow KH,914,1297450000,0.9952702407002189,0.9999513736761487,USD
SoftTraders,81,405000000,0.9698024691358025,0.9970634914814814,USD
Valiko_USDT,400,104000000,0.996935,0.9964921469,USD
金龙99Exchange,3245,48675000,0.9940258859784283,0.9673340891956856,USD
Global Merchant Pro,5008,45924500,0.9815275559105431,0.9661057332428116,USD
TLC-EXCHANGE-FAST,3578,35517083,0.9975980994969257,0.9987155613555059,USD
NBBC_SOLUTION,233,34251000,0.9176266094420602,0.8578857839484979,USD
KFF-Digital-Empire,3361,33610000,1.0,0.984895626614103,USD
FAST RELEASE USDT,3189,31886811,1.0,0.9762897106867356,USD
VARADER0,878,26340000,0.9979669703872438,0.999982340785877,USD
