merchant_name,ads_count,total_volume,avg_finish_rate,avg_positive_rate,currency
Phantom Flow KH,861,1226450000,0.995678281068525,0.9999483804181184,USD
SoftTraders,81,405000000,0.9698024691358025,0.9970634914814814,USD
Valiko_USDT,400,104000000,0.996935,0.9964921469,USD
金龙99Exchange,2761,41415000,0.9942930097790655,0.9673237538174574,USD
Global Merchant Pro,4143,37440000,0.9814443639874486,0.9667261696620807,USD
TLC-EXCHANGE-FAST,3040,30137621,0.9978809210526316,0.9987133518322368,USD
KFF-Digital-Empire,2997,29970000,1.0,0.9848805424691359,USD
FAST RELEASE USDT,2811,28107189,1.0,0.9763021440021344,USD
NBBC_SOLUTION,148,21756000,0.9173175675675675,0.85787806,USD
Iriska7r,798,21546000,0.9921177944862156,0.9984753389473685,USD
