merchant_name,ads_count,total_volume,avg_finish_rate,avg_positive_rate,currency
Phantom Flow KH,897,1271950000,0.9954080267558528,0.9999504521070234,USD
SoftTraders,81,405000000,0.9698024691358025,0.9970634914814814,USD
Valiko_USDT,400,104000000,0.996935,0.9964921469,USD
金龙99Exchange,3211,48165000,0.9940473372781065,0.9673318908595453,USD
Global Merchant Pro,4954,45357500,0.9814788050060558,0.9661470864069438,USD
TLC-EXCHANGE-FAST,3559,35327102,0.997606631076145,0.9987154854088227,USD
NBBC_SOLUTION,233,34251000,0.9176266094420602,0.8578857839484979,USD
KFF-Digital-Empire,3333,33330000,1.0,0.9848945033663367,USD
FAST RELEASE USDT,3137,31366863,1.0,0.9762928729136118,USD
Iriska7r,967,26109000,0.991598759048604,0.9984676741365047,USD
