merchant_name,ads_count,total_volume,avg_finish_rate,avg_positive_rate,currency
Phantom Flow KH,781,1125950000,0.9963623559539052,0.9999430928809219,USD
SoftTraders,23,115000000,0.969304347826087,0.9970633943478261,USD
Valiko_USDT,400,104000000,0.996935,0.9964921469,USD
金龙99Exchange,2417,36255000,0.9945217211419115,0.9673706993876706,USD
Global Merchant Pro,3592,32060000,0.9815297884187082,0.9671832711219377,USD
KFF-Digital-Empire,2707,27070000,1.0,0.9848501648429997,USD
TLC-EXCHANGE-FAST,2616,25898045,0.9981857798165137,0.9987114452446484,USD
FAST RELEASE USDT,2384,23837616,1.0,0.976291315079698,USD
Iriska7r,705,19035000,0.9925375886524823,0.9984843372907801,USD
VARADER0,622,18660000,0.9976061093247588,0.9999909595819936,USD
