merchant_name,ads_count,total_volume,avg_finish_rate,avg_positive_rate,currency
Phantom Flow KH,743,1069950000,0.9967294751009422,0.999940182422611,USD
Valiko_USDT,400,104000000,0.996935,0.9964921469,USD
金龙99Exchange,2289,34335000,0.994662734818698,0.9673997085277413,USD
Global Merchant Pro,3366,30045000,0.9815653594771242,0.9673868144652406,USD
KFF-Digital-Empire,2627,26270000,1.0,0.9848412636733918,USD
TLC-EXCHANGE-FAST,2503,24768158,0.9982844586496205,0.9987109202596884,USD
FAST RELEASE USDT,2223,22227777,1.0,0.9763115465407107,USD
SoftTraders,4,20000000,0.966,0.99706275,USD
Iriska7r,648,17496000,0.9929151234567901,0.9984836433179012,USD
VARADER0,572,17160000,0.9975716783216783,0.9999901693356643,USD
