merchant_name,ads_count,total_volume,avg_finish_rate,avg_positive_rate,currency
Phantom Flow KH,913,1295950000,0.9952782037239868,0.9999513204162103,USD
SoftTraders,81,405000000,0.9698024691358025,0.9970634914814814,USD
Valiko_USDT,400,104000000,0.996935,0.9964921469,USD
金龙99Exchange,3236,48540000,0.9940315203955501,0.9673335041100124,USD
Global Merchant Pro,5002,45861500,0.9815221911235505,0.9661102814554178,USD
TLC-EXCHANGE-FAST,3576,35497085,0.9975989932885907,0.998715553151566,USD
NBBC_SOLUTION,233,34251000,0.9176266094420602,0.8578857839484979,USD
KFF-Digital-Empire,3355,33550000,1.0,0.9848953843368108,USD
FAST RELEASE USDT,3181,31806819,1.0,0.9762901661835901,USD
VARADER0,875,26250000,0.9979634285714285,0.99998228024,USD
