merchant_name,ads_count,total_volume,avg_finish_rate,avg_positive_rate,currency
Phantom Flow KH,942,1339450000,0.9950541401273886,0.999952819044586,USD
SoftTraders,81,405000000,0.9698024691358025,0.9970634914814814,USD
魁拔KEN,270,128675000,0.9820185185185184,0.9971344145185185,USD
Valiko_USDT,456,118560000,0.9965679824561403,0.9964957799122808,USD
金龙99Exchange,3480,52200000,0.9939045977011495,0.9673274508678161,USD
Global Merchant Pro,5418,49968000,0.9819359542266519,0.9657850965448505,USD
TLC-EXCHANGE-FAST,3811,37846850,0.997500393597481,0.998716573130412,USD
KFF-Digital-Empire,3561,35610000,1.0,0.9849047724178601,USD
NBBC_SOLUTION,233,34251000,0.9176266094420602,0.8578857839484979,USD
FAST RELEASE USDT,3235,32346765,1.0,0.9762873552828438,USD
