merchant_name,ads_count,total_volume,avg_finish_rate,avg_positive_rate,currency
Phantom Flow KH,764,1101450000,0.9965170157068062,0.9999418266230367,USD
Valiko_USDT,400,104000000,0.996935,0.9964921469,USD
金龙99Exchange,2326,34890000,0.9946203783319003,0.9673911639982804,USD
Global Merchant Pro,3417,30345000,0.981556921275973,0.9673399512730465,USD
KFF-Digital-Empire,2658,26580000,1.0,0.9848447679834461,USD
TLC-EXCHANGE-FAST,2549,25228112,0.998243232640251,0.9987111339387994,USD
FAST RELEASE USDT,2278,22777722,1.0,0.9763015669095698,USD
SoftTraders,4,20000000,0.966,0.99706275,USD
Iriska7r,665,17955000,0.9927894736842106,0.9984838492781956,USD
VARADER0,597,17910000,0.9975896147403686,0.9999905810050251,USD
