merchant_name,ads_count,total_volume,avg_finish_rate,avg_positive_rate,currency
Phantom Flow KH,463,654405000,0.9973714902807775,1.0,USD
Valiko_USDT,354,92040000,0.9973163841807909,0.9964888980225988,USD
金龙99Exchange,1476,22140000,0.9958794037940378,0.967457938292683,USD
FAST RELEASE USDT,1839,18388161,1.0,0.9764692150244698,USD
Global Merchant Pro,2198,18340000,0.9810741583257506,0.968394551210191,USD
KFF-Digital-Empire,1797,17970000,1.0,0.9847095022871453,USD
TLC-EXCHANGE-FAST,1574,15734036,0.9991207115628971,0.9987058541486658,USD
CASHAPP_CHIME_P2P,539,15355000,0.9572115027829313,0.9954088485528757,USD
VARADER0,437,13110000,0.9974393592677345,1.0,USD
Iriska7r,459,12393000,0.9945010893246188,0.9984810825490197,USD
