merchant_name,ads_count,total_volume,avg_finish_rate,avg_positive_rate,currency
Phantom Flow KH,840,1199450000,0.9958452380952381,0.9999470899285714,USD
SoftTraders,81,405000000,0.9698024691358025,0.9970634914814814,USD
Valiko_USDT,400,104000000,0.996935,0.9964921469,USD
金龙99Exchange,2666,39990000,0.9943390847711928,0.9673334317179295,USD
Global Merchant Pro,3952,35525000,0.981481528340081,0.9668786154858299,USD
KFF-Digital-Empire,2925,29250000,1.0,0.9848732452581197,USD
TLC-EXCHANGE-FAST,2909,28827752,0.9979656239257476,0.9987127609109661,USD
FAST RELEASE USDT,2673,26727327,1.0,0.976303495046764,USD
VARADER0,689,20670000,0.9976835994194485,0.999985071306241,USD
Iriska7r,757,20439000,0.9922866578599735,0.9984741664200794,USD
