merchant_name,ads_count,total_volume,avg_finish_rate,avg_positive_rate,currency
Phantom Flow KH,819,1173950000,0.996020757020757,0.9999457332600732,USD
SoftTraders,81,405000000,0.9698024691358025,0.9970634914814814,USD
Valiko_USDT,400,104000000,0.996935,0.9964921469,USD
金龙99Exchange,2562,38430000,0.9943934426229508,0.9673454680483997,USD
Global Merchant Pro,3792,34140000,0.9815018459915612,0.9670126755986287,USD
KFF-Digital-Empire,2821,28210000,1.0,0.9848624557887274,USD
TLC-EXCHANGE-FAST,2750,27237911,0.9980792727272727,0.9987120391927272,USD
FAST RELEASE USDT,2558,25577442,1.0,0.9762963345152463,USD
VARADER0,661,19830000,0.9976293494704992,0.9999914929803329,USD
Iriska7r,730,19710000,0.9924082191780822,0.9984761140821917,USD
