merchant_name,ads_count,total_volume,avg_finish_rate,avg_positive_rate,currency
Phantom Flow KH,895,1268950000,0.9954245810055865,0.9999503413854748,USD
SoftTraders,81,405000000,0.9698024691358025,0.9970634914814814,USD
Valiko_USDT,400,104000000,0.996935,0.9964921469,USD
金龙99Exchange,3166,47490000,0.9940764371446621,0.9673290981238155,USD
Global Merchant Pro,4837,44211500,0.9814174074839777,0.9662275426007857,USD
TLC-EXCHANGE-FAST,3511,34847150,0.9976285958416405,0.9987153006978069,USD
NBBC_SOLUTION,233,34251000,0.9176266094420602,0.8578857839484979,USD
KFF-Digital-Empire,3293,32930000,1.0,0.984892929025205,USD
FAST RELEASE USDT,3107,31066893,1.0,0.9762948500643708,USD
VARADER0,861,25830000,0.9979465737514518,0.9999819921138211,USD
