merchant_name,ads_count,total_volume,avg_finish_rate,avg_positive_rate,currency
Phantom Flow KH,895,1268950000,0.9954245810055865,0.9999503413854748,USD
SoftTraders,81,405000000,0.9698024691358025,0.9970634914814814,USD
Valiko_USDT,400,104000000,0.996935,0.9964921469,USD
金龙99Exchange,3056,45840000,0.9941511780104713,0.9673261411943718,USD
Global Merchant Pro,4738,43370000,0.9814052342760659,0.9662918460953989,USD
NBBC_SOLUTION,233,34251000,0.9176266094420602,0.8578857839484979,USD
TLC-EXCHANGE-FAST,3451,34247210,0.9976569110402782,0.9987150666908142,USD
KFF-Digital-Empire,3293,32930000,1.0,0.984892929025205,USD
FAST RELEASE USDT,3057,30566943,1.0,0.9762986060451423,USD
VARADER0,827,24810000,0.9979032648125755,0.9999812517654172,USD
