merchant_name,ads_count,total_volume,avg_finish_rate,avg_positive_rate,currency
Phantom Flow KH,608,867450000,0.997268092105263,1.0,USD
Valiko_USDT,363,94380000,0.9972341597796143,0.9964895590082644,USD
金龙99Exchange,1912,28680000,0.9951877615062762,0.9674691283158996,USD
Global Merchant Pro,2762,24205000,0.9814627081824765,0.9678745118428674,USD
KFF-Digital-Empire,2214,22140000,1.0,0.9847931141644083,USD
TLC-EXCHANGE-FAST,2085,20743545,0.9987424460431655,0.998708883294964,USD
FAST RELEASE USDT,2053,20527947,1.0,0.9763861133560643,USD
CASHAPP_CHIME_P2P,578,16330000,0.9579809688581314,0.9954091178719722,USD
SoftTraders,3,15000000,0.9659999999999999,0.99706275,USD
VARADER0,487,14610000,0.9974969199178645,0.9999884535112936,USD
