merchant_name,ads_count,total_volume,avg_finish_rate,avg_positive_rate,currency
Phantom Flow KH,880,1246450000,0.995534090909091,0.9999494949318182,USD
SoftTraders,81,405000000,0.9698024691358025,0.9970634914814814,USD
Valiko_USDT,400,104000000,0.996935,0.9964921469,USD
金龙99Exchange,2832,42480000,0.994260593220339,0.9673187330120057,USD
Global Merchant Pro,4396,39860000,0.9814087807097361,0.9665296944927205,USD
NBBC_SOLUTION,233,34251000,0.9176266094420602,0.8578857839484979,USD
TLC-EXCHANGE-FAST,3175,31487486,0.9978009448818898,0.998713943911811,USD
KFF-Digital-Empire,3090,30900000,1.0,0.984885340330097,USD
FAST RELEASE USDT,2965,29647035,1.0,0.9763045575379427,USD
VARADER0,771,23130000,0.9978236057068742,0.9999798900259403,USD
