merchant_name,ads_count,total_volume,avg_finish_rate,avg_positive_rate,currency
Phantom Flow KH,896,1270450000,0.9954162946428572,0.9999503968080357,USD
SoftTraders,81,405000000,0.9698024691358025,0.9970634914814814,USD
Valiko_USDT,400,104000000,0.996935,0.9964921469,USD
金龙99Exchange,3209,48135000,0.9940486132751636,0.9673317653879713,USD
Global Merchant Pro,4951,45326000,0.9814760654413249,0.9661494165461524,USD
TLC-EXCHANGE-FAST,3557,35307104,0.9976075344391341,0.9987154776131572,USD
NBBC_SOLUTION,233,34251000,0.9176266094420602,0.8578857839484979,USD
KFF-Digital-Empire,3329,33290000,1.0,0.9848943427335536,USD
FAST RELEASE USDT,3134,31336866,1.0,0.9762930644990427,USD
Iriska7r,967,26109000,0.991598759048604,0.9984676741365047,USD
