merchant_name,ads_count,total_volume,avg_finish_rate,avg_positive_rate,currency
Phantom Flow KH,880,1246450000,0.995534090909091,0.9999494949318182,USD
SoftTraders,81,405000000,0.9698024691358025,0.9970634914814814,USD
Valiko_USDT,400,104000000,0.996935,0.9964921469,USD
金龙99Exchange,2829,42435000,0.9942619300106044,0.9673188006079887,USD
Global Merchant Pro,4309,38990000,0.9814205152007426,0.9665970990067302,USD
TLC-EXCHANGE-FAST,3121,30947540,0.9978321050945209,0.9987137129958347,USD
KFF-Digital-Empire,3046,30460000,1.0,0.9848837154629022,USD
NBBC_SOLUTION,207,30429000,0.9172270531400967,0.8578796901449276,USD
FAST RELEASE USDT,2938,29377062,1.0,0.9763047059632403,USD
VARADER0,763,22890000,0.9978112712975099,0.9999796791743119,USD
