merchant_name,ads_count,total_volume,avg_finish_rate,avg_positive_rate,currency
Phantom Flow KH,942,1339450000,0.9950541401273886,0.999952819044586,USD
SoftTraders,81,405000000,0.9698024691358025,0.9970634914814814,USD
Valiko_USDT,426,110760000,0.996755868544601,0.9964939524413146,USD
金龙99Exchange,3414,51210000,0.9939256004686585,0.9673319452431166,USD
Global Merchant Pro,5348,49268500,0.981869109947644,0.965841854381077,USD
TLC-EXCHANGE-FAST,3770,37436891,0.9975167108753316,0.9987163904005305,USD
KFF-Digital-Empire,3543,35430000,1.0,0.9849038181597516,USD
NBBC_SOLUTION,233,34251000,0.9176266094420602,0.8578857839484979,USD
FAST RELEASE USDT,3235,32346765,1.0,0.9762873552828438,USD
VARADER0,954,28620000,0.9980492662473794,0.9999837475995806,USD
