merchant_name,ads_count,total_volume,avg_finish_rate,avg_positive_rate,currency
Phantom Flow KH,895,1268950000,0.9954245810055865,0.9999503413854748,USD
SoftTraders,81,405000000,0.9698024691358025,0.9970634914814814,USD
Valiko_USDT,400,104000000,0.996935,0.9964921469,USD
金龙99Exchange,3207,48105000,0.9940498908637356,0.9673316397599002,USD
Global Merchant Pro,4947,45289500,0.9814724075197089,0.966152527794623,USD
TLC-EXCHANGE-FAST,3555,35287106,0.9976084388185654,0.9987154698087202,USD
NBBC_SOLUTION,233,34251000,0.9176266094420602,0.8578857839484979,USD
KFF-Digital-Empire,3325,33250000,1.0,0.9848941852150376,USD
FAST RELEASE USDT,3131,31306869,1.0,0.9762932564516129,USD
Iriska7r,967,26109000,0.991598759048604,0.9984676741365047,USD
