merchant_name,ads_count,total_volume,avg_finish_rate,avg_positive_rate,currency
Phantom Flow KH,942,1339450000,0.9950541401273886,0.999952819044586,USD
SoftTraders,81,405000000,0.9698024691358025,0.9970634914814814,USD
Valiko_USDT,426,110760000,0.996755868544601,0.9964939524413146,USD
金龙99Exchange,3426,51390000,0.9939188558085231,0.9673310619556335,USD
Global Merchant Pro,5363,49438000,0.9818834607495805,0.9658296858493381,USD
TLC-EXCHANGE-FAST,3780,37536881,0.9975126984126984,0.9987164347380952,USD
KFF-Digital-Empire,3543,35430000,1.0,0.9849038181597516,USD
NBBC_SOLUTION,233,34251000,0.9176266094420602,0.8578857839484979,USD
FAST RELEASE USDT,3235,32346765,1.0,0.9762873552828438,USD
Iriska7r,1065,28755000,0.9913596244131455,0.998470987511737,USD
