merchant_name,ads_count,total_volume,avg_finish_rate,avg_positive_rate,currency
Phantom Flow KH,840,1199450000,0.9958452380952381,0.9999470899285714,USD
SoftTraders,81,405000000,0.9698024691358025,0.9970634914814814,USD
Valiko_USDT,400,104000000,0.996935,0.9964921469,USD
金龙99Exchange,2680,40200000,0.9943320895522388,0.9673319728432836,USD
Global Merchant Pro,3967,35675000,0.9814797075875976,0.9668664946180993,USD
KFF-Digital-Empire,2925,29250000,1.0,0.9848732452581197,USD
TLC-EXCHANGE-FAST,2924,28977737,0.9979555403556771,0.9987128267749659,USD
FAST RELEASE USDT,2682,26817318,1.0,0.97630231849739,USD
VARADER0,692,20760000,0.9976893063583815,0.9999843278034681,USD
Iriska7r,762,20574000,0.9922650918635171,0.9984743112598424,USD
