merchant_name,ads_count,total_volume,avg_finish_rate,avg_positive_rate,currency
Phantom Flow KH,830,1186950000,0.9959277108433735,0.9999464524578313,USD
SoftTraders,81,405000000,0.9698024691358025,0.9970634914814814,USD
Valiko_USDT,400,104000000,0.996935,0.9964921469,USD
金龙99Exchange,2606,39090000,0.9943699155794321,0.9673401390713738,USD
Global Merchant Pro,3891,35145000,0.9814890773580057,0.966929048843485,USD
KFF-Digital-Empire,2883,28830000,1.0,0.9848689034894207,USD
TLC-EXCHANGE-FAST,2835,28087826,0.9980169312169312,0.9987124278694886,USD
FAST RELEASE USDT,2617,26167383,1.0,0.9763022402674818,USD
VARADER0,671,20130000,0.9976482861400895,0.9999896734277198,USD
Iriska7r,738,19926000,0.9923712737127371,0.9984736058536585,USD
