merchant_name,ads_count,total_volume,avg_finish_rate,avg_positive_rate,currency
Phantom Flow KH,592,843450000,0.9972837837837839,1.0,USD
Valiko_USDT,363,94380000,0.9972341597796143,0.9964895590082644,USD
金龙99Exchange,1862,27930000,0.9952733619763695,0.9674773189258862,USD
Global Merchant Pro,2711,23695000,0.9814149760236075,0.9679136322537809,USD
KFF-Digital-Empire,2191,21910000,1.0,0.9847904257416704,USD
FAST RELEASE USDT,2053,20527947,1.0,0.9763861133560643,USD
TLC-EXCHANGE-FAST,2034,20303582,0.9988112094395281,0.9987086106637167,USD
CASHAPP_CHIME_P2P,578,16330000,0.9579809688581314,0.9954091178719722,USD
VARADER0,487,14610000,0.9974969199178645,0.9999884535112936,USD
Iriska7r,533,14391000,0.9938705440900562,0.9984820312007505,USD
