merchant_name,ads_count,total_volume,avg_finish_rate,avg_positive_rate,currency
Phantom Flow KH,902,1279450000,0.9953669623059868,0.9999507267627494,USD
SoftTraders,81,405000000,0.9698024691358025,0.9970634914814814,USD
Valiko_USDT,400,104000000,0.996935,0.9964921469,USD
金龙99Exchange,3221,48315000,0.9940409810617821,0.9673325298509781,USD
Global Merchant Pro,4969,45515000,0.9814924532099014,0.9661354929603542,USD
TLC-EXCHANGE-FAST,3565,35387096,0.9976039270687237,0.9987155089004208,USD
NBBC_SOLUTION,233,34251000,0.9176266094420602,0.8578857839484979,USD
KFF-Digital-Empire,3341,33410000,1.0,0.9848948234780005,USD
FAST RELEASE USDT,3152,31516848,1.0,0.976291925948604,USD
Iriska7r,967,26109000,0.991598759048604,0.9984676741365047,USD
