merchant_name,ads_count,total_volume,avg_finish_rate,avg_positive_rate,currency
Phantom Flow KH,840,1199450000,0.9958452380952381,0.9999470899285714,USD
SoftTraders,81,405000000,0.9698024691358025,0.9970634914814814,USD
Valiko_USDT,400,104000000,0.996935,0.9964921469,USD
金龙99Exchange,2636,39540000,0.9943543247344461,0.9673366882625191,USD
Global Merchant Pro,3921,35355000,0.9814853353736291,0.9669039934378986,USD
KFF-Digital-Empire,2897,28970000,1.0,0.9848703480773214,USD
TLC-EXCHANGE-FAST,2871,28447790,0.9979916405433646,0.9987125920341345,USD
FAST RELEASE USDT,2651,26507349,1.0,0.9763049449151263,USD
VARADER0,674,20220000,0.9976543026706232,0.9999888891097923,USD
Iriska7r,742,20034000,0.9923530997304583,0.9984737237735849,USD
