merchant_name,ads_count,total_volume,avg_finish_rate,avg_positive_rate,currency
Phantom Flow KH,880,1246450000,0.995534090909091,0.9999494949318182,USD
SoftTraders,81,405000000,0.9698024691358025,0.9970634914814814,USD
Valiko_USDT,400,104000000,0.996935,0.9964921469,USD
金龙99Exchange,2909,43635000,0.9942272258508078,0.9673202428154004,USD
Global Merchant Pro,4473,40665000,0.9814017437961099,0.9664727740688576,USD
NBBC_SOLUTION,233,34251000,0.9176266094420602,0.8578857839484979,USD
TLC-EXCHANGE-FAST,3271,32447390,0.9977480892693366,0.9987143375664934,USD
KFF-Digital-Empire,3186,31860000,1.0,0.9848889471751412,USD
FAST RELEASE USDT,2965,29647035,1.0,0.9763045575379427,USD
Iriska7r,868,23436000,0.9918663594470045,0.9984772478341014,USD
