merchant_name,ads_count,total_volume,avg_finish_rate,avg_positive_rate,currency
Phantom Flow KH,874,1239950000,0.995578947368421,0.999949148215103,USD
SoftTraders,81,405000000,0.9698024691358025,0.9970634914814814,USD
Valiko_USDT,400,104000000,0.996935,0.9964921469,USD
金龙99Exchange,2775,41625000,0.9942864864864864,0.9673226242054055,USD
Global Merchant Pro,4173,37680000,0.9814356578001437,0.9667025097795351,USD
TLC-EXCHANGE-FAST,3057,30307604,0.9978704612365064,0.9987134287536801,USD
KFF-Digital-Empire,3018,30180000,1.0,0.9848826363585156,USD
FAST RELEASE USDT,2831,28307169,1.0,0.9763028730024726,USD
NBBC_SOLUTION,160,23520000,0.91729375,0.85787806,USD
VARADER0,719,21570000,0.9977385257301808,0.9999784356189151,USD
