merchant_name,ads_count,total_volume,avg_finish_rate,avg_positive_rate,currency
Phantom Flow KH,880,1246450000,0.995534090909091,0.9999494949318182,USD
SoftTraders,81,405000000,0.9698024691358025,0.9970634914814814,USD
Valiko_USDT,400,104000000,0.996935,0.9964921469,USD
金龙99Exchange,2821,42315000,0.9942655086848635,0.9673192474654377,USD
Global Merchant Pro,4240,38300000,0.9814287735849057,0.966650976615566,USD
TLC-EXCHANGE-FAST,3110,30837551,0.9978385852090031,0.9987136649742765,USD
KFF-Digital-Empire,3046,30460000,1.0,0.9848837154629022,USD
FAST RELEASE USDT,2873,28727127,1.0,0.9763048210790114,USD
NBBC_SOLUTION,184,27048000,0.9172554347826087,0.85787806,USD
VARADER0,740,22200000,0.9977743243243242,0.999979047581081,USD
