merchant_name,ads_count,total_volume,avg_finish_rate,avg_positive_rate,currency
Phantom Flow KH,900,1276450000,0.9953833333333334,0.9999506172666667,USD
SoftTraders,81,405000000,0.9698024691358025,0.9970634914814814,USD
Valiko_USDT,400,104000000,0.996935,0.9964921469,USD
金龙99Exchange,3217,48255000,0.9940435188063413,0.9673322710009326,USD
Global Merchant Pro,4963,45452000,0.9814870038283297,0.9661401128913962,USD
TLC-EXCHANGE-FAST,3565,35387096,0.9976039270687237,0.9987155089004208,USD
NBBC_SOLUTION,233,34251000,0.9176266094420602,0.8578857839484979,USD
KFF-Digital-Empire,3341,33410000,1.0,0.9848948234780005,USD
FAST RELEASE USDT,3146,31456854,1.0,0.9762923003496503,USD
Iriska7r,967,26109000,0.991598759048604,0.9984676741365047,USD
