merchant_name,ads_count,total_volume,avg_finish_rate,avg_positive_rate,currency
Phantom Flow KH,895,1268950000,0.9954245810055865,0.9999503413854748,USD
SoftTraders,81,405000000,0.9698024691358025,0.9970634914814814,USD
Valiko_USDT,400,104000000,0.996935,0.9964921469,USD
金龙99Exchange,3097,46455000,0.994122699386503,0.9673275407652567,USD
Global Merchant Pro,4790,43825000,0.9814116910229644,0.9662579500187891,USD
TLC-EXCHANGE-FAST,3493,34667168,0.9976369882622388,0.9987152313398225,USD
NBBC_SOLUTION,233,34251000,0.9176266094420602,0.8578857839484979,USD
KFF-Digital-Empire,3293,32930000,1.0,0.984892929025205,USD
FAST RELEASE USDT,3060,30596940,1.0,0.9762983701960785,USD
VARADER0,839,25170000,0.9979189511323003,0.9999815199165674,USD
