merchant_name,ads_count,total_volume,avg_finish_rate,avg_positive_rate,currency
Phantom Flow KH,895,1268950000,0.9954245810055865,0.9999503413854748,USD
SoftTraders,81,405000000,0.9698024691358025,0.9970634914814814,USD
Valiko_USDT,400,104000000,0.996935,0.9964921469,USD
金龙99Exchange,3205,48075000,0.9940511700468019,0.967331513975039,USD
Global Merchant Pro,4943,45253000,0.9814687436779284,0.9661556541695326,USD
TLC-EXCHANGE-FAST,3553,35267108,0.9976093442161553,0.9987154619954968,USD
NBBC_SOLUTION,233,34251000,0.9176266094420602,0.8578857839484979,USD
KFF-Digital-Empire,3321,33210000,1.0,0.9848940273170732,USD
FAST RELEASE USDT,3128,31276872,1.0,0.9762934487723786,USD
Iriska7r,967,26109000,0.991598759048604,0.9984676741365047,USD
