merchant_name,ads_count,total_volume,avg_finish_rate,avg_positive_rate,currency
Phantom Flow KH,492,697905000,0.997349593495935,1.0,USD
Valiko_USDT,363,94380000,0.9972341597796143,0.9964895590082644,USD
金龙99Exchange,1630,24450000,0.9956073619631901,0.9674631916687116,USD
Global Merchant Pro,2356,19985000,0.9811748726655348,0.9682417893421053,USD
FAST RELEASE USDT,1884,18838116,1.0,0.9764594459235669,USD
KFF-Digital-Empire,1879,18790000,1.0,0.9847279395529537,USD
TLC-EXCHANGE-FAST,1672,16713938,0.9991136363636364,0.9987065061483253,USD
CASHAPP_CHIME_P2P,563,15955000,0.9577140319715808,0.9954090187033748,USD
VARADER0,454,13620000,0.9974603524229074,1.0,USD
Iriska7r,480,12960000,0.9943041666666667,0.9984813641875,USD
