merchant_name,ads_count,total_volume,avg_finish_rate,avg_positive_rate,currency
Phantom Flow KH,486,688905000,0.9973539094650206,1.0,USD
Valiko_USDT,355,92300000,0.9973070422535211,0.9964889705915493,USD
金龙99Exchange,1545,23175000,0.9957508090614886,0.9674607127443366,USD
Global Merchant Pro,2259,19005000,0.981099158919876,0.9683379157016379,USD
FAST RELEASE USDT,1884,18838116,1.0,0.9764594459235669,USD
KFF-Digital-Empire,1844,18440000,1.0,0.984720059116052,USD
TLC-EXCHANGE-FAST,1638,16373972,0.999115995115995,0.9987062814285714,USD
CASHAPP_CHIME_P2P,557,15805000,0.9575924596050269,0.9954089775403949,USD
VARADER0,438,13140000,0.9974406392694064,1.0,USD
Iriska7r,459,12393000,0.9945010893246188,0.9984810825490197,USD
