merchant_name,ads_count,total_volume,avg_finish_rate,avg_positive_rate,currency
Phantom Flow KH,514,726450000,0.9973268482490272,1.0,USD
Valiko_USDT,363,94380000,0.9972341597796143,0.9964895590082644,USD
金龙99Exchange,1697,25455000,0.9955044195639364,0.9674696405598114,USD
Global Merchant Pro,2422,20660000,0.9812246077621799,0.9681718743724196,USD
FAST RELEASE USDT,1944,19438056,1.0,0.9764427059002058,USD
KFF-Digital-Empire,1931,19310000,1.0,0.9847396742982911,USD
TLC-EXCHANGE-FAST,1776,17753834,0.999106981981982,0.9987071591047297,USD
CASHAPP_CHIME_P2P,563,15955000,0.9577140319715808,0.9954090187033748,USD
VARADER0,460,13800000,0.9974673913043478,0.9999987770434783,USD
Iriska7r,486,13122000,0.9942510288065844,0.9984814401851851,USD
