merchant_name,ads_count,total_volume,avg_finish_rate,avg_positive_rate,currency
Phantom Flow KH,922,1309450000,0.99520715835141,0.9999517955965292,USD
SoftTraders,81,405000000,0.9698024691358025,0.9970634914814814,USD
Valiko_USDT,400,104000000,0.996935,0.9964921469,USD
金龙99Exchange,3276,49140000,0.9940067155067155,0.967335139563492,USD
Global Merchant Pro,5046,46254000,0.9815620293301625,0.9660771790725328,USD
TLC-EXCHANGE-FAST,3590,35637071,0.9975927576601672,0.9987156108662952,USD
NBBC_SOLUTION,233,34251000,0.9176266094420602,0.8578857839484979,USD
KFF-Digital-Empire,3387,33870000,1.0,0.9848966820283437,USD
FAST RELEASE USDT,3209,32086791,1.0,0.9762886555126207,USD
VARADER0,891,26730000,0.9979820426487093,0.9999825984399551,USD
