merchant_name,ads_count,total_volume,avg_finish_rate,avg_positive_rate,currency
Phantom Flow KH,757,1090950000,0.9965865257595774,0.999941288692206,USD
Valiko_USDT,400,104000000,0.996935,0.9964921469,USD
金龙99Exchange,2318,34770000,0.9946294219154443,0.9673931001294219,USD
Global Merchant Pro,3403,30275000,0.9815592124595945,0.96735261553923,USD
KFF-Digital-Empire,2658,26580000,1.0,0.9848447679834461,USD
TLC-EXCHANGE-FAST,2535,25088126,0.9982556213017751,0.9987110690848126,USD
FAST RELEASE USDT,2262,22617738,1.0,0.9763038968611847,USD
SoftTraders,4,20000000,0.966,0.99706275,USD
Iriska7r,658,17766000,0.9928404255319149,0.9984837657598784,USD
VARADER0,590,17700000,0.9975847457627119,0.9999904692542373,USD
