merchant_name,ads_count,total_volume,avg_finish_rate,avg_positive_rate,currency
Phantom Flow KH,904,1282450000,0.9953506637168141,0.9999508357743363,USD
SoftTraders,81,405000000,0.9698024691358025,0.9970634914814814,USD
Valiko_USDT,400,104000000,0.996935,0.9964921469,USD
金龙99Exchange,3225,48375000,0.9940384496124031,0.9673327880589148,USD
Global Merchant Pro,4975,45578000,0.9814978894472363,0.9661308841728644,USD
TLC-EXCHANGE-FAST,3567,35407094,0.9976030277544155,0.998715516739557,USD
NBBC_SOLUTION,233,34251000,0.9176266094420602,0.8578857839484979,USD
KFF-Digital-Empire,3341,33410000,1.0,0.9848948234780005,USD
FAST RELEASE USDT,3158,31576842,1.0,0.9762915584515517,USD
Iriska7r,967,26109000,0.991598759048604,0.9984676741365047,USD
