merchant_name,ads_count,total_volume,avg_finish_rate,avg_positive_rate,currency
Phantom Flow KH,895,1268950000,0.9954245810055865,0.9999503413854748,USD
SoftTraders,81,405000000,0.9698024691358025,0.9970634914814814,USD
Valiko_USDT,400,104000000,0.996935,0.9964921469,USD
金龙99Exchange,3127,46905000,0.9941023345059162,0.9673280161560601,USD
Global Merchant Pro,4826,44140000,0.9814160795690013,0.9662351718462494,USD
TLC-EXCHANGE-FAST,3511,34847150,0.9976285958416405,0.9987153006978069,USD
NBBC_SOLUTION,233,34251000,0.9176266094420602,0.8578857839484979,USD
KFF-Digital-Empire,3293,32930000,1.0,0.984892929025205,USD
FAST RELEASE USDT,3071,30706929,1.0,0.9762975206512536,USD
VARADER0,849,25470000,0.9979316843345112,0.9999817375853945,USD
