merchant_name,ads_count,total_volume,avg_finish_rate,avg_positive_rate,currency
Phantom Flow KH,908,1288450000,0.995318281938326,0.9999510523568281,USD
SoftTraders,81,405000000,0.9698024691358025,0.9970634914814814,USD
Valiko_USDT,400,104000000,0.996935,0.9964921469,USD
金龙99Exchange,3230,48450000,0.994035294117647,0.9673331110804954,USD
Global Merchant Pro,4987,45704000,0.9815087226789653,0.966121699867656,USD
TLC-EXCHANGE-FAST,3570,35437091,0.997601680672269,0.9987155286078431,USD
NBBC_SOLUTION,233,34251000,0.9176266094420602,0.8578857839484979,USD
KFF-Digital-Empire,3347,33470000,1.0,0.9848950625575141,USD
FAST RELEASE USDT,3170,31696830,1.0,0.9762908276309149,USD
Iriska7r,967,26109000,0.991598759048604,0.9984676741365047,USD
