merchant_name,ads_count,total_volume,avg_finish_rate,avg_positive_rate,currency
Phantom Flow KH,710,1020450000,0.997069014084507,0.9999374021690141,USD
Valiko_USDT,400,104000000,0.996935,0.9964921469,USD
金龙99Exchange,2280,34200000,0.9946732456140351,0.9674016176666667,USD
Global Merchant Pro,3279,29295000,0.9815919487648673,0.9674755482098201,USD
KFF-Digital-Empire,2574,25740000,1.0,0.9848351332789433,USD
TLC-EXCHANGE-FAST,2452,24258209,0.998331973898858,0.9987106802324632,USD
FAST RELEASE USDT,2168,21677832,1.0,0.976328586900369,USD
SoftTraders,4,20000000,0.966,0.99706275,USD
Iriska7r,643,17361000,0.9929533437013998,0.9984835806687402,USD
VARADER0,561,16830000,0.9975632798573976,0.9999899765775401,USD
