merchant_name,ads_count,total_volume,avg_finish_rate,avg_positive_rate,currency
Phantom Flow KH,745,1072950000,0.9967087248322147,0.9999403430067114,USD
Valiko_USDT,400,104000000,0.996935,0.9964921469,USD
金龙99Exchange,2293,34395000,0.9946580898386395,0.9673988665154819,USD
Global Merchant Pro,3370,30065000,0.9815646884272997,0.9673828833501484,USD
KFF-Digital-Empire,2631,26310000,1.0,0.9848417204827062,USD
TLC-EXCHANGE-FAST,2507,24808154,0.9982808137215796,0.9987109390706024,USD
FAST RELEASE USDT,2228,22277772,1.0,0.9763102127962299,USD
SoftTraders,4,20000000,0.966,0.99706275,USD
Iriska7r,648,17496000,0.9929151234567901,0.9984836433179012,USD
VARADER0,574,17220000,0.9975731707317073,0.9999902035888502,USD
