merchant_name,ads_count,total_volume,avg_finish_rate,avg_positive_rate,currency
Phantom Flow KH,773,1114950000,0.9964385510996119,0.9999425039327295,USD
Valiko_USDT,400,104000000,0.996935,0.9964921469,USD
金龙99Exchange,2417,36255000,0.9945217211419115,0.9673706993876706,USD
Global Merchant Pro,3538,31520000,0.9815378745053702,0.9672326387083098,USD
KFF-Digital-Empire,2691,26910000,1.0,0.9848484096581196,USD
TLC-EXCHANGE-FAST,2583,25568078,0.9982137049941928,0.9987112923964383,USD
SoftTraders,5,25000000,0.9667999999999999,0.997062906,USD
FAST RELEASE USDT,2369,23687631,1.0,0.9762920747488392,USD
Iriska7r,700,18900000,0.9925628571428571,0.9984842765571429,USD
VARADER0,621,18630000,0.9976054750402576,0.9999909450241545,USD
