merchant_name,ads_count,total_volume,avg_finish_rate,avg_positive_rate,currency
Phantom Flow KH,683,979950000,0.9971288433382137,0.9999349275841873,USD
Valiko_USDT,400,104000000,0.996935,0.9964921469,USD
金龙99Exchange,2174,32610000,0.9948035878564857,0.9674230288546457,USD
Global Merchant Pro,3179,28480000,0.9816105693614344,0.9675653091223655,USD
KFF-Digital-Empire,2531,25310000,1.0,0.9848302023745555,USD
TLC-EXCHANGE-FAST,2410,23838251,0.9983726141078838,0.9987104887095437,USD
FAST RELEASE USDT,2105,21047895,1.0,0.9763555201377673,USD
SoftTraders,4,20000000,0.966,0.99706275,USD
CASHAPP_CHIME_P2P,586,16530000,0.958117747440273,0.9954092260238908,USD
Iriska7r,594,16038000,0.9933619528619528,0.9984829108922559,USD
