merchant_name,ads_count,total_volume,avg_finish_rate,avg_positive_rate,currency
Phantom Flow KH,673,964950000,0.9971456166419018,1.0,USD
Valiko_USDT,400,104000000,0.996935,0.9964921469,USD
金龙99Exchange,2147,32205000,0.9948388448998602,0.9674279108476945,USD
Global Merchant Pro,3147,28170000,0.9816224976167779,0.9675943140197013,USD
KFF-Digital-Empire,2486,24860000,1.0,0.9848249985639582,USD
TLC-EXCHANGE-FAST,2376,23498285,0.9984065656565656,0.9987103338215487,USD
FAST RELEASE USDT,2086,20857914,1.0,0.9763663448801534,USD
SoftTraders,4,20000000,0.966,0.99706275,USD
CASHAPP_CHIME_P2P,586,16530000,0.958117747440273,0.9954092260238908,USD
Iriska7r,585,15795000,0.9934444444444444,0.9984827763247864,USD
