merchant_name,ads_count,total_volume,avg_finish_rate,avg_positive_rate,currency
Phantom Flow KH,878,1243950000,0.9955489749430524,0.9999493798861048,USD
SoftTraders,81,405000000,0.9698024691358025,0.9970634914814814,USD
Valiko_USDT,400,104000000,0.996935,0.9964921469,USD
金龙99Exchange,2783,41745000,0.9942827883578872,0.9673219971577435,USD
Global Merchant Pro,4181,37720000,0.9814348242047357,0.9666962578210954,USD
TLC-EXCHANGE-FAST,3065,30387596,0.9978655791190865,0.9987134649331157,USD
KFF-Digital-Empire,3020,30200000,1.0,0.9848827731390729,USD
FAST RELEASE USDT,2839,28387161,1.0,0.9763031783057414,USD
NBBC_SOLUTION,164,24108000,0.9172865853658537,0.8578780599999999,USD
VARADER0,723,21690000,0.9977455048409405,0.9999785549239281,USD
