merchant_name,ads_count,total_volume,avg_finish_rate,avg_positive_rate,currency
Phantom Flow KH,819,1173950000,0.996020757020757,0.9999457332600732,USD
SoftTraders,46,230000000,0.9696521739130435,0.9970634621739131,USD
Valiko_USDT,400,104000000,0.996935,0.9964921469,USD
金龙99Exchange,2448,36720000,0.9944897875816994,0.9673643539828433,USD
Global Merchant Pro,3661,32750000,0.9815198033324228,0.9671223096667577,USD
KFF-Digital-Empire,2748,27480000,1.0,0.9848546523871907,USD
TLC-EXCHANGE-FAST,2679,26527982,0.9981343784994401,0.9987117310787607,USD
FAST RELEASE USDT,2447,24467553,1.0,0.9762903443073151,USD
Iriska7r,705,19035000,0.9925375886524823,0.9984843372907801,USD
VARADER0,622,18660000,0.9976061093247588,0.9999909595819936,USD
