merchant_name,ads_count,total_volume,avg_finish_rate,avg_positive_rate,currency
Phantom Flow KH,840,1199450000,0.9958452380952381,0.9999470899285714,USD
SoftTraders,81,405000000,0.9698024691358025,0.9970634914814814,USD
Valiko_USDT,400,104000000,0.996935,0.9964921469,USD
金龙99Exchange,2658,39870000,0.9943431151241535,0.9673342807223476,USD
Global Merchant Pro,3943,35465000,0.9814826274410348,0.9668859322723815,USD
KFF-Digital-Empire,2919,29190000,1.0,0.9848726278383009,USD
TLC-EXCHANGE-FAST,2897,28707764,0.9979737659647911,0.9987127080600622,USD
FAST RELEASE USDT,2664,26637336,1.0,0.9763042193093092,USD
VARADER0,685,20550000,0.9976759124087592,0.9999860727737226,USD
Iriska7r,753,20331000,0.99230411686587,0.9984740491633466,USD
