merchant_name,ads_count,total_volume,avg_finish_rate,avg_positive_rate,currency
Phantom Flow KH,819,1173950000,0.996020757020757,0.9999457332600732,USD
SoftTraders,60,300000000,0.9697333333333333,0.997063478,USD
Valiko_USDT,400,104000000,0.996935,0.9964921469,USD
金龙99Exchange,2482,37230000,0.994455680902498,0.9673585593755035,USD
Global Merchant Pro,3696,33135000,0.9815148809523809,0.9670922573024892,USD
KFF-Digital-Empire,2783,27830000,1.0,0.984858412040963,USD
TLC-EXCHANGE-FAST,2706,26797955,0.9981130820399112,0.9987118495048042,USD
FAST RELEASE USDT,2471,24707529,1.0,0.9762908856252529,USD
Iriska7r,705,19035000,0.9925375886524823,0.9984843372907801,USD
VARADER0,625,18750000,0.9976079999999999,0.999991002976,USD
