merchant_name,ads_count,total_volume,avg_finish_rate,avg_positive_rate,currency
Phantom Flow KH,923,1310950000,0.9951993499458288,0.9999518478223185,USD
SoftTraders,81,405000000,0.9698024691358025,0.9970634914814814,USD
Valiko_USDT,406,105560000,0.9968916256157635,0.9964925840886699,USD
金龙99Exchange,3340,50100000,0.9939682634730538,0.967336127002994,USD
Global Merchant Pro,5158,47394500,0.981680108569213,0.9659960122140365,USD
TLC-EXCHANGE-FAST,3629,36027032,0.9975756406723615,0.9987157756930283,USD
NBBC_SOLUTION,233,34251000,0.9176266094420602,0.8578857839484979,USD
KFF-Digital-Empire,3401,34010000,1.0,0.9848972695589533,USD
FAST RELEASE USDT,3235,32346765,1.0,0.9762873552828438,USD
VARADER0,925,27750000,0.9980194594594595,0.9999832380648649,USD
