merchant_name,ads_count,total_volume,avg_finish_rate,avg_positive_rate,currency
Phantom Flow KH,942,1339450000,0.9950541401273886,0.999952819044586,USD
SoftTraders,81,405000000,0.9698024691358025,0.9970634914814814,USD
Valiko_USDT,452,117520000,0.9965973451327433,0.9964955502654866,USD
魁拔KEN,263,113615000,0.9819391634980988,0.9972321879087452,USD
金龙99Exchange,3480,52200000,0.9939045977011495,0.9673274508678161,USD
Global Merchant Pro,5414,49948000,0.9819316586627262,0.9657884957960843,USD
TLC-EXCHANGE-FAST,3799,37726862,0.9975051329297183,0.9987165193787839,USD
KFF-Digital-Empire,3553,35530000,1.0,0.9849043476892767,USD
NBBC_SOLUTION,233,34251000,0.9176266094420602,0.8578857839484979,USD
FAST RELEASE USDT,3235,32346765,1.0,0.9762873552828438,USD
